ISO-10303-21;
HEADER;
/* Generated by software containing ST-Developer
 * from STEP Tools, Inc. (www.steptools.com) 
 */

FILE_DESCRIPTION(
/* description */ (''),
/* implementation_level */ '2;1');

FILE_NAME(
/* name */ 'krestles-case 3DP version.step',
/* time_stamp */ '2026-01-12T21:31:17+05:00',
/* author */ (''),
/* organization */ (''),
/* preprocessor_version */ 'ST-DEVELOPER v20.1',
/* originating_system */ 'Autodesk Translation Framework v14.21.0.0',
/* authorisation */ '');

FILE_SCHEMA (('AUTOMOTIVE_DESIGN { 1 0 10303 214 3 1 1 }'));
ENDSEC;

DATA;
#10=MECHANICAL_DESIGN_GEOMETRIC_PRESENTATION_REPRESENTATION('',(#13),#9708);
#11=SHAPE_REPRESENTATION_RELATIONSHIP('SRR','None',#9714,#12);
#12=ADVANCED_BREP_SHAPE_REPRESENTATION('',(#14),#9707);
#13=STYLED_ITEM('',(#9730),#14);
#14=MANIFOLD_SOLID_BREP('3dp ver',#4801);
#15=CONICAL_SURFACE('',#5234,3.25000000000004,0.785398163397324);
#16=CONICAL_SURFACE('',#5238,3.25000000000001,0.785398163397318);
#17=CONICAL_SURFACE('',#5252,3.25000000000004,0.785398163397431);
#18=CONICAL_SURFACE('',#5255,3.25,0.785398163397434);
#19=CONICAL_SURFACE('',#5261,3.25000000000005,0.785398163397465);
#20=CONICAL_SURFACE('',#5264,3.25000000000001,0.785398163397469);
#21=CONICAL_SURFACE('',#5270,3.25000000000005,0.78539816339734);
#22=CONICAL_SURFACE('',#5273,3.25000000000001,0.785398163397336);
#23=CONICAL_SURFACE('',#5282,0.775,1.17809724509617);
#24=CONICAL_SURFACE('',#5283,0.775,1.17809724509617);
#25=CONICAL_SURFACE('',#5284,0.775,1.17809724509617);
#26=CONICAL_SURFACE('',#5285,0.775,1.17809724509617);
#27=CONICAL_SURFACE('',#5287,0.775,1.17809724509617);
#28=CONICAL_SURFACE('',#5289,0.775,1.17809724509617);
#29=CONICAL_SURFACE('',#5290,0.775,1.17809724509617);
#30=CONICAL_SURFACE('',#5291,0.775,1.17809724509617);
#31=CONICAL_SURFACE('',#5332,1.62500000000001,0.982793723247324);
#32=CONICAL_SURFACE('',#5335,2.375,0.982793723247325);
#33=CONICAL_SURFACE('',#5338,2.37499999999999,0.982793723247323);
#34=CONICAL_SURFACE('',#5341,2.375,0.982793723247329);
#35=CONICAL_SURFACE('',#5344,2.375,0.98279372324733);
#36=CONICAL_SURFACE('',#5347,1.62500000000001,0.982793723247327);
#37=CONICAL_SURFACE('',#5355,5.50000000000005,0.785398163397449);
#38=CONICAL_SURFACE('',#5363,5.5,0.785398163397448);
#39=ELLIPSE('',#5198,2.23606797749978,0.999999999999998);
#40=ELLIPSE('',#5199,2.2360679774998,1.);
#41=ELLIPSE('',#5201,2.23606797749978,1.);
#42=ELLIPSE('',#5206,2.23606797749978,0.999999999999998);
#43=ELLIPSE('',#5208,2.2360679774998,1.);
#44=ELLIPSE('',#5213,2.23606797749978,0.999999999999998);
#45=ELLIPSE('',#5218,2.23606797749981,1.);
#46=ELLIPSE('',#5219,2.23606797749978,1.);
#47=FACE_BOUND('',#1240,.T.);
#48=FACE_BOUND('',#1247,.T.);
#49=FACE_BOUND('',#1254,.T.);
#50=FACE_BOUND('',#1261,.T.);
#51=FACE_BOUND('',#1269,.T.);
#52=FACE_BOUND('',#1279,.T.);
#53=FACE_BOUND('',#1283,.T.);
#54=FACE_BOUND('',#1414,.T.);
#55=FACE_BOUND('',#1415,.T.);
#56=FACE_BOUND('',#1416,.T.);
#57=FACE_BOUND('',#1417,.T.);
#58=FACE_BOUND('',#1450,.T.);
#59=FACE_BOUND('',#1454,.T.);
#60=FACE_BOUND('',#1519,.T.);
#61=PLANE('',#4826);
#62=PLANE('',#4836);
#63=PLANE('',#4842);
#64=PLANE('',#4861);
#65=PLANE('',#4880);
#66=PLANE('',#4901);
#67=PLANE('',#4926);
#68=PLANE('',#4937);
#69=PLANE('',#5160);
#70=PLANE('',#5163);
#71=PLANE('',#5166);
#72=PLANE('',#5169);
#73=PLANE('',#5177);
#74=PLANE('',#5202);
#75=PLANE('',#5209);
#76=PLANE('',#5214);
#77=PLANE('',#5215);
#78=PLANE('',#5225);
#79=PLANE('',#5228);
#80=PLANE('',#5229);
#81=PLANE('',#5230);
#82=PLANE('',#5231);
#83=PLANE('',#5232);
#84=PLANE('',#5233);
#85=PLANE('',#5237);
#86=PLANE('',#5243);
#87=PLANE('',#5244);
#88=PLANE('',#5251);
#89=PLANE('',#5254);
#90=PLANE('',#5259);
#91=PLANE('',#5260);
#92=PLANE('',#5263);
#93=PLANE('',#5268);
#94=PLANE('',#5269);
#95=PLANE('',#5272);
#96=PLANE('',#5277);
#97=PLANE('',#5280);
#98=PLANE('',#5281);
#99=PLANE('',#5296);
#100=PLANE('',#5297);
#101=PLANE('',#5300);
#102=PLANE('',#5303);
#103=PLANE('',#5304);
#104=PLANE('',#5306);
#105=PLANE('',#5308);
#106=PLANE('',#5310);
#107=PLANE('',#5321);
#108=PLANE('',#5324);
#109=PLANE('',#5331);
#110=PLANE('',#5334);
#111=PLANE('',#5337);
#112=PLANE('',#5340);
#113=PLANE('',#5343);
#114=PLANE('',#5346);
#115=PLANE('',#5349);
#116=PLANE('',#5350);
#117=PLANE('',#5351);
#118=PLANE('',#5354);
#119=PLANE('',#5357);
#120=PLANE('',#5362);
#121=PLANE('',#5365);
#122=PLANE('',#5366);
#123=PLANE('',#5368);
#124=PLANE('',#5370);
#125=PLANE('',#5373);
#126=PLANE('',#5375);
#127=PLANE('',#5377);
#128=PLANE('',#5379);
#129=PLANE('',#5381);
#130=PLANE('',#5383);
#131=PLANE('',#5385);
#132=PLANE('',#5386);
#133=PLANE('',#5387);
#134=PLANE('',#5388);
#135=PLANE('',#5389);
#136=LINE('',#6951,#452);
#137=LINE('',#6952,#453);
#138=LINE('',#7024,#454);
#139=LINE('',#7027,#455);
#140=LINE('',#7030,#456);
#141=LINE('',#7034,#457);
#142=LINE('',#7035,#458);
#143=LINE('',#7038,#459);
#144=LINE('',#7042,#460);
#145=LINE('',#7046,#461);
#146=LINE('',#7050,#462);
#147=LINE('',#7054,#463);
#148=LINE('',#7058,#464);
#149=LINE('',#7061,#465);
#150=LINE('',#7062,#466);
#151=LINE('',#7065,#467);
#152=LINE('',#7067,#468);
#153=LINE('',#7076,#469);
#154=LINE('',#7085,#470);
#155=LINE('',#7087,#471);
#156=LINE('',#7089,#472);
#157=LINE('',#7098,#473);
#158=LINE('',#7107,#474);
#159=LINE('',#7109,#475);
#160=LINE('',#7111,#476);
#161=LINE('',#7113,#477);
#162=LINE('',#7115,#478);
#163=LINE('',#7117,#479);
#164=LINE('',#7119,#480);
#165=LINE('',#7121,#481);
#166=LINE('',#7123,#482);
#167=LINE('',#7125,#483);
#168=LINE('',#7127,#484);
#169=LINE('',#7136,#485);
#170=LINE('',#7145,#486);
#171=LINE('',#7147,#487);
#172=LINE('',#7149,#488);
#173=LINE('',#7158,#489);
#174=LINE('',#7167,#490);
#175=LINE('',#7168,#491);
#176=LINE('',#7185,#492);
#177=LINE('',#7213,#493);
#178=LINE('',#7241,#494);
#179=LINE('',#7263,#495);
#180=LINE('',#7270,#496);
#181=LINE('',#7296,#497);
#182=LINE('',#7299,#498);
#183=LINE('',#7302,#499);
#184=LINE('',#7306,#500);
#185=LINE('',#7318,#501);
#186=LINE('',#7325,#502);
#187=LINE('',#7339,#503);
#188=LINE('',#7346,#504);
#189=LINE('',#7372,#505);
#190=LINE('',#7375,#506);
#191=LINE('',#7378,#507);
#192=LINE('',#7382,#508);
#193=LINE('',#7406,#509);
#194=LINE('',#7409,#510);
#195=LINE('',#7412,#511);
#196=LINE('',#7416,#512);
#197=LINE('',#7447,#513);
#198=LINE('',#7450,#514);
#199=LINE('',#7453,#515);
#200=LINE('',#7457,#516);
#201=LINE('',#7667,#517);
#202=LINE('',#7679,#518);
#203=LINE('',#7691,#519);
#204=LINE('',#7868,#520);
#205=LINE('',#7889,#521);
#206=LINE('',#7900,#522);
#207=LINE('',#7901,#523);
#208=LINE('',#7912,#524);
#209=LINE('',#7913,#525);
#210=LINE('',#7924,#526);
#211=LINE('',#7925,#527);
#212=LINE('',#7935,#528);
#213=LINE('',#7936,#529);
#214=LINE('',#7952,#530);
#215=LINE('',#7953,#531);
#216=LINE('',#7969,#532);
#217=LINE('',#7970,#533);
#218=LINE('',#7986,#534);
#219=LINE('',#7987,#535);
#220=LINE('',#8004,#536);
#221=LINE('',#8005,#537);
#222=LINE('',#8016,#538);
#223=LINE('',#8017,#539);
#224=LINE('',#8028,#540);
#225=LINE('',#8029,#541);
#226=LINE('',#8040,#542);
#227=LINE('',#8041,#543);
#228=LINE('',#8050,#544);
#229=LINE('',#8071,#545);
#230=LINE('',#8077,#546);
#231=LINE('',#8079,#547);
#232=LINE('',#8081,#548);
#233=LINE('',#8083,#549);
#234=LINE('',#8084,#550);
#235=LINE('',#8087,#551);
#236=LINE('',#8090,#552);
#237=LINE('',#8093,#553);
#238=LINE('',#8095,#554);
#239=LINE('',#8107,#555);
#240=LINE('',#8108,#556);
#241=LINE('',#8111,#557);
#242=LINE('',#8115,#558);
#243=LINE('',#8117,#559);
#244=LINE('',#8119,#560);
#245=LINE('',#8120,#561);
#246=LINE('',#8123,#562);
#247=LINE('',#8127,#563);
#248=LINE('',#8129,#564);
#249=LINE('',#8131,#565);
#250=LINE('',#8133,#566);
#251=LINE('',#8135,#567);
#252=LINE('',#8136,#568);
#253=LINE('',#8140,#569);
#254=LINE('',#8142,#570);
#255=LINE('',#8145,#571);
#256=LINE('',#8147,#572);
#257=LINE('',#8150,#573);
#258=LINE('',#8152,#574);
#259=LINE('',#8159,#575);
#260=LINE('',#8161,#576);
#261=LINE('',#8162,#577);
#262=LINE('',#8163,#578);
#263=LINE('',#8166,#579);
#264=LINE('',#8168,#580);
#265=LINE('',#8185,#581);
#266=LINE('',#8187,#582);
#267=LINE('',#8194,#583);
#268=LINE('',#8197,#584);
#269=LINE('',#8232,#585);
#270=LINE('',#8236,#586);
#271=LINE('',#8237,#587);
#272=LINE('',#8242,#588);
#273=LINE('',#8277,#589);
#274=LINE('',#8281,#590);
#275=LINE('',#8282,#591);
#276=LINE('',#8287,#592);
#277=LINE('',#8322,#593);
#278=LINE('',#8324,#594);
#279=LINE('',#8325,#595);
#280=LINE('',#8328,#596);
#281=LINE('',#8365,#597);
#282=LINE('',#8367,#598);
#283=LINE('',#8369,#599);
#284=LINE('',#8372,#600);
#285=LINE('',#8375,#601);
#286=LINE('',#8378,#602);
#287=LINE('',#8379,#603);
#288=LINE('',#8383,#604);
#289=LINE('',#8386,#605);
#290=LINE('',#8387,#606);
#291=LINE('',#8390,#607);
#292=LINE('',#8391,#608);
#293=LINE('',#8398,#609);
#294=LINE('',#8400,#610);
#295=LINE('',#8402,#611);
#296=LINE('',#8403,#612);
#297=LINE('',#8407,#613);
#298=LINE('',#8413,#614);
#299=LINE('',#8414,#615);
#300=LINE('',#8415,#616);
#301=LINE('',#8421,#617);
#302=LINE('',#8424,#618);
#303=LINE('',#8427,#619);
#304=LINE('',#8428,#620);
#305=LINE('',#8432,#621);
#306=LINE('',#8450,#622);
#307=LINE('',#8468,#623);
#308=LINE('',#8482,#624);
#309=LINE('',#8496,#625);
#310=LINE('',#8500,#626);
#311=LINE('',#8504,#627);
#312=LINE('',#8508,#628);
#313=LINE('',#8512,#629);
#314=LINE('',#8516,#630);
#315=LINE('',#8520,#631);
#316=LINE('',#8522,#632);
#317=LINE('',#8523,#633);
#318=LINE('',#8526,#634);
#319=LINE('',#8530,#635);
#320=LINE('',#8531,#636);
#321=LINE('',#8536,#637);
#322=LINE('',#8539,#638);
#323=LINE('',#8542,#639);
#324=LINE('',#8543,#640);
#325=LINE('',#8546,#641);
#326=LINE('',#8548,#642);
#327=LINE('',#8549,#643);
#328=LINE('',#8552,#644);
#329=LINE('',#8556,#645);
#330=LINE('',#8557,#646);
#331=LINE('',#8562,#647);
#332=LINE('',#8565,#648);
#333=LINE('',#8568,#649);
#334=LINE('',#8569,#650);
#335=LINE('',#8572,#651);
#336=LINE('',#8574,#652);
#337=LINE('',#8575,#653);
#338=LINE('',#8578,#654);
#339=LINE('',#8582,#655);
#340=LINE('',#8583,#656);
#341=LINE('',#8588,#657);
#342=LINE('',#8591,#658);
#343=LINE('',#8594,#659);
#344=LINE('',#8595,#660);
#345=LINE('',#8598,#661);
#346=LINE('',#8601,#662);
#347=LINE('',#8605,#663);
#348=LINE('',#8608,#664);
#349=LINE('',#8611,#665);
#350=LINE('',#8616,#666);
#351=LINE('',#8621,#667);
#352=LINE('',#8624,#668);
#353=LINE('',#8627,#669);
#354=LINE('',#8630,#670);
#355=LINE('',#8634,#671);
#356=LINE('',#8638,#672);
#357=LINE('',#8643,#673);
#358=LINE('',#8647,#674);
#359=LINE('',#8652,#675);
#360=LINE('',#8666,#676);
#361=LINE('',#8670,#677);
#362=LINE('',#8672,#678);
#363=LINE('',#8673,#679);
#364=LINE('',#8675,#680);
#365=LINE('',#8703,#681);
#366=LINE('',#8706,#682);
#367=LINE('',#8709,#683);
#368=LINE('',#8712,#684);
#369=LINE('',#8713,#685);
#370=LINE('',#8717,#686);
#371=LINE('',#8720,#687);
#372=LINE('',#8721,#688);
#373=LINE('',#8739,#689);
#374=LINE('',#8757,#690);
#375=LINE('',#8759,#691);
#376=LINE('',#8785,#692);
#377=LINE('',#8847,#693);
#378=LINE('',#8869,#694);
#379=LINE('',#8919,#695);
#380=LINE('',#8953,#696);
#381=LINE('',#8975,#697);
#382=LINE('',#8978,#698);
#383=LINE('',#8981,#699);
#384=LINE('',#8984,#700);
#385=LINE('',#8985,#701);
#386=LINE('',#8989,#702);
#387=LINE('',#8992,#703);
#388=LINE('',#8993,#704);
#389=LINE('',#8997,#705);
#390=LINE('',#9000,#706);
#391=LINE('',#9001,#707);
#392=LINE('',#9005,#708);
#393=LINE('',#9008,#709);
#394=LINE('',#9009,#710);
#395=LINE('',#9013,#711);
#396=LINE('',#9016,#712);
#397=LINE('',#9017,#713);
#398=LINE('',#9021,#714);
#399=LINE('',#9023,#715);
#400=LINE('',#9025,#716);
#401=LINE('',#9134,#717);
#402=LINE('',#9138,#718);
#403=LINE('',#9141,#719);
#404=LINE('',#9203,#720);
#405=LINE('',#9220,#721);
#406=LINE('',#9238,#722);
#407=LINE('',#9304,#723);
#408=LINE('',#9337,#724);
#409=LINE('',#9363,#725);
#410=LINE('',#9366,#726);
#411=LINE('',#9367,#727);
#412=LINE('',#9370,#728);
#413=LINE('',#9374,#729);
#414=LINE('',#9376,#730);
#415=LINE('',#9377,#731);
#416=LINE('',#9384,#732);
#417=LINE('',#9385,#733);
#418=LINE('',#9388,#734);
#419=LINE('',#9407,#735);
#420=LINE('',#9409,#736);
#421=LINE('',#9435,#737);
#422=LINE('',#9439,#738);
#423=LINE('',#9443,#739);
#424=LINE('',#9447,#740);
#425=LINE('',#9450,#741);
#426=LINE('',#9458,#742);
#427=LINE('',#9461,#743);
#428=LINE('',#9462,#744);
#429=LINE('',#9471,#745);
#430=LINE('',#9479,#746);
#431=LINE('',#9480,#747);
#432=LINE('',#9494,#748);
#433=LINE('',#9497,#749);
#434=LINE('',#9498,#750);
#435=LINE('',#9512,#751);
#436=LINE('',#9515,#752);
#437=LINE('',#9521,#753);
#438=LINE('',#9524,#754);
#439=LINE('',#9527,#755);
#440=LINE('',#9545,#756);
#441=LINE('',#9546,#757);
#442=LINE('',#9571,#758);
#443=LINE('',#9573,#759);
#444=LINE('',#9598,#760);
#445=LINE('',#9615,#761);
#446=LINE('',#9617,#762);
#447=LINE('',#9634,#763);
#448=LINE('',#9659,#764);
#449=LINE('',#9661,#765);
#450=LINE('',#9686,#766);
#451=LINE('',#9703,#767);
#452=VECTOR('',#5414,10.);
#453=VECTOR('',#5415,10.);
#454=VECTOR('',#5434,12.5);
#455=VECTOR('',#5437,12.5);
#456=VECTOR('',#5440,10.);
#457=VECTOR('',#5445,10.);
#458=VECTOR('',#5446,10.);
#459=VECTOR('',#5447,10.);
#460=VECTOR('',#5450,10.);
#461=VECTOR('',#5453,10.);
#462=VECTOR('',#5456,10.);
#463=VECTOR('',#5461,12.5);
#464=VECTOR('',#5466,12.5);
#465=VECTOR('',#5471,10.);
#466=VECTOR('',#5472,10.);
#467=VECTOR('',#5475,10.);
#468=VECTOR('',#5476,5.);
#469=VECTOR('',#5477,10.);
#470=VECTOR('',#5478,5.);
#471=VECTOR('',#5479,10.);
#472=VECTOR('',#5480,5.);
#473=VECTOR('',#5481,10.);
#474=VECTOR('',#5482,5.);
#475=VECTOR('',#5483,10.);
#476=VECTOR('',#5484,10.);
#477=VECTOR('',#5485,10.);
#478=VECTOR('',#5486,10.);
#479=VECTOR('',#5487,10.);
#480=VECTOR('',#5488,10.);
#481=VECTOR('',#5489,10.);
#482=VECTOR('',#5490,10.);
#483=VECTOR('',#5491,10.);
#484=VECTOR('',#5492,5.);
#485=VECTOR('',#5493,10.);
#486=VECTOR('',#5494,5.);
#487=VECTOR('',#5495,10.);
#488=VECTOR('',#5496,5.);
#489=VECTOR('',#5497,10.);
#490=VECTOR('',#5498,5.);
#491=VECTOR('',#5499,10.);
#492=VECTOR('',#5520,1.55);
#493=VECTOR('',#5559,1.55);
#494=VECTOR('',#5598,1.55);
#495=VECTOR('',#5629,1.55);
#496=VECTOR('',#5636,10.);
#497=VECTOR('',#5659,5.);
#498=VECTOR('',#5662,5.);
#499=VECTOR('',#5665,5.);
#500=VECTOR('',#5670,5.);
#501=VECTOR('',#5685,1.55);
#502=VECTOR('',#5692,10.);
#503=VECTOR('',#5709,1.55);
#504=VECTOR('',#5716,10.);
#505=VECTOR('',#5739,5.);
#506=VECTOR('',#5742,5.);
#507=VECTOR('',#5745,5.);
#508=VECTOR('',#5750,5.);
#509=VECTOR('',#5771,5.);
#510=VECTOR('',#5774,5.);
#511=VECTOR('',#5777,5.);
#512=VECTOR('',#5782,5.);
#513=VECTOR('',#5809,5.);
#514=VECTOR('',#5812,5.);
#515=VECTOR('',#5815,5.);
#516=VECTOR('',#5820,5.);
#517=VECTOR('',#5855,10.);
#518=VECTOR('',#5872,10.);
#519=VECTOR('',#5889,10.);
#520=VECTOR('',#5928,10.);
#521=VECTOR('',#5957,10.);
#522=VECTOR('',#5970,10.);
#523=VECTOR('',#5971,10.);
#524=VECTOR('',#5984,10.);
#525=VECTOR('',#5985,10.);
#526=VECTOR('',#5998,10.);
#527=VECTOR('',#5999,10.);
#528=VECTOR('',#6012,10.);
#529=VECTOR('',#6013,10.);
#530=VECTOR('',#6036,10.);
#531=VECTOR('',#6037,10.);
#532=VECTOR('',#6060,10.);
#533=VECTOR('',#6061,10.);
#534=VECTOR('',#6084,10.);
#535=VECTOR('',#6085,10.);
#536=VECTOR('',#6108,10.);
#537=VECTOR('',#6109,10.);
#538=VECTOR('',#6122,10.);
#539=VECTOR('',#6123,10.);
#540=VECTOR('',#6136,10.);
#541=VECTOR('',#6137,10.);
#542=VECTOR('',#6150,10.);
#543=VECTOR('',#6151,10.);
#544=VECTOR('',#6164,10.);
#545=VECTOR('',#6193,10.);
#546=VECTOR('',#6202,10.);
#547=VECTOR('',#6203,10.);
#548=VECTOR('',#6204,10.);
#549=VECTOR('',#6205,10.);
#550=VECTOR('',#6206,10.);
#551=VECTOR('',#6209,10.);
#552=VECTOR('',#6212,10.);
#553=VECTOR('',#6215,10.);
#554=VECTOR('',#6216,10.);
#555=VECTOR('',#6217,10.);
#556=VECTOR('',#6218,10.);
#557=VECTOR('',#6221,2.00000000000001);
#558=VECTOR('',#6226,10.);
#559=VECTOR('',#6227,10.);
#560=VECTOR('',#6228,10.);
#561=VECTOR('',#6229,10.);
#562=VECTOR('',#6232,10.);
#563=VECTOR('',#6237,10.);
#564=VECTOR('',#6238,10.);
#565=VECTOR('',#6239,10.);
#566=VECTOR('',#6240,10.);
#567=VECTOR('',#6241,2.);
#568=VECTOR('',#6242,10.);
#569=VECTOR('',#6249,5.);
#570=VECTOR('',#6252,5.);
#571=VECTOR('',#6257,5.);
#572=VECTOR('',#6260,5.);
#573=VECTOR('',#6263,10.);
#574=VECTOR('',#6264,10.);
#575=VECTOR('',#6265,2.);
#576=VECTOR('',#6266,10.);
#577=VECTOR('',#6267,10.);
#578=VECTOR('',#6268,10.);
#579=VECTOR('',#6273,5.);
#580=VECTOR('',#6276,5.);
#581=VECTOR('',#6301,5.);
#582=VECTOR('',#6304,5.);
#583=VECTOR('',#6311,10.);
#584=VECTOR('',#6314,10.);
#585=VECTOR('',#6321,10.);
#586=VECTOR('',#6326,10.);
#587=VECTOR('',#6327,10.);
#588=VECTOR('',#6332,10.);
#589=VECTOR('',#6339,10.);
#590=VECTOR('',#6344,10.);
#591=VECTOR('',#6345,10.);
#592=VECTOR('',#6350,10.);
#593=VECTOR('',#6357,10.);
#594=VECTOR('',#6358,10.);
#595=VECTOR('',#6359,10.);
#596=VECTOR('',#6362,10.);
#597=VECTOR('',#6373,10.);
#598=VECTOR('',#6376,10.);
#599=VECTOR('',#6379,10.);
#600=VECTOR('',#6382,10.);
#601=VECTOR('',#6385,10.);
#602=VECTOR('',#6388,10.);
#603=VECTOR('',#6389,10.);
#604=VECTOR('',#6394,10.);
#605=VECTOR('',#6397,1.8);
#606=VECTOR('',#6398,10.);
#607=VECTOR('',#6401,10.);
#608=VECTOR('',#6402,10.);
#609=VECTOR('',#6411,10.);
#610=VECTOR('',#6412,10.);
#611=VECTOR('',#6413,10.);
#612=VECTOR('',#6414,10.);
#613=VECTOR('',#6417,10.);
#614=VECTOR('',#6424,10.);
#615=VECTOR('',#6425,10.);
#616=VECTOR('',#6426,10.);
#617=VECTOR('',#6435,10.);
#618=VECTOR('',#6438,10.);
#619=VECTOR('',#6441,10.);
#620=VECTOR('',#6442,10.);
#621=VECTOR('',#6445,10.);
#622=VECTOR('',#6446,10.);
#623=VECTOR('',#6447,10.);
#624=VECTOR('',#6448,10.);
#625=VECTOR('',#6449,10.);
#626=VECTOR('',#6452,10.);
#627=VECTOR('',#6455,10.);
#628=VECTOR('',#6458,10.);
#629=VECTOR('',#6461,10.);
#630=VECTOR('',#6464,10.);
#631=VECTOR('',#6469,10.);
#632=VECTOR('',#6470,10.);
#633=VECTOR('',#6471,10.);
#634=VECTOR('',#6474,10.);
#635=VECTOR('',#6479,10.);
#636=VECTOR('',#6480,10.);
#637=VECTOR('',#6487,10.);
#638=VECTOR('',#6490,10.);
#639=VECTOR('',#6493,10.);
#640=VECTOR('',#6494,10.);
#641=VECTOR('',#6497,10.);
#642=VECTOR('',#6498,10.);
#643=VECTOR('',#6499,10.);
#644=VECTOR('',#6502,10.);
#645=VECTOR('',#6507,10.);
#646=VECTOR('',#6508,10.);
#647=VECTOR('',#6515,10.);
#648=VECTOR('',#6518,10.);
#649=VECTOR('',#6521,10.);
#650=VECTOR('',#6522,10.);
#651=VECTOR('',#6525,10.);
#652=VECTOR('',#6526,10.);
#653=VECTOR('',#6527,10.);
#654=VECTOR('',#6530,10.);
#655=VECTOR('',#6535,10.);
#656=VECTOR('',#6536,10.);
#657=VECTOR('',#6543,10.);
#658=VECTOR('',#6546,10.);
#659=VECTOR('',#6549,10.);
#660=VECTOR('',#6550,10.);
#661=VECTOR('',#6553,10.);
#662=VECTOR('',#6558,10.);
#663=VECTOR('',#6563,0.775);
#664=VECTOR('',#6566,0.775);
#665=VECTOR('',#6569,0.775);
#666=VECTOR('',#6574,0.775);
#667=VECTOR('',#6579,0.775);
#668=VECTOR('',#6582,0.775);
#669=VECTOR('',#6585,0.775);
#670=VECTOR('',#6588,0.775);
#671=VECTOR('',#6593,1.55);
#672=VECTOR('',#6598,1.55);
#673=VECTOR('',#6603,10.);
#674=VECTOR('',#6606,10.);
#675=VECTOR('',#6611,10.);
#676=VECTOR('',#6634,10.);
#677=VECTOR('',#6641,10.);
#678=VECTOR('',#6644,10.);
#679=VECTOR('',#6645,10.);
#680=VECTOR('',#6648,10.);
#681=VECTOR('',#6653,10.);
#682=VECTOR('',#6656,10.);
#683=VECTOR('',#6659,10.);
#684=VECTOR('',#6662,10.);
#685=VECTOR('',#6663,10.);
#686=VECTOR('',#6668,10.);
#687=VECTOR('',#6671,10.);
#688=VECTOR('',#6672,10.);
#689=VECTOR('',#6687,10.);
#690=VECTOR('',#6688,10.);
#691=VECTOR('',#6689,10.);
#692=VECTOR('',#6690,10.);
#693=VECTOR('',#6691,10.);
#694=VECTOR('',#6692,10.);
#695=VECTOR('',#6693,10.);
#696=VECTOR('',#6694,10.);
#697=VECTOR('',#6695,10.);
#698=VECTOR('',#6698,10.);
#699=VECTOR('',#6701,10.);
#700=VECTOR('',#6704,10.);
#701=VECTOR('',#6705,10.);
#702=VECTOR('',#6710,10.);
#703=VECTOR('',#6713,10.);
#704=VECTOR('',#6714,10.);
#705=VECTOR('',#6719,10.);
#706=VECTOR('',#6722,10.);
#707=VECTOR('',#6723,10.);
#708=VECTOR('',#6728,10.);
#709=VECTOR('',#6731,10.);
#710=VECTOR('',#6732,10.);
#711=VECTOR('',#6737,10.);
#712=VECTOR('',#6740,10.);
#713=VECTOR('',#6741,10.);
#714=VECTOR('',#6746,10.);
#715=VECTOR('',#6749,10.);
#716=VECTOR('',#6752,10.);
#717=VECTOR('',#6755,10.);
#718=VECTOR('',#6758,10.);
#719=VECTOR('',#6761,10.);
#720=VECTOR('',#6762,10.);
#721=VECTOR('',#6763,10.);
#722=VECTOR('',#6764,10.);
#723=VECTOR('',#6765,10.);
#724=VECTOR('',#6766,10.);
#725=VECTOR('',#6767,10.);
#726=VECTOR('',#6770,10.);
#727=VECTOR('',#6771,10.);
#728=VECTOR('',#6774,10.);
#729=VECTOR('',#6779,10.);
#730=VECTOR('',#6780,10.);
#731=VECTOR('',#6781,1.8);
#732=VECTOR('',#6792,10.);
#733=VECTOR('',#6793,10.);
#734=VECTOR('',#6796,10.);
#735=VECTOR('',#6799,10.);
#736=VECTOR('',#6800,10.);
#737=VECTOR('',#6803,10.);
#738=VECTOR('',#6808,10.);
#739=VECTOR('',#6813,10.);
#740=VECTOR('',#6818,10.);
#741=VECTOR('',#6821,10.);
#742=VECTOR('',#6822,12.);
#743=VECTOR('',#6825,10.);
#744=VECTOR('',#6826,10.);
#745=VECTOR('',#6829,10.);
#746=VECTOR('',#6832,10.);
#747=VECTOR('',#6833,10.);
#748=VECTOR('',#6836,6.00000000000005);
#749=VECTOR('',#6839,10.);
#750=VECTOR('',#6840,10.);
#751=VECTOR('',#6843,6.);
#752=VECTOR('',#6846,10.);
#753=VECTOR('',#6849,10.);
#754=VECTOR('',#6854,10.);
#755=VECTOR('',#6859,10.);
#756=VECTOR('',#6862,10.);
#757=VECTOR('',#6863,10.);
#758=VECTOR('',#6864,10.);
#759=VECTOR('',#6867,10.);
#760=VECTOR('',#6868,10.);
#761=VECTOR('',#6869,10.);
#762=VECTOR('',#6872,10.);
#763=VECTOR('',#6873,10.);
#764=VECTOR('',#6874,10.);
#765=VECTOR('',#6877,10.);
#766=VECTOR('',#6878,10.);
#767=VECTOR('',#6879,10.);
#768=CYLINDRICAL_SURFACE('',#4812,0.5);
#769=CYLINDRICAL_SURFACE('',#4822,12.5);
#770=CYLINDRICAL_SURFACE('',#4824,2.5);
#771=CYLINDRICAL_SURFACE('',#4831,2.5);
#772=CYLINDRICAL_SURFACE('',#4833,12.5);
#773=CYLINDRICAL_SURFACE('',#4835,0.5);
#774=CYLINDRICAL_SURFACE('',#4846,1.55);
#775=CYLINDRICAL_SURFACE('',#4865,1.55);
#776=CYLINDRICAL_SURFACE('',#4884,1.55);
#777=CYLINDRICAL_SURFACE('',#4899,1.55);
#778=CYLINDRICAL_SURFACE('',#4913,5.);
#779=CYLINDRICAL_SURFACE('',#4915,3.75);
#780=CYLINDRICAL_SURFACE('',#4917,5.);
#781=CYLINDRICAL_SURFACE('',#4924,1.55);
#782=CYLINDRICAL_SURFACE('',#4935,1.55);
#783=CYLINDRICAL_SURFACE('',#4949,5.);
#784=CYLINDRICAL_SURFACE('',#4951,3.75);
#785=CYLINDRICAL_SURFACE('',#4953,5.);
#786=CYLINDRICAL_SURFACE('',#4963,5.);
#787=CYLINDRICAL_SURFACE('',#4965,3.75);
#788=CYLINDRICAL_SURFACE('',#4967,5.);
#789=CYLINDRICAL_SURFACE('',#4980,5.);
#790=CYLINDRICAL_SURFACE('',#4982,3.75);
#791=CYLINDRICAL_SURFACE('',#4984,5.);
#792=CYLINDRICAL_SURFACE('',#5000,0.5);
#793=CYLINDRICAL_SURFACE('',#5008,0.5);
#794=CYLINDRICAL_SURFACE('',#5016,0.5);
#795=CYLINDRICAL_SURFACE('',#5035,0.5);
#796=CYLINDRICAL_SURFACE('',#5049,0.5);
#797=CYLINDRICAL_SURFACE('',#5055,0.5);
#798=CYLINDRICAL_SURFACE('',#5061,0.5);
#799=CYLINDRICAL_SURFACE('',#5067,0.5);
#800=CYLINDRICAL_SURFACE('',#5073,0.5);
#801=CYLINDRICAL_SURFACE('',#5084,0.5);
#802=CYLINDRICAL_SURFACE('',#5095,0.5);
#803=CYLINDRICAL_SURFACE('',#5106,0.5);
#804=CYLINDRICAL_SURFACE('',#5117,0.5);
#805=CYLINDRICAL_SURFACE('',#5123,0.5);
#806=CYLINDRICAL_SURFACE('',#5129,0.5);
#807=CYLINDRICAL_SURFACE('',#5135,0.5);
#808=CYLINDRICAL_SURFACE('',#5141,0.5);
#809=CYLINDRICAL_SURFACE('',#5155,0.5);
#810=CYLINDRICAL_SURFACE('',#5161,5.);
#811=CYLINDRICAL_SURFACE('',#5164,2.00000000000001);
#812=CYLINDRICAL_SURFACE('',#5167,5.);
#813=CYLINDRICAL_SURFACE('',#5170,5.);
#814=CYLINDRICAL_SURFACE('',#5172,5.);
#815=CYLINDRICAL_SURFACE('',#5173,3.75);
#816=CYLINDRICAL_SURFACE('',#5174,5.);
#817=CYLINDRICAL_SURFACE('',#5175,5.);
#818=CYLINDRICAL_SURFACE('',#5176,3.75);
#819=CYLINDRICAL_SURFACE('',#5178,5.);
#820=CYLINDRICAL_SURFACE('',#5179,5.);
#821=CYLINDRICAL_SURFACE('',#5180,3.75);
#822=CYLINDRICAL_SURFACE('',#5192,5.);
#823=CYLINDRICAL_SURFACE('',#5193,3.75);
#824=CYLINDRICAL_SURFACE('',#5194,5.);
#825=CYLINDRICAL_SURFACE('',#5195,1.);
#826=CYLINDRICAL_SURFACE('',#5200,1.);
#827=CYLINDRICAL_SURFACE('',#5203,1.);
#828=CYLINDRICAL_SURFACE('',#5207,1.);
#829=CYLINDRICAL_SURFACE('',#5210,1.);
#830=CYLINDRICAL_SURFACE('',#5220,1.);
#831=CYLINDRICAL_SURFACE('',#5221,1.);
#832=CYLINDRICAL_SURFACE('',#5222,1.);
#833=CYLINDRICAL_SURFACE('',#5223,1.80000000000002);
#834=CYLINDRICAL_SURFACE('',#5226,1.79999999999925);
#835=CYLINDRICAL_SURFACE('',#5241,3.00000000000004);
#836=CYLINDRICAL_SURFACE('',#5257,3.00000000000004);
#837=CYLINDRICAL_SURFACE('',#5266,3.00000000000004);
#838=CYLINDRICAL_SURFACE('',#5275,3.00000000000004);
#839=CYLINDRICAL_SURFACE('',#5278,3.);
#840=CYLINDRICAL_SURFACE('',#5292,1.55);
#841=CYLINDRICAL_SURFACE('',#5294,1.55);
#842=CYLINDRICAL_SURFACE('',#5313,5.);
#843=CYLINDRICAL_SURFACE('',#5314,5.);
#844=CYLINDRICAL_SURFACE('',#5315,5.);
#845=CYLINDRICAL_SURFACE('',#5316,5.);
#846=CYLINDRICAL_SURFACE('',#5317,2.);
#847=CYLINDRICAL_SURFACE('',#5318,2.);
#848=CYLINDRICAL_SURFACE('',#5319,2.);
#849=CYLINDRICAL_SURFACE('',#5322,2.);
#850=CYLINDRICAL_SURFACE('',#5325,1.99999999999999);
#851=CYLINDRICAL_SURFACE('',#5327,2.);
#852=CYLINDRICAL_SURFACE('',#5329,2.);
#853=CYLINDRICAL_SURFACE('',#5358,1.8);
#854=CYLINDRICAL_SURFACE('',#5360,1.8);
#855=CYLINDRICAL_SURFACE('',#5372,12.);
#856=CYLINDRICAL_SURFACE('',#5374,12.);
#857=CYLINDRICAL_SURFACE('',#5376,6.00000000000005);
#858=CYLINDRICAL_SURFACE('',#5378,6.);
#859=CYLINDRICAL_SURFACE('',#5380,3.00000000000001);
#860=CYLINDRICAL_SURFACE('',#5382,3.);
#861=CYLINDRICAL_SURFACE('',#5384,3.00000000000001);
#862=TOROIDAL_SURFACE('',#4804,13.,0.5);
#863=TOROIDAL_SURFACE('',#4808,2.,0.5);
#864=TOROIDAL_SURFACE('',#4814,2.,0.5);
#865=TOROIDAL_SURFACE('',#4818,13.,0.5);
#866=TOROIDAL_SURFACE('',#4837,2.05,0.5);
#867=TOROIDAL_SURFACE('',#4848,5.5,0.5);
#868=TOROIDAL_SURFACE('',#4851,3.25,0.5);
#869=TOROIDAL_SURFACE('',#4854,5.5,0.5);
#870=TOROIDAL_SURFACE('',#4856,2.05,0.5);
#871=TOROIDAL_SURFACE('',#4867,5.5,0.5);
#872=TOROIDAL_SURFACE('',#4870,3.25,0.5);
#873=TOROIDAL_SURFACE('',#4873,5.5,0.5);
#874=TOROIDAL_SURFACE('',#4875,2.05,0.5);
#875=TOROIDAL_SURFACE('',#4886,5.5,0.5);
#876=TOROIDAL_SURFACE('',#4889,3.25,0.5);
#877=TOROIDAL_SURFACE('',#4892,5.5,0.5);
#878=TOROIDAL_SURFACE('',#4894,2.05,0.5);
#879=TOROIDAL_SURFACE('',#4905,5.5,0.5);
#880=TOROIDAL_SURFACE('',#4908,3.25,0.5);
#881=TOROIDAL_SURFACE('',#4911,5.5,0.5);
#882=TOROIDAL_SURFACE('',#4919,2.05,0.5);
#883=TOROIDAL_SURFACE('',#4930,2.05,0.5);
#884=TOROIDAL_SURFACE('',#4941,5.5,0.5);
#885=TOROIDAL_SURFACE('',#4944,3.25,0.5);
#886=TOROIDAL_SURFACE('',#4947,5.5,0.5);
#887=TOROIDAL_SURFACE('',#4955,5.5,0.5);
#888=TOROIDAL_SURFACE('',#4958,3.25,0.5);
#889=TOROIDAL_SURFACE('',#4961,5.5,0.5);
#890=TOROIDAL_SURFACE('',#4969,5.5,0.5);
#891=TOROIDAL_SURFACE('',#4973,3.25,0.5);
#892=TOROIDAL_SURFACE('',#4977,5.5,0.5);
#893=TOROIDAL_SURFACE('',#4986,4.25,0.5);
#894=TOROIDAL_SURFACE('',#4992,4.25,0.5);
#895=TOROIDAL_SURFACE('',#4996,4.5,0.5);
#896=TOROIDAL_SURFACE('',#5002,13.,0.5);
#897=TOROIDAL_SURFACE('',#5005,2.,0.5);
#898=TOROIDAL_SURFACE('',#5010,2.,0.5);
#899=TOROIDAL_SURFACE('',#5013,13.,0.5);
#900=TOROIDAL_SURFACE('',#5018,4.5,0.5);
#901=TOROIDAL_SURFACE('',#5022,4.25,0.5);
#902=TOROIDAL_SURFACE('',#5027,4.25,0.5);
#903=TOROIDAL_SURFACE('',#5031,4.5,0.5);
#904=TOROIDAL_SURFACE('',#5037,4.5,0.5);
#905=TOROIDAL_SURFACE('',#5041,4.25,0.5);
#906=TOROIDAL_SURFACE('',#5045,4.5,0.5);
#907=TOROIDAL_SURFACE('',#5051,4.5,0.5);
#908=TOROIDAL_SURFACE('',#5057,4.5,0.5);
#909=TOROIDAL_SURFACE('',#5063,2.50000000000001,0.5);
#910=TOROIDAL_SURFACE('',#5069,4.5,0.5);
#911=TOROIDAL_SURFACE('',#5075,4.5,0.5);
#912=TOROIDAL_SURFACE('',#5078,4.25,0.5);
#913=TOROIDAL_SURFACE('',#5081,4.5,0.5);
#914=TOROIDAL_SURFACE('',#5086,4.5,0.5);
#915=TOROIDAL_SURFACE('',#5089,4.25,0.5);
#916=TOROIDAL_SURFACE('',#5092,4.5,0.5);
#917=TOROIDAL_SURFACE('',#5097,4.5,0.5);
#918=TOROIDAL_SURFACE('',#5100,4.25,0.5);
#919=TOROIDAL_SURFACE('',#5103,4.5,0.5);
#920=TOROIDAL_SURFACE('',#5108,4.5,0.5);
#921=TOROIDAL_SURFACE('',#5111,4.25,0.5);
#922=TOROIDAL_SURFACE('',#5114,4.5,0.5);
#923=TOROIDAL_SURFACE('',#5119,4.5,0.5);
#924=TOROIDAL_SURFACE('',#5125,2.5,0.5);
#925=TOROIDAL_SURFACE('',#5131,4.5,0.5);
#926=TOROIDAL_SURFACE('',#5137,4.5,0.5);
#927=TOROIDAL_SURFACE('',#5143,4.5,0.5);
#928=TOROIDAL_SURFACE('',#5147,4.25,0.5);
#929=TOROIDAL_SURFACE('',#5151,4.5,0.5);
#930=TOROIDAL_SURFACE('',#5157,4.5,0.5);
#931=TOROIDAL_SURFACE('',#5181,5.5,0.5);
#932=TOROIDAL_SURFACE('',#5185,3.25,0.5);
#933=TOROIDAL_SURFACE('',#5189,5.5,0.5);
#934=FACE_OUTER_BOUND('',#1230,.T.);
#935=FACE_OUTER_BOUND('',#1231,.T.);
#936=FACE_OUTER_BOUND('',#1232,.T.);
#937=FACE_OUTER_BOUND('',#1233,.T.);
#938=FACE_OUTER_BOUND('',#1234,.T.);
#939=FACE_OUTER_BOUND('',#1235,.T.);
#940=FACE_OUTER_BOUND('',#1236,.T.);
#941=FACE_OUTER_BOUND('',#1237,.T.);
#942=FACE_OUTER_BOUND('',#1238,.T.);
#943=FACE_OUTER_BOUND('',#1239,.T.);
#944=FACE_OUTER_BOUND('',#1241,.T.);
#945=FACE_OUTER_BOUND('',#1242,.T.);
#946=FACE_OUTER_BOUND('',#1243,.T.);
#947=FACE_OUTER_BOUND('',#1244,.T.);
#948=FACE_OUTER_BOUND('',#1245,.T.);
#949=FACE_OUTER_BOUND('',#1246,.T.);
#950=FACE_OUTER_BOUND('',#1248,.T.);
#951=FACE_OUTER_BOUND('',#1249,.T.);
#952=FACE_OUTER_BOUND('',#1250,.T.);
#953=FACE_OUTER_BOUND('',#1251,.T.);
#954=FACE_OUTER_BOUND('',#1252,.T.);
#955=FACE_OUTER_BOUND('',#1253,.T.);
#956=FACE_OUTER_BOUND('',#1255,.T.);
#957=FACE_OUTER_BOUND('',#1256,.T.);
#958=FACE_OUTER_BOUND('',#1257,.T.);
#959=FACE_OUTER_BOUND('',#1258,.T.);
#960=FACE_OUTER_BOUND('',#1259,.T.);
#961=FACE_OUTER_BOUND('',#1260,.T.);
#962=FACE_OUTER_BOUND('',#1262,.T.);
#963=FACE_OUTER_BOUND('',#1263,.T.);
#964=FACE_OUTER_BOUND('',#1264,.T.);
#965=FACE_OUTER_BOUND('',#1265,.T.);
#966=FACE_OUTER_BOUND('',#1266,.T.);
#967=FACE_OUTER_BOUND('',#1267,.T.);
#968=FACE_OUTER_BOUND('',#1268,.T.);
#969=FACE_OUTER_BOUND('',#1270,.T.);
#970=FACE_OUTER_BOUND('',#1271,.T.);
#971=FACE_OUTER_BOUND('',#1272,.T.);
#972=FACE_OUTER_BOUND('',#1273,.T.);
#973=FACE_OUTER_BOUND('',#1274,.T.);
#974=FACE_OUTER_BOUND('',#1275,.T.);
#975=FACE_OUTER_BOUND('',#1276,.T.);
#976=FACE_OUTER_BOUND('',#1277,.T.);
#977=FACE_OUTER_BOUND('',#1278,.T.);
#978=FACE_OUTER_BOUND('',#1280,.T.);
#979=FACE_OUTER_BOUND('',#1281,.T.);
#980=FACE_OUTER_BOUND('',#1282,.T.);
#981=FACE_OUTER_BOUND('',#1284,.T.);
#982=FACE_OUTER_BOUND('',#1285,.T.);
#983=FACE_OUTER_BOUND('',#1286,.T.);
#984=FACE_OUTER_BOUND('',#1287,.T.);
#985=FACE_OUTER_BOUND('',#1288,.T.);
#986=FACE_OUTER_BOUND('',#1289,.T.);
#987=FACE_OUTER_BOUND('',#1290,.T.);
#988=FACE_OUTER_BOUND('',#1291,.T.);
#989=FACE_OUTER_BOUND('',#1292,.T.);
#990=FACE_OUTER_BOUND('',#1293,.T.);
#991=FACE_OUTER_BOUND('',#1294,.T.);
#992=FACE_OUTER_BOUND('',#1295,.T.);
#993=FACE_OUTER_BOUND('',#1296,.T.);
#994=FACE_OUTER_BOUND('',#1297,.T.);
#995=FACE_OUTER_BOUND('',#1298,.T.);
#996=FACE_OUTER_BOUND('',#1299,.T.);
#997=FACE_OUTER_BOUND('',#1300,.T.);
#998=FACE_OUTER_BOUND('',#1301,.T.);
#999=FACE_OUTER_BOUND('',#1302,.T.);
#1000=FACE_OUTER_BOUND('',#1303,.T.);
#1001=FACE_OUTER_BOUND('',#1304,.T.);
#1002=FACE_OUTER_BOUND('',#1305,.T.);
#1003=FACE_OUTER_BOUND('',#1306,.T.);
#1004=FACE_OUTER_BOUND('',#1307,.T.);
#1005=FACE_OUTER_BOUND('',#1308,.T.);
#1006=FACE_OUTER_BOUND('',#1309,.T.);
#1007=FACE_OUTER_BOUND('',#1310,.T.);
#1008=FACE_OUTER_BOUND('',#1311,.T.);
#1009=FACE_OUTER_BOUND('',#1312,.T.);
#1010=FACE_OUTER_BOUND('',#1313,.T.);
#1011=FACE_OUTER_BOUND('',#1314,.T.);
#1012=FACE_OUTER_BOUND('',#1315,.T.);
#1013=FACE_OUTER_BOUND('',#1316,.T.);
#1014=FACE_OUTER_BOUND('',#1317,.T.);
#1015=FACE_OUTER_BOUND('',#1318,.T.);
#1016=FACE_OUTER_BOUND('',#1319,.T.);
#1017=FACE_OUTER_BOUND('',#1320,.T.);
#1018=FACE_OUTER_BOUND('',#1321,.T.);
#1019=FACE_OUTER_BOUND('',#1322,.T.);
#1020=FACE_OUTER_BOUND('',#1323,.T.);
#1021=FACE_OUTER_BOUND('',#1324,.T.);
#1022=FACE_OUTER_BOUND('',#1325,.T.);
#1023=FACE_OUTER_BOUND('',#1326,.T.);
#1024=FACE_OUTER_BOUND('',#1327,.T.);
#1025=FACE_OUTER_BOUND('',#1328,.T.);
#1026=FACE_OUTER_BOUND('',#1329,.T.);
#1027=FACE_OUTER_BOUND('',#1330,.T.);
#1028=FACE_OUTER_BOUND('',#1331,.T.);
#1029=FACE_OUTER_BOUND('',#1332,.T.);
#1030=FACE_OUTER_BOUND('',#1333,.T.);
#1031=FACE_OUTER_BOUND('',#1334,.T.);
#1032=FACE_OUTER_BOUND('',#1335,.T.);
#1033=FACE_OUTER_BOUND('',#1336,.T.);
#1034=FACE_OUTER_BOUND('',#1337,.T.);
#1035=FACE_OUTER_BOUND('',#1338,.T.);
#1036=FACE_OUTER_BOUND('',#1339,.T.);
#1037=FACE_OUTER_BOUND('',#1340,.T.);
#1038=FACE_OUTER_BOUND('',#1341,.T.);
#1039=FACE_OUTER_BOUND('',#1342,.T.);
#1040=FACE_OUTER_BOUND('',#1343,.T.);
#1041=FACE_OUTER_BOUND('',#1344,.T.);
#1042=FACE_OUTER_BOUND('',#1345,.T.);
#1043=FACE_OUTER_BOUND('',#1346,.T.);
#1044=FACE_OUTER_BOUND('',#1347,.T.);
#1045=FACE_OUTER_BOUND('',#1348,.T.);
#1046=FACE_OUTER_BOUND('',#1349,.T.);
#1047=FACE_OUTER_BOUND('',#1350,.T.);
#1048=FACE_OUTER_BOUND('',#1351,.T.);
#1049=FACE_OUTER_BOUND('',#1352,.T.);
#1050=FACE_OUTER_BOUND('',#1353,.T.);
#1051=FACE_OUTER_BOUND('',#1354,.T.);
#1052=FACE_OUTER_BOUND('',#1355,.T.);
#1053=FACE_OUTER_BOUND('',#1356,.T.);
#1054=FACE_OUTER_BOUND('',#1357,.T.);
#1055=FACE_OUTER_BOUND('',#1358,.T.);
#1056=FACE_OUTER_BOUND('',#1359,.T.);
#1057=FACE_OUTER_BOUND('',#1360,.T.);
#1058=FACE_OUTER_BOUND('',#1361,.T.);
#1059=FACE_OUTER_BOUND('',#1362,.T.);
#1060=FACE_OUTER_BOUND('',#1363,.T.);
#1061=FACE_OUTER_BOUND('',#1364,.T.);
#1062=FACE_OUTER_BOUND('',#1365,.T.);
#1063=FACE_OUTER_BOUND('',#1366,.T.);
#1064=FACE_OUTER_BOUND('',#1367,.T.);
#1065=FACE_OUTER_BOUND('',#1368,.T.);
#1066=FACE_OUTER_BOUND('',#1369,.T.);
#1067=FACE_OUTER_BOUND('',#1370,.T.);
#1068=FACE_OUTER_BOUND('',#1371,.T.);
#1069=FACE_OUTER_BOUND('',#1372,.T.);
#1070=FACE_OUTER_BOUND('',#1373,.T.);
#1071=FACE_OUTER_BOUND('',#1374,.T.);
#1072=FACE_OUTER_BOUND('',#1375,.T.);
#1073=FACE_OUTER_BOUND('',#1376,.T.);
#1074=FACE_OUTER_BOUND('',#1377,.T.);
#1075=FACE_OUTER_BOUND('',#1378,.T.);
#1076=FACE_OUTER_BOUND('',#1379,.T.);
#1077=FACE_OUTER_BOUND('',#1380,.T.);
#1078=FACE_OUTER_BOUND('',#1381,.T.);
#1079=FACE_OUTER_BOUND('',#1382,.T.);
#1080=FACE_OUTER_BOUND('',#1383,.T.);
#1081=FACE_OUTER_BOUND('',#1384,.T.);
#1082=FACE_OUTER_BOUND('',#1385,.T.);
#1083=FACE_OUTER_BOUND('',#1386,.T.);
#1084=FACE_OUTER_BOUND('',#1387,.T.);
#1085=FACE_OUTER_BOUND('',#1388,.T.);
#1086=FACE_OUTER_BOUND('',#1389,.T.);
#1087=FACE_OUTER_BOUND('',#1390,.T.);
#1088=FACE_OUTER_BOUND('',#1391,.T.);
#1089=FACE_OUTER_BOUND('',#1392,.T.);
#1090=FACE_OUTER_BOUND('',#1393,.T.);
#1091=FACE_OUTER_BOUND('',#1394,.T.);
#1092=FACE_OUTER_BOUND('',#1395,.T.);
#1093=FACE_OUTER_BOUND('',#1396,.T.);
#1094=FACE_OUTER_BOUND('',#1397,.T.);
#1095=FACE_OUTER_BOUND('',#1398,.T.);
#1096=FACE_OUTER_BOUND('',#1399,.T.);
#1097=FACE_OUTER_BOUND('',#1400,.T.);
#1098=FACE_OUTER_BOUND('',#1401,.T.);
#1099=FACE_OUTER_BOUND('',#1402,.T.);
#1100=FACE_OUTER_BOUND('',#1403,.T.);
#1101=FACE_OUTER_BOUND('',#1404,.T.);
#1102=FACE_OUTER_BOUND('',#1405,.T.);
#1103=FACE_OUTER_BOUND('',#1406,.T.);
#1104=FACE_OUTER_BOUND('',#1407,.T.);
#1105=FACE_OUTER_BOUND('',#1408,.T.);
#1106=FACE_OUTER_BOUND('',#1409,.T.);
#1107=FACE_OUTER_BOUND('',#1410,.T.);
#1108=FACE_OUTER_BOUND('',#1411,.T.);
#1109=FACE_OUTER_BOUND('',#1412,.T.);
#1110=FACE_OUTER_BOUND('',#1413,.T.);
#1111=FACE_OUTER_BOUND('',#1418,.T.);
#1112=FACE_OUTER_BOUND('',#1419,.T.);
#1113=FACE_OUTER_BOUND('',#1420,.T.);
#1114=FACE_OUTER_BOUND('',#1421,.T.);
#1115=FACE_OUTER_BOUND('',#1422,.T.);
#1116=FACE_OUTER_BOUND('',#1423,.T.);
#1117=FACE_OUTER_BOUND('',#1424,.T.);
#1118=FACE_OUTER_BOUND('',#1425,.T.);
#1119=FACE_OUTER_BOUND('',#1426,.T.);
#1120=FACE_OUTER_BOUND('',#1427,.T.);
#1121=FACE_OUTER_BOUND('',#1428,.T.);
#1122=FACE_OUTER_BOUND('',#1429,.T.);
#1123=FACE_OUTER_BOUND('',#1430,.T.);
#1124=FACE_OUTER_BOUND('',#1431,.T.);
#1125=FACE_OUTER_BOUND('',#1432,.T.);
#1126=FACE_OUTER_BOUND('',#1433,.T.);
#1127=FACE_OUTER_BOUND('',#1434,.T.);
#1128=FACE_OUTER_BOUND('',#1435,.T.);
#1129=FACE_OUTER_BOUND('',#1436,.T.);
#1130=FACE_OUTER_BOUND('',#1437,.T.);
#1131=FACE_OUTER_BOUND('',#1438,.T.);
#1132=FACE_OUTER_BOUND('',#1439,.T.);
#1133=FACE_OUTER_BOUND('',#1440,.T.);
#1134=FACE_OUTER_BOUND('',#1441,.T.);
#1135=FACE_OUTER_BOUND('',#1442,.T.);
#1136=FACE_OUTER_BOUND('',#1443,.T.);
#1137=FACE_OUTER_BOUND('',#1444,.T.);
#1138=FACE_OUTER_BOUND('',#1445,.T.);
#1139=FACE_OUTER_BOUND('',#1446,.T.);
#1140=FACE_OUTER_BOUND('',#1447,.T.);
#1141=FACE_OUTER_BOUND('',#1448,.T.);
#1142=FACE_OUTER_BOUND('',#1449,.T.);
#1143=FACE_OUTER_BOUND('',#1451,.T.);
#1144=FACE_OUTER_BOUND('',#1452,.T.);
#1145=FACE_OUTER_BOUND('',#1453,.T.);
#1146=FACE_OUTER_BOUND('',#1455,.T.);
#1147=FACE_OUTER_BOUND('',#1456,.T.);
#1148=FACE_OUTER_BOUND('',#1457,.T.);
#1149=FACE_OUTER_BOUND('',#1458,.T.);
#1150=FACE_OUTER_BOUND('',#1459,.T.);
#1151=FACE_OUTER_BOUND('',#1460,.T.);
#1152=FACE_OUTER_BOUND('',#1461,.T.);
#1153=FACE_OUTER_BOUND('',#1462,.T.);
#1154=FACE_OUTER_BOUND('',#1463,.T.);
#1155=FACE_OUTER_BOUND('',#1464,.T.);
#1156=FACE_OUTER_BOUND('',#1465,.T.);
#1157=FACE_OUTER_BOUND('',#1466,.T.);
#1158=FACE_OUTER_BOUND('',#1467,.T.);
#1159=FACE_OUTER_BOUND('',#1468,.T.);
#1160=FACE_OUTER_BOUND('',#1469,.T.);
#1161=FACE_OUTER_BOUND('',#1470,.T.);
#1162=FACE_OUTER_BOUND('',#1471,.T.);
#1163=FACE_OUTER_BOUND('',#1472,.T.);
#1164=FACE_OUTER_BOUND('',#1473,.T.);
#1165=FACE_OUTER_BOUND('',#1474,.T.);
#1166=FACE_OUTER_BOUND('',#1475,.T.);
#1167=FACE_OUTER_BOUND('',#1476,.T.);
#1168=FACE_OUTER_BOUND('',#1477,.T.);
#1169=FACE_OUTER_BOUND('',#1478,.T.);
#1170=FACE_OUTER_BOUND('',#1479,.T.);
#1171=FACE_OUTER_BOUND('',#1480,.T.);
#1172=FACE_OUTER_BOUND('',#1481,.T.);
#1173=FACE_OUTER_BOUND('',#1482,.T.);
#1174=FACE_OUTER_BOUND('',#1483,.T.);
#1175=FACE_OUTER_BOUND('',#1484,.T.);
#1176=FACE_OUTER_BOUND('',#1485,.T.);
#1177=FACE_OUTER_BOUND('',#1486,.T.);
#1178=FACE_OUTER_BOUND('',#1487,.T.);
#1179=FACE_OUTER_BOUND('',#1488,.T.);
#1180=FACE_OUTER_BOUND('',#1489,.T.);
#1181=FACE_OUTER_BOUND('',#1490,.T.);
#1182=FACE_OUTER_BOUND('',#1491,.T.);
#1183=FACE_OUTER_BOUND('',#1492,.T.);
#1184=FACE_OUTER_BOUND('',#1493,.T.);
#1185=FACE_OUTER_BOUND('',#1494,.T.);
#1186=FACE_OUTER_BOUND('',#1495,.T.);
#1187=FACE_OUTER_BOUND('',#1496,.T.);
#1188=FACE_OUTER_BOUND('',#1497,.T.);
#1189=FACE_OUTER_BOUND('',#1498,.T.);
#1190=FACE_OUTER_BOUND('',#1499,.T.);
#1191=FACE_OUTER_BOUND('',#1500,.T.);
#1192=FACE_OUTER_BOUND('',#1501,.T.);
#1193=FACE_OUTER_BOUND('',#1502,.T.);
#1194=FACE_OUTER_BOUND('',#1503,.T.);
#1195=FACE_OUTER_BOUND('',#1504,.T.);
#1196=FACE_OUTER_BOUND('',#1505,.T.);
#1197=FACE_OUTER_BOUND('',#1506,.T.);
#1198=FACE_OUTER_BOUND('',#1507,.T.);
#1199=FACE_OUTER_BOUND('',#1508,.T.);
#1200=FACE_OUTER_BOUND('',#1509,.T.);
#1201=FACE_OUTER_BOUND('',#1510,.T.);
#1202=FACE_OUTER_BOUND('',#1511,.T.);
#1203=FACE_OUTER_BOUND('',#1512,.T.);
#1204=FACE_OUTER_BOUND('',#1513,.T.);
#1205=FACE_OUTER_BOUND('',#1514,.T.);
#1206=FACE_OUTER_BOUND('',#1515,.T.);
#1207=FACE_OUTER_BOUND('',#1516,.T.);
#1208=FACE_OUTER_BOUND('',#1517,.T.);
#1209=FACE_OUTER_BOUND('',#1518,.T.);
#1210=FACE_OUTER_BOUND('',#1520,.T.);
#1211=FACE_OUTER_BOUND('',#1521,.T.);
#1212=FACE_OUTER_BOUND('',#1522,.T.);
#1213=FACE_OUTER_BOUND('',#1523,.T.);
#1214=FACE_OUTER_BOUND('',#1524,.T.);
#1215=FACE_OUTER_BOUND('',#1525,.T.);
#1216=FACE_OUTER_BOUND('',#1526,.T.);
#1217=FACE_OUTER_BOUND('',#1527,.T.);
#1218=FACE_OUTER_BOUND('',#1528,.T.);
#1219=FACE_OUTER_BOUND('',#1529,.T.);
#1220=FACE_OUTER_BOUND('',#1530,.T.);
#1221=FACE_OUTER_BOUND('',#1531,.T.);
#1222=FACE_OUTER_BOUND('',#1532,.T.);
#1223=FACE_OUTER_BOUND('',#1533,.T.);
#1224=FACE_OUTER_BOUND('',#1534,.T.);
#1225=FACE_OUTER_BOUND('',#1535,.T.);
#1226=FACE_OUTER_BOUND('',#1536,.T.);
#1227=FACE_OUTER_BOUND('',#1537,.T.);
#1228=FACE_OUTER_BOUND('',#1538,.T.);
#1229=FACE_OUTER_BOUND('',#1539,.T.);
#1230=EDGE_LOOP('',(#3058,#3059,#3060));
#1231=EDGE_LOOP('',(#3061,#3062,#3063,#3064));
#1232=EDGE_LOOP('',(#3065,#3066,#3067,#3068));
#1233=EDGE_LOOP('',(#3069,#3070,#3071,#3072));
#1234=EDGE_LOOP('',(#3073,#3074,#3075,#3076));
#1235=EDGE_LOOP('',(#3077,#3078,#3079,#3080));
#1236=EDGE_LOOP('',(#3081,#3082,#3083));
#1237=EDGE_LOOP('',(#3084,#3085,#3086,#3087,#3088));
#1238=EDGE_LOOP('',(#3089,#3090,#3091,#3092));
#1239=EDGE_LOOP('',(#3093,#3094,#3095,#3096));
#1240=EDGE_LOOP('',(#3097,#3098,#3099,#3100,#3101,#3102,#3103,#3104));
#1241=EDGE_LOOP('',(#3105,#3106,#3107,#3108));
#1242=EDGE_LOOP('',(#3109,#3110,#3111,#3112,#3113));
#1243=EDGE_LOOP('',(#3114,#3115,#3116,#3117));
#1244=EDGE_LOOP('',(#3118,#3119,#3120,#3121,#3122,#3123,#3124,#3125,#3126,
#3127,#3128,#3129,#3130,#3131,#3132,#3133,#3134,#3135,#3136,#3137,#3138,
#3139,#3140,#3141,#3142,#3143,#3144,#3145,#3146,#3147,#3148,#3149,#3150,
#3151,#3152,#3153));
#1245=EDGE_LOOP('',(#3154,#3155,#3156,#3157,#3158));
#1246=EDGE_LOOP('',(#3159,#3160,#3161,#3162));
#1247=EDGE_LOOP('',(#3163));
#1248=EDGE_LOOP('',(#3164,#3165,#3166,#3167,#3168));
#1249=EDGE_LOOP('',(#3169,#3170,#3171,#3172));
#1250=EDGE_LOOP('',(#3173,#3174,#3175,#3176));
#1251=EDGE_LOOP('',(#3177,#3178,#3179,#3180));
#1252=EDGE_LOOP('',(#3181,#3182,#3183,#3184,#3185));
#1253=EDGE_LOOP('',(#3186,#3187,#3188,#3189));
#1254=EDGE_LOOP('',(#3190));
#1255=EDGE_LOOP('',(#3191,#3192,#3193,#3194,#3195));
#1256=EDGE_LOOP('',(#3196,#3197,#3198,#3199));
#1257=EDGE_LOOP('',(#3200,#3201,#3202,#3203));
#1258=EDGE_LOOP('',(#3204,#3205,#3206,#3207));
#1259=EDGE_LOOP('',(#3208,#3209,#3210,#3211,#3212));
#1260=EDGE_LOOP('',(#3213,#3214,#3215,#3216));
#1261=EDGE_LOOP('',(#3217));
#1262=EDGE_LOOP('',(#3218,#3219,#3220,#3221,#3222));
#1263=EDGE_LOOP('',(#3223,#3224,#3225,#3226));
#1264=EDGE_LOOP('',(#3227,#3228,#3229,#3230));
#1265=EDGE_LOOP('',(#3231,#3232,#3233,#3234));
#1266=EDGE_LOOP('',(#3235,#3236,#3237,#3238,#3239));
#1267=EDGE_LOOP('',(#3240,#3241,#3242,#3243,#3244));
#1268=EDGE_LOOP('',(#3245,#3246,#3247,#3248));
#1269=EDGE_LOOP('',(#3249));
#1270=EDGE_LOOP('',(#3250,#3251,#3252,#3253));
#1271=EDGE_LOOP('',(#3254,#3255,#3256,#3257));
#1272=EDGE_LOOP('',(#3258,#3259,#3260,#3261));
#1273=EDGE_LOOP('',(#3262,#3263,#3264,#3265));
#1274=EDGE_LOOP('',(#3266,#3267,#3268,#3269));
#1275=EDGE_LOOP('',(#3270,#3271,#3272,#3273));
#1276=EDGE_LOOP('',(#3274,#3275,#3276,#3277,#3278));
#1277=EDGE_LOOP('',(#3279,#3280,#3281,#3282,#3283));
#1278=EDGE_LOOP('',(#3284,#3285,#3286,#3287));
#1279=EDGE_LOOP('',(#3288));
#1280=EDGE_LOOP('',(#3289,#3290,#3291,#3292,#3293));
#1281=EDGE_LOOP('',(#3294,#3295,#3296,#3297,#3298));
#1282=EDGE_LOOP('',(#3299,#3300,#3301,#3302));
#1283=EDGE_LOOP('',(#3303));
#1284=EDGE_LOOP('',(#3304,#3305,#3306,#3307));
#1285=EDGE_LOOP('',(#3308,#3309,#3310,#3311));
#1286=EDGE_LOOP('',(#3312,#3313,#3314,#3315));
#1287=EDGE_LOOP('',(#3316,#3317,#3318,#3319));
#1288=EDGE_LOOP('',(#3320,#3321,#3322,#3323));
#1289=EDGE_LOOP('',(#3324,#3325,#3326,#3327));
#1290=EDGE_LOOP('',(#3328,#3329,#3330,#3331));
#1291=EDGE_LOOP('',(#3332,#3333,#3334,#3335));
#1292=EDGE_LOOP('',(#3336,#3337,#3338,#3339));
#1293=EDGE_LOOP('',(#3340,#3341,#3342,#3343));
#1294=EDGE_LOOP('',(#3344,#3345,#3346,#3347));
#1295=EDGE_LOOP('',(#3348,#3349,#3350,#3351));
#1296=EDGE_LOOP('',(#3352,#3353,#3354,#3355));
#1297=EDGE_LOOP('',(#3356,#3357,#3358,#3359));
#1298=EDGE_LOOP('',(#3360,#3361,#3362,#3363));
#1299=EDGE_LOOP('',(#3364,#3365,#3366,#3367));
#1300=EDGE_LOOP('',(#3368,#3369,#3370,#3371));
#1301=EDGE_LOOP('',(#3372,#3373,#3374,#3375));
#1302=EDGE_LOOP('',(#3376,#3377,#3378,#3379));
#1303=EDGE_LOOP('',(#3380,#3381,#3382,#3383));
#1304=EDGE_LOOP('',(#3384,#3385,#3386,#3387));
#1305=EDGE_LOOP('',(#3388,#3389,#3390,#3391));
#1306=EDGE_LOOP('',(#3392,#3393,#3394,#3395));
#1307=EDGE_LOOP('',(#3396,#3397,#3398,#3399));
#1308=EDGE_LOOP('',(#3400,#3401,#3402,#3403));
#1309=EDGE_LOOP('',(#3404,#3405,#3406,#3407));
#1310=EDGE_LOOP('',(#3408,#3409,#3410,#3411));
#1311=EDGE_LOOP('',(#3412,#3413,#3414,#3415));
#1312=EDGE_LOOP('',(#3416,#3417,#3418,#3419));
#1313=EDGE_LOOP('',(#3420,#3421,#3422,#3423));
#1314=EDGE_LOOP('',(#3424,#3425,#3426,#3427));
#1315=EDGE_LOOP('',(#3428,#3429,#3430,#3431));
#1316=EDGE_LOOP('',(#3432,#3433,#3434,#3435));
#1317=EDGE_LOOP('',(#3436,#3437,#3438,#3439));
#1318=EDGE_LOOP('',(#3440,#3441,#3442,#3443));
#1319=EDGE_LOOP('',(#3444,#3445,#3446,#3447));
#1320=EDGE_LOOP('',(#3448,#3449,#3450,#3451));
#1321=EDGE_LOOP('',(#3452,#3453,#3454,#3455));
#1322=EDGE_LOOP('',(#3456,#3457,#3458,#3459));
#1323=EDGE_LOOP('',(#3460,#3461,#3462,#3463));
#1324=EDGE_LOOP('',(#3464,#3465,#3466,#3467));
#1325=EDGE_LOOP('',(#3468,#3469,#3470,#3471));
#1326=EDGE_LOOP('',(#3472,#3473,#3474,#3475));
#1327=EDGE_LOOP('',(#3476,#3477,#3478,#3479));
#1328=EDGE_LOOP('',(#3480,#3481,#3482,#3483));
#1329=EDGE_LOOP('',(#3484,#3485,#3486,#3487));
#1330=EDGE_LOOP('',(#3488,#3489,#3490,#3491));
#1331=EDGE_LOOP('',(#3492,#3493,#3494,#3495));
#1332=EDGE_LOOP('',(#3496,#3497,#3498,#3499));
#1333=EDGE_LOOP('',(#3500,#3501,#3502,#3503));
#1334=EDGE_LOOP('',(#3504,#3505,#3506,#3507));
#1335=EDGE_LOOP('',(#3508,#3509,#3510,#3511));
#1336=EDGE_LOOP('',(#3512,#3513,#3514,#3515));
#1337=EDGE_LOOP('',(#3516,#3517,#3518,#3519));
#1338=EDGE_LOOP('',(#3520,#3521,#3522,#3523));
#1339=EDGE_LOOP('',(#3524,#3525,#3526,#3527));
#1340=EDGE_LOOP('',(#3528,#3529,#3530,#3531));
#1341=EDGE_LOOP('',(#3532,#3533,#3534,#3535));
#1342=EDGE_LOOP('',(#3536,#3537,#3538,#3539));
#1343=EDGE_LOOP('',(#3540,#3541,#3542,#3543));
#1344=EDGE_LOOP('',(#3544,#3545,#3546,#3547));
#1345=EDGE_LOOP('',(#3548,#3549,#3550,#3551));
#1346=EDGE_LOOP('',(#3552,#3553,#3554,#3555));
#1347=EDGE_LOOP('',(#3556,#3557,#3558,#3559));
#1348=EDGE_LOOP('',(#3560,#3561,#3562,#3563));
#1349=EDGE_LOOP('',(#3564,#3565,#3566,#3567));
#1350=EDGE_LOOP('',(#3568,#3569,#3570,#3571));
#1351=EDGE_LOOP('',(#3572,#3573,#3574,#3575));
#1352=EDGE_LOOP('',(#3576,#3577,#3578,#3579));
#1353=EDGE_LOOP('',(#3580,#3581,#3582,#3583));
#1354=EDGE_LOOP('',(#3584,#3585,#3586,#3587));
#1355=EDGE_LOOP('',(#3588,#3589,#3590,#3591));
#1356=EDGE_LOOP('',(#3592,#3593,#3594,#3595));
#1357=EDGE_LOOP('',(#3596,#3597,#3598,#3599));
#1358=EDGE_LOOP('',(#3600,#3601,#3602,#3603));
#1359=EDGE_LOOP('',(#3604,#3605,#3606,#3607));
#1360=EDGE_LOOP('',(#3608,#3609,#3610,#3611,#3612,#3613,#3614,#3615,#3616,
#3617,#3618,#3619,#3620,#3621,#3622,#3623,#3624,#3625,#3626,#3627,#3628,
#3629,#3630,#3631,#3632,#3633,#3634,#3635,#3636,#3637,#3638,#3639,#3640,
#3641,#3642,#3643,#3644,#3645,#3646,#3647,#3648,#3649,#3650,#3651,#3652,
#3653,#3654,#3655,#3656,#3657));
#1361=EDGE_LOOP('',(#3658,#3659,#3660,#3661));
#1362=EDGE_LOOP('',(#3662,#3663,#3664,#3665,#3666,#3667,#3668,#3669));
#1363=EDGE_LOOP('',(#3670,#3671,#3672,#3673));
#1364=EDGE_LOOP('',(#3674,#3675,#3676,#3677,#3678,#3679));
#1365=EDGE_LOOP('',(#3680,#3681,#3682,#3683));
#1366=EDGE_LOOP('',(#3684,#3685,#3686,#3687,#3688,#3689,#3690,#3691));
#1367=EDGE_LOOP('',(#3692,#3693,#3694,#3695));
#1368=EDGE_LOOP('',(#3696,#3697,#3698,#3699));
#1369=EDGE_LOOP('',(#3700,#3701,#3702,#3703));
#1370=EDGE_LOOP('',(#3704,#3705,#3706,#3707));
#1371=EDGE_LOOP('',(#3708,#3709,#3710,#3711));
#1372=EDGE_LOOP('',(#3712,#3713,#3714,#3715,#3716,#3717));
#1373=EDGE_LOOP('',(#3718,#3719,#3720,#3721,#3722,#3723,#3724,#3725,#3726,
#3727,#3728,#3729,#3730,#3731,#3732,#3733,#3734,#3735,#3736,#3737,#3738,
#3739,#3740,#3741,#3742,#3743,#3744,#3745,#3746,#3747,#3748,#3749));
#1374=EDGE_LOOP('',(#3750,#3751,#3752,#3753));
#1375=EDGE_LOOP('',(#3754,#3755,#3756,#3757));
#1376=EDGE_LOOP('',(#3758,#3759,#3760,#3761,#3762,#3763));
#1377=EDGE_LOOP('',(#3764,#3765,#3766,#3767));
#1378=EDGE_LOOP('',(#3768,#3769,#3770,#3771));
#1379=EDGE_LOOP('',(#3772,#3773,#3774,#3775));
#1380=EDGE_LOOP('',(#3776,#3777,#3778,#3779));
#1381=EDGE_LOOP('',(#3780,#3781,#3782,#3783));
#1382=EDGE_LOOP('',(#3784,#3785,#3786,#3787));
#1383=EDGE_LOOP('',(#3788,#3789,#3790,#3791));
#1384=EDGE_LOOP('',(#3792,#3793,#3794));
#1385=EDGE_LOOP('',(#3795,#3796,#3797,#3798));
#1386=EDGE_LOOP('',(#3799,#3800,#3801,#3802));
#1387=EDGE_LOOP('',(#3803,#3804,#3805,#3806));
#1388=EDGE_LOOP('',(#3807,#3808,#3809));
#1389=EDGE_LOOP('',(#3810,#3811,#3812,#3813));
#1390=EDGE_LOOP('',(#3814,#3815,#3816,#3817));
#1391=EDGE_LOOP('',(#3818,#3819,#3820,#3821));
#1392=EDGE_LOOP('',(#3822,#3823,#3824));
#1393=EDGE_LOOP('',(#3825,#3826,#3827,#3828));
#1394=EDGE_LOOP('',(#3829,#3830,#3831,#3832,#3833,#3834,#3835,#3836));
#1395=EDGE_LOOP('',(#3837,#3838,#3839));
#1396=EDGE_LOOP('',(#3840,#3841,#3842,#3843));
#1397=EDGE_LOOP('',(#3844,#3845,#3846,#3847,#3848,#3849,#3850,#3851));
#1398=EDGE_LOOP('',(#3852,#3853,#3854,#3855));
#1399=EDGE_LOOP('',(#3856,#3857,#3858,#3859));
#1400=EDGE_LOOP('',(#3860,#3861,#3862,#3863));
#1401=EDGE_LOOP('',(#3864,#3865,#3866,#3867));
#1402=EDGE_LOOP('',(#3868,#3869,#3870,#3871));
#1403=EDGE_LOOP('',(#3872,#3873,#3874,#3875));
#1404=EDGE_LOOP('',(#3876,#3877,#3878,#3879));
#1405=EDGE_LOOP('',(#3880,#3881,#3882,#3883,#3884,#3885));
#1406=EDGE_LOOP('',(#3886,#3887,#3888,#3889,#3890,#3891,#3892,#3893,#3894,
#3895,#3896,#3897));
#1407=EDGE_LOOP('',(#3898,#3899,#3900,#3901));
#1408=EDGE_LOOP('',(#3902,#3903,#3904,#3905));
#1409=EDGE_LOOP('',(#3906,#3907,#3908,#3909));
#1410=EDGE_LOOP('',(#3910,#3911,#3912,#3913));
#1411=EDGE_LOOP('',(#3914,#3915,#3916,#3917));
#1412=EDGE_LOOP('',(#3918,#3919,#3920,#3921));
#1413=EDGE_LOOP('',(#3922,#3923,#3924,#3925,#3926,#3927,#3928,#3929,#3930,
#3931,#3932,#3933));
#1414=EDGE_LOOP('',(#3934,#3935,#3936,#3937));
#1415=EDGE_LOOP('',(#3938,#3939,#3940,#3941));
#1416=EDGE_LOOP('',(#3942,#3943,#3944,#3945));
#1417=EDGE_LOOP('',(#3946,#3947,#3948,#3949));
#1418=EDGE_LOOP('',(#3950,#3951,#3952,#3953));
#1419=EDGE_LOOP('',(#3954,#3955,#3956,#3957));
#1420=EDGE_LOOP('',(#3958,#3959,#3960,#3961));
#1421=EDGE_LOOP('',(#3962,#3963,#3964,#3965));
#1422=EDGE_LOOP('',(#3966,#3967,#3968,#3969));
#1423=EDGE_LOOP('',(#3970,#3971,#3972,#3973));
#1424=EDGE_LOOP('',(#3974,#3975,#3976,#3977));
#1425=EDGE_LOOP('',(#3978,#3979,#3980,#3981));
#1426=EDGE_LOOP('',(#3982,#3983,#3984,#3985));
#1427=EDGE_LOOP('',(#3986,#3987,#3988,#3989));
#1428=EDGE_LOOP('',(#3990,#3991,#3992,#3993));
#1429=EDGE_LOOP('',(#3994,#3995,#3996,#3997));
#1430=EDGE_LOOP('',(#3998,#3999,#4000,#4001));
#1431=EDGE_LOOP('',(#4002,#4003,#4004,#4005));
#1432=EDGE_LOOP('',(#4006,#4007,#4008,#4009));
#1433=EDGE_LOOP('',(#4010,#4011,#4012,#4013));
#1434=EDGE_LOOP('',(#4014,#4015,#4016,#4017));
#1435=EDGE_LOOP('',(#4018,#4019,#4020,#4021));
#1436=EDGE_LOOP('',(#4022,#4023,#4024,#4025));
#1437=EDGE_LOOP('',(#4026,#4027,#4028,#4029));
#1438=EDGE_LOOP('',(#4030,#4031,#4032,#4033));
#1439=EDGE_LOOP('',(#4034,#4035,#4036));
#1440=EDGE_LOOP('',(#4037,#4038,#4039));
#1441=EDGE_LOOP('',(#4040,#4041,#4042));
#1442=EDGE_LOOP('',(#4043,#4044,#4045));
#1443=EDGE_LOOP('',(#4046,#4047,#4048));
#1444=EDGE_LOOP('',(#4049,#4050,#4051));
#1445=EDGE_LOOP('',(#4052,#4053,#4054));
#1446=EDGE_LOOP('',(#4055,#4056,#4057));
#1447=EDGE_LOOP('',(#4058,#4059,#4060,#4061));
#1448=EDGE_LOOP('',(#4062,#4063,#4064,#4065));
#1449=EDGE_LOOP('',(#4066,#4067,#4068,#4069));
#1450=EDGE_LOOP('',(#4070));
#1451=EDGE_LOOP('',(#4071,#4072,#4073,#4074));
#1452=EDGE_LOOP('',(#4075,#4076,#4077,#4078));
#1453=EDGE_LOOP('',(#4079,#4080,#4081,#4082));
#1454=EDGE_LOOP('',(#4083));
#1455=EDGE_LOOP('',(#4084,#4085,#4086,#4087));
#1456=EDGE_LOOP('',(#4088,#4089,#4090,#4091));
#1457=EDGE_LOOP('',(#4092,#4093,#4094,#4095));
#1458=EDGE_LOOP('',(#4096,#4097,#4098,#4099));
#1459=EDGE_LOOP('',(#4100,#4101,#4102,#4103));
#1460=EDGE_LOOP('',(#4104,#4105,#4106,#4107));
#1461=EDGE_LOOP('',(#4108,#4109,#4110,#4111));
#1462=EDGE_LOOP('',(#4112,#4113,#4114,#4115));
#1463=EDGE_LOOP('',(#4116,#4117,#4118,#4119));
#1464=EDGE_LOOP('',(#4120,#4121,#4122,#4123));
#1465=EDGE_LOOP('',(#4124,#4125,#4126,#4127));
#1466=EDGE_LOOP('',(#4128,#4129,#4130,#4131,#4132,#4133));
#1467=EDGE_LOOP('',(#4134,#4135,#4136,#4137));
#1468=EDGE_LOOP('',(#4138,#4139,#4140,#4141,#4142,#4143,#4144,#4145));
#1469=EDGE_LOOP('',(#4146,#4147,#4148,#4149));
#1470=EDGE_LOOP('',(#4150,#4151,#4152,#4153));
#1471=EDGE_LOOP('',(#4154,#4155,#4156,#4157));
#1472=EDGE_LOOP('',(#4158,#4159,#4160,#4161,#4162,#4163,#4164,#4165));
#1473=EDGE_LOOP('',(#4166,#4167,#4168,#4169));
#1474=EDGE_LOOP('',(#4170,#4171,#4172,#4173));
#1475=EDGE_LOOP('',(#4174,#4175,#4176,#4177));
#1476=EDGE_LOOP('',(#4178,#4179,#4180,#4181));
#1477=EDGE_LOOP('',(#4182,#4183,#4184,#4185));
#1478=EDGE_LOOP('',(#4186,#4187,#4188,#4189));
#1479=EDGE_LOOP('',(#4190,#4191,#4192,#4193));
#1480=EDGE_LOOP('',(#4194,#4195,#4196,#4197));
#1481=EDGE_LOOP('',(#4198,#4199,#4200,#4201));
#1482=EDGE_LOOP('',(#4202,#4203,#4204,#4205));
#1483=EDGE_LOOP('',(#4206,#4207,#4208,#4209));
#1484=EDGE_LOOP('',(#4210,#4211,#4212,#4213));
#1485=EDGE_LOOP('',(#4214,#4215,#4216,#4217));
#1486=EDGE_LOOP('',(#4218,#4219,#4220,#4221));
#1487=EDGE_LOOP('',(#4222,#4223,#4224,#4225));
#1488=EDGE_LOOP('',(#4226,#4227,#4228,#4229));
#1489=EDGE_LOOP('',(#4230,#4231,#4232,#4233));
#1490=EDGE_LOOP('',(#4234,#4235,#4236,#4237));
#1491=EDGE_LOOP('',(#4238,#4239,#4240,#4241));
#1492=EDGE_LOOP('',(#4242,#4243,#4244,#4245));
#1493=EDGE_LOOP('',(#4246,#4247,#4248,#4249,#4250,#4251,#4252,#4253,#4254,
#4255,#4256,#4257,#4258,#4259,#4260,#4261));
#1494=EDGE_LOOP('',(#4262,#4263,#4264,#4265,#4266,#4267,#4268,#4269,#4270,
#4271,#4272,#4273,#4274,#4275,#4276,#4277,#4278,#4279,#4280,#4281));
#1495=EDGE_LOOP('',(#4282,#4283,#4284,#4285));
#1496=EDGE_LOOP('',(#4286,#4287,#4288,#4289));
#1497=EDGE_LOOP('',(#4290,#4291,#4292,#4293));
#1498=EDGE_LOOP('',(#4294,#4295,#4296,#4297));
#1499=EDGE_LOOP('',(#4298,#4299,#4300,#4301));
#1500=EDGE_LOOP('',(#4302,#4303,#4304,#4305));
#1501=EDGE_LOOP('',(#4306,#4307,#4308,#4309));
#1502=EDGE_LOOP('',(#4310,#4311,#4312,#4313));
#1503=EDGE_LOOP('',(#4314,#4315,#4316,#4317));
#1504=EDGE_LOOP('',(#4318,#4319,#4320,#4321));
#1505=EDGE_LOOP('',(#4322,#4323,#4324,#4325));
#1506=EDGE_LOOP('',(#4326,#4327,#4328,#4329));
#1507=EDGE_LOOP('',(#4330,#4331,#4332,#4333));
#1508=EDGE_LOOP('',(#4334,#4335,#4336,#4337));
#1509=EDGE_LOOP('',(#4338,#4339,#4340,#4341));
#1510=EDGE_LOOP('',(#4342,#4343,#4344,#4345));
#1511=EDGE_LOOP('',(#4346,#4347,#4348,#4349));
#1512=EDGE_LOOP('',(#4350,#4351,#4352,#4353));
#1513=EDGE_LOOP('',(#4354,#4355,#4356,#4357));
#1514=EDGE_LOOP('',(#4358,#4359,#4360,#4361));
#1515=EDGE_LOOP('',(#4362,#4363,#4364,#4365));
#1516=EDGE_LOOP('',(#4366,#4367,#4368,#4369,#4370,#4371,#4372));
#1517=EDGE_LOOP('',(#4373,#4374,#4375,#4376,#4377));
#1518=EDGE_LOOP('',(#4378,#4379,#4380,#4381));
#1519=EDGE_LOOP('',(#4382,#4383,#4384,#4385,#4386,#4387,#4388,#4389));
#1520=EDGE_LOOP('',(#4390,#4391,#4392,#4393,#4394));
#1521=EDGE_LOOP('',(#4395,#4396,#4397,#4398,#4399,#4400,#4401));
#1522=EDGE_LOOP('',(#4402,#4403,#4404,#4405));
#1523=EDGE_LOOP('',(#4406,#4407,#4408,#4409));
#1524=EDGE_LOOP('',(#4410,#4411,#4412,#4413));
#1525=EDGE_LOOP('',(#4414,#4415,#4416,#4417));
#1526=EDGE_LOOP('',(#4418,#4419,#4420,#4421));
#1527=EDGE_LOOP('',(#4422,#4423,#4424,#4425));
#1528=EDGE_LOOP('',(#4426,#4427,#4428,#4429));
#1529=EDGE_LOOP('',(#4430,#4431,#4432,#4433));
#1530=EDGE_LOOP('',(#4434,#4435,#4436,#4437));
#1531=EDGE_LOOP('',(#4438,#4439,#4440,#4441));
#1532=EDGE_LOOP('',(#4442,#4443,#4444,#4445));
#1533=EDGE_LOOP('',(#4446,#4447,#4448,#4449));
#1534=EDGE_LOOP('',(#4450,#4451,#4452,#4453));
#1535=EDGE_LOOP('',(#4454,#4455,#4456,#4457));
#1536=EDGE_LOOP('',(#4458,#4459,#4460,#4461));
#1537=EDGE_LOOP('',(#4462,#4463,#4464,#4465));
#1538=EDGE_LOOP('',(#4466,#4467,#4468,#4469));
#1539=EDGE_LOOP('',(#4470,#4471,#4472,#4473));
#1540=B_SPLINE_CURVE_WITH_KNOTS('',3,(#6919,#6920,#6921,#6922,#6923,#6924,
#6925,#6926),.UNSPECIFIED.,.F.,.F.,(4,1,1,2,4),(-0.521636559584634,-0.31298193575078,
-0.208654623833853,0.,0.00146668342214894),.UNSPECIFIED.);
#1541=B_SPLINE_CURVE_WITH_KNOTS('',3,(#6927,#6928,#6929,#6930,#6931,#6932,
#6933,#6934),.UNSPECIFIED.,.F.,.F.,(4,2,1,1,4),(-0.00146668342214894,0.,
0.208654623833853,0.31298193575078,0.521636559584634),.UNSPECIFIED.);
#1542=B_SPLINE_CURVE_WITH_KNOTS('',3,(#7006,#7007,#7008,#7009,#7010,#7011,
#7012,#7013),.UNSPECIFIED.,.F.,.F.,(4,1,1,2,4),(1.65488992899897E-16,0.208654623833762,
0.312981935750643,0.521636559584404,0.523103243006728),.UNSPECIFIED.);
#1543=B_SPLINE_CURVE_WITH_KNOTS('',3,(#7014,#7015,#7016,#7017,#7018,#7019,
#7020,#7021),.UNSPECIFIED.,.F.,.F.,(4,2,1,1,4),(-0.523103243006728,-0.521636559584404,
-0.312981935750643,-0.208654623833762,-1.65488992899897E-16),
 .UNSPECIFIED.);
#1544=B_SPLINE_CURVE_WITH_KNOTS('',3,(#7069,#7070,#7071,#7072,#7073,#7074),
 .UNSPECIFIED.,.F.,.F.,(4,2,4),(0.,0.119056064632624,0.220980087064666),
 .UNSPECIFIED.);
#1545=B_SPLINE_CURVE_WITH_KNOTS('',3,(#7078,#7079,#7080,#7081,#7082,#7083),
 .UNSPECIFIED.,.F.,.F.,(4,2,4),(0.456454083965643,0.558378106397688,0.677434171030309),
 .UNSPECIFIED.);
#1546=B_SPLINE_CURVE_WITH_KNOTS('',3,(#7091,#7092,#7093,#7094,#7095,#7096),
 .UNSPECIFIED.,.F.,.F.,(4,2,4),(0.,0.119056064632624,0.220980087064666),
 .UNSPECIFIED.);
#1547=B_SPLINE_CURVE_WITH_KNOTS('',3,(#7100,#7101,#7102,#7103,#7104,#7105),
 .UNSPECIFIED.,.F.,.F.,(4,2,4),(0.456454083965643,0.558378106397685,0.677434171030309),
 .UNSPECIFIED.);
#1548=B_SPLINE_CURVE_WITH_KNOTS('',3,(#7129,#7130,#7131,#7132,#7133,#7134),
 .UNSPECIFIED.,.F.,.F.,(4,2,4),(0.,0.119056064632623,0.220980087064665),
 .UNSPECIFIED.);
#1549=B_SPLINE_CURVE_WITH_KNOTS('',3,(#7138,#7139,#7140,#7141,#7142,#7143),
 .UNSPECIFIED.,.F.,.F.,(4,2,4),(0.456454083965644,0.558378106397686,0.677434171030309),
 .UNSPECIFIED.);
#1550=B_SPLINE_CURVE_WITH_KNOTS('',3,(#7151,#7152,#7153,#7154,#7155,#7156),
 .UNSPECIFIED.,.F.,.F.,(4,2,4),(0.,0.119056064632624,0.220980087064666),
 .UNSPECIFIED.);
#1551=B_SPLINE_CURVE_WITH_KNOTS('',3,(#7160,#7161,#7162,#7163,#7164,#7165),
 .UNSPECIFIED.,.F.,.F.,(4,2,4),(0.456454083965645,0.558378106397687,0.677434171030309),
 .UNSPECIFIED.);
#1552=B_SPLINE_CURVE_WITH_KNOTS('',3,(#7278,#7279,#7280,#7281),
 .UNSPECIFIED.,.F.,.F.,(4,4),(0.,0.22218056655052),.UNSPECIFIED.);
#1553=B_SPLINE_CURVE_WITH_KNOTS('',3,(#7289,#7290,#7291,#7292),
 .UNSPECIFIED.,.F.,.F.,(4,4),(0.456454083965644,0.678634650516165),
 .UNSPECIFIED.);
#1554=B_SPLINE_CURVE_WITH_KNOTS('',3,(#7354,#7355,#7356,#7357),
 .UNSPECIFIED.,.F.,.F.,(4,4),(0.,0.222180566550521),.UNSPECIFIED.);
#1555=B_SPLINE_CURVE_WITH_KNOTS('',3,(#7365,#7366,#7367,#7368),
 .UNSPECIFIED.,.F.,.F.,(4,4),(0.456454083965645,0.678634650516165),
 .UNSPECIFIED.);
#1556=B_SPLINE_CURVE_WITH_KNOTS('',3,(#7388,#7389,#7390,#7391),
 .UNSPECIFIED.,.F.,.F.,(4,4),(0.,0.222180566550521),.UNSPECIFIED.);
#1557=B_SPLINE_CURVE_WITH_KNOTS('',3,(#7399,#7400,#7401,#7402),
 .UNSPECIFIED.,.F.,.F.,(4,4),(0.456454083965643,0.678634650516164),
 .UNSPECIFIED.);
#1558=B_SPLINE_CURVE_WITH_KNOTS('',3,(#7425,#7426,#7427,#7428),
 .UNSPECIFIED.,.F.,.F.,(4,4),(0.,0.222180566550521),.UNSPECIFIED.);
#1559=B_SPLINE_CURVE_WITH_KNOTS('',3,(#7439,#7440,#7441,#7442),
 .UNSPECIFIED.,.F.,.F.,(4,4),(0.456454083965643,0.678634650516164),
 .UNSPECIFIED.);
#1560=B_SPLINE_CURVE_WITH_KNOTS('',3,(#7599,#7600,#7601,#7602,#7603,#7604,
#7605,#7606,#7607,#7608,#7609,#7610,#7611,#7612,#7613,#7614,#7615,#7616,
#7617,#7618,#7619,#7620,#7621,#7622,#7623,#7624),.UNSPECIFIED.,.F.,.F.,
(4,1,1,1,1,1,1,1,1,1,1,1,1,1,1,1,1,1,1,1,1,1,1,4),(-0.74080668408737,-0.727577993300096,
-0.714349302512821,-0.687891920938272,-0.634977157789174,-0.529147631490979,
-0.476232868341881,-0.423318105192783,-0.416703759799146,-0.410089414405508,
-0.396860723618234,-0.370403342043685,-0.343945960469136,-0.317488578894587,
-0.291031197320038,-0.264573815745489,-0.23811643417094,-0.211659052596391,
-0.158744289447294,-0.105829526298196,-0.0529147631490979,-0.0264573815745489,
-0.0132286907872745,0.),.UNSPECIFIED.);
#1561=B_SPLINE_CURVE_WITH_KNOTS('',3,(#7627,#7628,#7629,#7630,#7631,#7632,
#7633,#7634,#7635,#7636,#7637,#7638,#7639,#7640,#7641,#7642,#7643,#7644,
#7645,#7646,#7647,#7648,#7649,#7650,#7651,#7652),.UNSPECIFIED.,.F.,.F.,
(4,1,1,1,1,1,1,1,1,1,1,1,1,1,1,1,1,1,1,1,1,1,1,4),(0.,0.0132286907872745,
0.0264573815745489,0.0529147631490979,0.105829526298196,0.158744289447294,
0.211659052596391,0.23811643417094,0.264573815745489,0.291031197320038,
0.317488578894587,0.343945960469136,0.370403342043685,0.396860723618234,
0.410089414405508,0.416703759799146,0.423318105192783,0.476232868341881,
0.529147631490979,0.634977157789174,0.687891920938272,0.714349302512821,
0.727577993300096,0.74080668408737),.UNSPECIFIED.);
#1562=B_SPLINE_CURVE_WITH_KNOTS('',3,(#7810,#7811,#7812,#7813,#7814,#7815,
#7816,#7817,#7818,#7819,#7820,#7821,#7822,#7823,#7824,#7825,#7826,#7827,
#7828,#7829,#7830),.UNSPECIFIED.,.F.,.F.,(4,1,1,1,1,1,1,1,1,1,1,1,1,1,1,
1,1,1,4),(-0.740806684087375,-0.714349302512826,-0.687891920938276,-0.634977157789178,
-0.529147631490982,-0.476232868341884,-0.423318105192786,-0.410089414405511,
-0.396860723618236,-0.370403342043687,-0.343945960469138,-0.330717269681864,
-0.317488578894589,-0.264573815745491,-0.211659052596393,-0.105829526298196,
-0.0529147631490982,-0.0264573815745491,0.),.UNSPECIFIED.);
#1563=B_SPLINE_CURVE_WITH_KNOTS('',3,(#7833,#7834,#7835,#7836,#7837,#7838,
#7839,#7840,#7841,#7842,#7843,#7844,#7845,#7846,#7847,#7848,#7849,#7850,
#7851,#7852,#7853),.UNSPECIFIED.,.F.,.F.,(4,1,1,1,1,1,1,1,1,1,1,1,1,1,1,
1,1,1,4),(0.,0.0264573815745491,0.0529147631490982,0.105829526298196,0.211659052596393,
0.264573815745491,0.317488578894589,0.330717269681864,0.343945960469138,
0.370403342043687,0.396860723618236,0.410089414405511,0.423318105192786,
0.476232868341884,0.529147631490982,0.634977157789178,0.687891920938276,
0.714349302512826,0.740806684087375),.UNSPECIFIED.);
#1564=B_SPLINE_CURVE_WITH_KNOTS('',3,(#8097,#8098,#8099,#8100),
 .UNSPECIFIED.,.F.,.F.,(4,4),(1.3644692303987,1.98180687912806),
 .UNSPECIFIED.);
#1565=B_SPLINE_CURVE_WITH_KNOTS('',3,(#8102,#8103,#8104,#8105),
 .UNSPECIFIED.,.F.,.F.,(4,4),(0.688854723863732,0.694564402965335),
 .UNSPECIFIED.);
#1566=B_SPLINE_CURVE_WITH_KNOTS('',3,(#8154,#8155,#8156,#8157),
 .UNSPECIFIED.,.F.,.F.,(4,4),(2.22875000000002,25.74125),.UNSPECIFIED.);
#1567=B_SPLINE_CURVE_WITH_KNOTS('',3,(#8434,#8435,#8436,#8437),
 .UNSPECIFIED.,.F.,.F.,(4,4),(-5.97216303211499,-5.9634141657624),
 .UNSPECIFIED.);
#1568=B_SPLINE_CURVE_WITH_KNOTS('',3,(#8439,#8440,#8441,#8442,#8443,#8444,
#8445,#8446,#8447,#8448),.UNSPECIFIED.,.F.,.F.,(4,3,3,4),(3.70074341541719E-16,
0.448798950512825,0.897597901025653,1.5707963267949),.UNSPECIFIED.);
#1569=B_SPLINE_CURVE_WITH_KNOTS('',3,(#8452,#8453,#8454,#8455,#8456,#8457,
#8458,#8459,#8460,#8461),.UNSPECIFIED.,.F.,.F.,(4,3,3,4),(1.57079632679489,
2.01959527730772,2.46839422782055,3.14159265358978),.UNSPECIFIED.);
#1570=B_SPLINE_CURVE_WITH_KNOTS('',3,(#8463,#8464,#8465,#8466),
 .UNSPECIFIED.,.F.,.F.,(4,4),(2.00341416576239,2.01216303211498),
 .UNSPECIFIED.);
#1571=B_SPLINE_CURVE_WITH_KNOTS('',3,(#8470,#8471,#8472,#8473),
 .UNSPECIFIED.,.F.,.F.,(4,4),(1.56353347486005,1.5707963267949),
 .UNSPECIFIED.);
#1572=B_SPLINE_CURVE_WITH_KNOTS('',3,(#8475,#8476,#8477,#8478,#8479,#8480),
 .UNSPECIFIED.,.F.,.F.,(4,1,1,4),(1.99840144432528E-15,0.446723849960017,
0.893447699920032,1.56353347486005),.UNSPECIFIED.);
#1573=B_SPLINE_CURVE_WITH_KNOTS('',3,(#8484,#8485,#8486,#8487,#8488,#8489),
 .UNSPECIFIED.,.F.,.F.,(4,1,1,4),(-1.56353347489809,-1.11680962492721,-0.670085774956325,
-6.47630097698008E-16),.UNSPECIFIED.);
#1574=B_SPLINE_CURVE_WITH_KNOTS('',3,(#8490,#8491,#8492,#8493),
 .UNSPECIFIED.,.F.,.F.,(4,4),(-1.5707963267949,-1.56353347489809),
 .UNSPECIFIED.);
#1575=B_SPLINE_CURVE_WITH_KNOTS('',3,(#8677,#8678,#8679,#8680,#8681,#8682,
#8683,#8684,#8685,#8686,#8687,#8688),.UNSPECIFIED.,.F.,.F.,(4,2,2,2,2,4),
(0.377534774562738,0.436827668103126,0.490946878282342,0.555379483401584,
0.628418486358578,0.688854723863734),.UNSPECIFIED.);
#1576=B_SPLINE_CURVE_WITH_KNOTS('',3,(#8691,#8692,#8693,#8694,#8695,#8696,
#8697,#8698,#8699,#8700,#8701,#8702),.UNSPECIFIED.,.F.,.F.,(4,2,2,2,2,4),
(0.443149931550982,0.557384278492317,0.633811882232748,0.681448492631351,
0.741440199761237,0.754500999433774),.UNSPECIFIED.);
#1577=B_SPLINE_CURVE_WITH_KNOTS('',3,(#8730,#8731,#8732,#8733),
 .UNSPECIFIED.,.F.,.F.,(4,4),(0.437436356825162,0.443149931550983),
 .UNSPECIFIED.);
#1578=B_SPLINE_CURVE_WITH_KNOTS('',3,(#8735,#8736,#8737,#8738),
 .UNSPECIFIED.,.F.,.F.,(4,4),(0.,0.599082705451722),.UNSPECIFIED.);
#1579=B_SPLINE_CURVE_WITH_KNOTS('',3,(#8760,#8761,#8762,#8763),
 .UNSPECIFIED.,.F.,.F.,(4,4),(-1.98180687912806,-1.3644692303987),
 .UNSPECIFIED.);
#1580=B_SPLINE_CURVE_WITH_KNOTS('',3,(#8781,#8782,#8783,#8784),
 .UNSPECIFIED.,.F.,.F.,(4,4),(-0.694564402965335,-0.688854723863732),
 .UNSPECIFIED.);
#1581=B_SPLINE_CURVE_WITH_KNOTS('',3,(#8835,#8836,#8837,#8838,#8839,#8840,
#8841,#8842,#8843,#8844,#8845,#8846),.UNSPECIFIED.,.F.,.F.,(4,2,2,2,2,4),
(-0.688854723863734,-0.628418486358578,-0.555379483401584,-0.490946878282342,
-0.436827668103126,-0.377534774562738),.UNSPECIFIED.);
#1582=B_SPLINE_CURVE_WITH_KNOTS('',3,(#8865,#8866,#8867,#8868),
 .UNSPECIFIED.,.F.,.F.,(4,4),(-25.74125,-2.22875000000002),
 .UNSPECIFIED.);
#1583=B_SPLINE_CURVE_WITH_KNOTS('',3,(#8920,#8921,#8922,#8923,#8924,#8925,
#8926,#8927,#8928,#8929,#8930,#8931),.UNSPECIFIED.,.F.,.F.,(4,2,2,2,2,4),
(-0.754500999433774,-0.741440199761237,-0.681448492631351,-0.633811882232748,
-0.557384278492317,-0.443149931550982),.UNSPECIFIED.);
#1584=B_SPLINE_CURVE_WITH_KNOTS('',3,(#8949,#8950,#8951,#8952),
 .UNSPECIFIED.,.F.,.F.,(4,4),(-0.443149931550983,-0.437436356825162),
 .UNSPECIFIED.);
#1585=B_SPLINE_CURVE_WITH_KNOTS('',3,(#8971,#8972,#8973,#8974),
 .UNSPECIFIED.,.F.,.F.,(4,4),(-0.599082705451722,0.),.UNSPECIFIED.);
#1586=B_SPLINE_CURVE_WITH_KNOTS('',3,(#9067,#9068,#9069,#9070),
 .UNSPECIFIED.,.F.,.F.,(4,4),(18.77375,20.7275),.UNSPECIFIED.);
#1587=B_SPLINE_CURVE_WITH_KNOTS('',3,(#9072,#9073,#9074,#9075),
 .UNSPECIFIED.,.F.,.F.,(4,4),(-0.157446735385636,-1.77355324590372E-15),
 .UNSPECIFIED.);
#1588=B_SPLINE_CURVE_WITH_KNOTS('',3,(#9077,#9078,#9079,#9080),
 .UNSPECIFIED.,.F.,.F.,(4,4),(-0.163540659959224,-0.161568700408398),
 .UNSPECIFIED.);
#1589=B_SPLINE_CURVE_WITH_KNOTS('',3,(#9082,#9083,#9084,#9085,#9086,#9087,
#9088,#9089,#9090,#9091,#9092,#9093,#9094,#9095,#9096),.UNSPECIFIED.,.F.,
 .F.,(4,1,1,1,2,1,2,1,2,4),(-1.20646791015407,-1.09104278644553,-0.975617662736976,
-0.860192539028427,-0.744767415319878,-0.620280484099617,-0.495793552879357,
-0.330627586432598,-0.16546161998584,-0.163540659959221),.UNSPECIFIED.);
#1590=B_SPLINE_CURVE_WITH_KNOTS('',3,(#9098,#9099,#9100,#9101),
 .UNSPECIFIED.,.F.,.F.,(4,4),(-31.6229712087539,-5.85297120875392),
 .UNSPECIFIED.);
#1591=B_SPLINE_CURVE_WITH_KNOTS('',3,(#9103,#9104,#9105,#9106,#9107,#9108,
#9109,#9110,#9111,#9112,#9113,#9114,#9115,#9116,#9117),.UNSPECIFIED.,.F.,
 .F.,(4,1,1,1,1,1,2,1,1,2,4),(-2.20604178234457,-1.9913006231106,-1.88393004349362,
-1.85708739858937,-1.83024475368513,-1.77655946387664,-1.66918888425966,
-1.59073370660116,-1.43382335128418,-1.2769129959672,-1.20646791015074),
 .UNSPECIFIED.);
#1592=B_SPLINE_CURVE_WITH_KNOTS('',3,(#9119,#9120,#9121,#9122),
 .UNSPECIFIED.,.F.,.F.,(4,4),(-2.20783515958146,-2.20604178234457),
 .UNSPECIFIED.);
#1593=B_SPLINE_CURVE_WITH_KNOTS('',3,(#9124,#9125,#9126,#9127),
 .UNSPECIFIED.,.F.,.F.,(4,4),(-0.208339633875326,-0.0495662346241179),
 .UNSPECIFIED.);
#1594=B_SPLINE_CURVE_WITH_KNOTS('',3,(#9128,#9129,#9130,#9131),
 .UNSPECIFIED.,.F.,.F.,(4,4),(-7.24250000000001,-5.28875000000001),
 .UNSPECIFIED.);
#1595=B_SPLINE_CURVE_WITH_KNOTS('',3,(#9205,#9206,#9207,#9208,#9209,#9210,
#9211,#9212,#9213,#9214,#9215,#9216,#9217,#9218,#9219),.UNSPECIFIED.,.F.,
 .F.,(4,2,1,2,1,2,1,1,1,4),(0.163540659959221,0.16546161998584,0.330627586432598,
0.495793552879357,0.620280484099617,0.744767415319878,0.860192539028427,
0.975617662736976,1.09104278644553,1.20646791015407),.UNSPECIFIED.);
#1596=B_SPLINE_CURVE_WITH_KNOTS('',3,(#9239,#9240,#9241,#9242),
 .UNSPECIFIED.,.F.,.F.,(4,4),(5.85297120875392,31.6229712087539),
 .UNSPECIFIED.);
#1597=B_SPLINE_CURVE_WITH_KNOTS('',3,(#9305,#9306,#9307,#9308,#9309,#9310,
#9311,#9312,#9313,#9314,#9315,#9316,#9317,#9318,#9319),.UNSPECIFIED.,.F.,
 .F.,(4,2,1,1,2,1,1,1,1,1,4),(1.20646791015074,1.2769129959672,1.43382335128418,
1.59073370660116,1.66918888425966,1.77655946387664,1.83024475368513,1.85708739858937,
1.88393004349362,1.9913006231106,2.20604178234457),.UNSPECIFIED.);
#1598=B_SPLINE_CURVE_WITH_KNOTS('',3,(#9338,#9339,#9340,#9341),
 .UNSPECIFIED.,.F.,.F.,(4,4),(2.20604178234457,2.20783515958146),
 .UNSPECIFIED.);
#1599=B_SPLINE_CURVE_WITH_KNOTS('',3,(#9359,#9360,#9361,#9362),
 .UNSPECIFIED.,.F.,.F.,(4,4),(0.0495662346241179,0.208339633875326),
 .UNSPECIFIED.);
#1600=B_SPLINE_CURVE_WITH_KNOTS('',3,(#9410,#9411,#9412,#9413),
 .UNSPECIFIED.,.F.,.F.,(4,4),(1.77355324590372E-15,0.157446735385636),
 .UNSPECIFIED.);
#1601=B_SPLINE_CURVE_WITH_KNOTS('',3,(#9430,#9431,#9432,#9433),
 .UNSPECIFIED.,.F.,.F.,(4,4),(0.161568700408398,0.163540659959224),
 .UNSPECIFIED.);
#1602=B_SPLINE_CURVE_WITH_KNOTS('',3,(#9452,#9453,#9454,#9455,#9456,#9457),
 .UNSPECIFIED.,.F.,.F.,(4,1,1,4),(6.47630097698008E-16,0.670085774956325,
1.11680962492721,1.56353347489809),.UNSPECIFIED.);
#1603=B_SPLINE_CURVE_WITH_KNOTS('',3,(#9465,#9466,#9467,#9468,#9469,#9470),
 .UNSPECIFIED.,.F.,.F.,(4,1,1,4),(-1.56353347486005,-0.893447699920032,
-0.446723849960017,-1.99840144432528E-15),.UNSPECIFIED.);
#1604=B_SPLINE_CURVE_WITH_KNOTS('',3,(#9474,#9475,#9476,#9477),
 .UNSPECIFIED.,.F.,.F.,(4,4),(-1.5707963267949,-1.56353347486005),
 .UNSPECIFIED.);
#1605=B_SPLINE_CURVE_WITH_KNOTS('',3,(#9483,#9484,#9485,#9486),
 .UNSPECIFIED.,.F.,.F.,(4,4),(-2.01216303211498,-2.00341416576239),
 .UNSPECIFIED.);
#1606=B_SPLINE_CURVE_WITH_KNOTS('',3,(#9488,#9489,#9490,#9491,#9492,#9493),
 .UNSPECIFIED.,.F.,.F.,(4,1,1,4),(-3.14159265358979,-2.46839422782054,-2.01959527730772,
-1.57079632679489),.UNSPECIFIED.);
#1607=B_SPLINE_CURVE_WITH_KNOTS('',3,(#9501,#9502,#9503,#9504,#9505,#9506),
 .UNSPECIFIED.,.F.,.F.,(4,1,1,4),(-1.5707963267949,-0.897597901025653,-0.448798950512825,
3.55542991173241E-15),.UNSPECIFIED.);
#1608=B_SPLINE_CURVE_WITH_KNOTS('',3,(#9508,#9509,#9510,#9511),
 .UNSPECIFIED.,.F.,.F.,(4,4),(5.9634141657624,5.97216303211499),
 .UNSPECIFIED.);
#1609=B_SPLINE_CURVE_WITH_KNOTS('',3,(#9516,#9517,#9518,#9519),
 .UNSPECIFIED.,.F.,.F.,(4,4),(1.56353347489809,1.5707963267949),
 .UNSPECIFIED.);
#1610=CIRCLE('',#4803,0.500000000000002);
#1611=CIRCLE('',#4805,0.5);
#1612=CIRCLE('',#4806,13.);
#1613=CIRCLE('',#4807,12.5);
#1614=CIRCLE('',#4809,0.500000000000001);
#1615=CIRCLE('',#4810,2.);
#1616=CIRCLE('',#4811,2.5);
#1617=CIRCLE('',#4813,0.500000000000001);
#1618=CIRCLE('',#4815,0.5);
#1619=CIRCLE('',#4816,2.);
#1620=CIRCLE('',#4817,2.5);
#1621=CIRCLE('',#4819,0.499999999999995);
#1622=CIRCLE('',#4820,13.);
#1623=CIRCLE('',#4821,12.5);
#1624=CIRCLE('',#4823,12.5);
#1625=CIRCLE('',#4825,2.5);
#1626=CIRCLE('',#4827,1.8);
#1627=CIRCLE('',#4828,1.8);
#1628=CIRCLE('',#4829,1.79999999999925);
#1629=CIRCLE('',#4830,1.80000000000002);
#1630=CIRCLE('',#4832,2.5);
#1631=CIRCLE('',#4834,12.5);
#1632=CIRCLE('',#4838,2.05);
#1633=CIRCLE('',#4839,0.5);
#1634=CIRCLE('',#4840,1.55);
#1635=CIRCLE('',#4841,1.55);
#1636=CIRCLE('',#4843,5.5);
#1637=CIRCLE('',#4844,3.25);
#1638=CIRCLE('',#4845,5.5);
#1639=CIRCLE('',#4847,1.55);
#1640=CIRCLE('',#4849,0.499999999999999);
#1641=CIRCLE('',#4850,5.);
#1642=CIRCLE('',#4852,0.499999999999999);
#1643=CIRCLE('',#4853,3.75);
#1644=CIRCLE('',#4855,5.);
#1645=CIRCLE('',#4857,2.05);
#1646=CIRCLE('',#4858,0.5);
#1647=CIRCLE('',#4859,1.55);
#1648=CIRCLE('',#4860,1.55);
#1649=CIRCLE('',#4862,5.5);
#1650=CIRCLE('',#4863,3.25);
#1651=CIRCLE('',#4864,5.5);
#1652=CIRCLE('',#4866,1.55);
#1653=CIRCLE('',#4868,0.499999999999999);
#1654=CIRCLE('',#4869,5.);
#1655=CIRCLE('',#4871,0.499999999999999);
#1656=CIRCLE('',#4872,3.75);
#1657=CIRCLE('',#4874,5.);
#1658=CIRCLE('',#4876,2.05);
#1659=CIRCLE('',#4877,0.5);
#1660=CIRCLE('',#4878,1.55);
#1661=CIRCLE('',#4879,1.55);
#1662=CIRCLE('',#4881,5.5);
#1663=CIRCLE('',#4882,3.25);
#1664=CIRCLE('',#4883,5.5);
#1665=CIRCLE('',#4885,1.55);
#1666=CIRCLE('',#4887,0.5);
#1667=CIRCLE('',#4888,5.);
#1668=CIRCLE('',#4890,0.499999999999999);
#1669=CIRCLE('',#4891,3.75);
#1670=CIRCLE('',#4893,5.);
#1671=CIRCLE('',#4895,2.05);
#1672=CIRCLE('',#4896,0.5);
#1673=CIRCLE('',#4897,1.55);
#1674=CIRCLE('',#4898,1.55);
#1675=CIRCLE('',#4900,1.55);
#1676=CIRCLE('',#4902,5.5);
#1677=CIRCLE('',#4903,5.5);
#1678=CIRCLE('',#4904,3.25);
#1679=CIRCLE('',#4906,0.500000000000003);
#1680=CIRCLE('',#4907,5.);
#1681=CIRCLE('',#4909,0.500000000000002);
#1682=CIRCLE('',#4910,3.75);
#1683=CIRCLE('',#4912,5.);
#1684=CIRCLE('',#4914,5.);
#1685=CIRCLE('',#4916,3.75);
#1686=CIRCLE('',#4918,5.);
#1687=CIRCLE('',#4920,2.05);
#1688=CIRCLE('',#4921,0.5);
#1689=CIRCLE('',#4922,1.55);
#1690=CIRCLE('',#4923,1.55);
#1691=CIRCLE('',#4925,1.55);
#1692=CIRCLE('',#4927,5.5);
#1693=CIRCLE('',#4928,5.5);
#1694=CIRCLE('',#4929,3.25);
#1695=CIRCLE('',#4931,2.05);
#1696=CIRCLE('',#4932,0.5);
#1697=CIRCLE('',#4933,1.55);
#1698=CIRCLE('',#4934,1.55);
#1699=CIRCLE('',#4936,1.55);
#1700=CIRCLE('',#4938,5.5);
#1701=CIRCLE('',#4939,5.5);
#1702=CIRCLE('',#4940,3.25);
#1703=CIRCLE('',#4942,0.499999999999984);
#1704=CIRCLE('',#4943,5.);
#1705=CIRCLE('',#4945,0.500000000000002);
#1706=CIRCLE('',#4946,3.75);
#1707=CIRCLE('',#4948,5.);
#1708=CIRCLE('',#4950,5.);
#1709=CIRCLE('',#4952,3.75);
#1710=CIRCLE('',#4954,5.);
#1711=CIRCLE('',#4956,0.500000000000003);
#1712=CIRCLE('',#4957,5.);
#1713=CIRCLE('',#4959,0.500000000000002);
#1714=CIRCLE('',#4960,3.75);
#1715=CIRCLE('',#4962,5.);
#1716=CIRCLE('',#4964,5.);
#1717=CIRCLE('',#4966,3.75);
#1718=CIRCLE('',#4968,5.);
#1719=CIRCLE('',#4970,0.500000000000003);
#1720=CIRCLE('',#4971,5.5);
#1721=CIRCLE('',#4972,5.);
#1722=CIRCLE('',#4974,0.500000000000002);
#1723=CIRCLE('',#4975,3.25);
#1724=CIRCLE('',#4976,3.75);
#1725=CIRCLE('',#4978,5.5);
#1726=CIRCLE('',#4979,5.);
#1727=CIRCLE('',#4981,5.);
#1728=CIRCLE('',#4983,3.75);
#1729=CIRCLE('',#4985,5.);
#1730=CIRCLE('',#4987,0.499999999999998);
#1731=CIRCLE('',#4988,3.75);
#1732=CIRCLE('',#4989,0.499999999999997);
#1733=CIRCLE('',#4990,4.25);
#1734=CIRCLE('',#4991,0.499999999999974);
#1735=CIRCLE('',#4993,0.500000000000002);
#1736=CIRCLE('',#4994,4.25);
#1737=CIRCLE('',#4995,3.75);
#1738=CIRCLE('',#4997,0.499999999999999);
#1739=CIRCLE('',#4998,4.5);
#1740=CIRCLE('',#4999,5.);
#1741=CIRCLE('',#5001,0.499999999999998);
#1742=CIRCLE('',#5003,0.499999999999999);
#1743=CIRCLE('',#5004,13.);
#1744=CIRCLE('',#5006,0.500000000000001);
#1745=CIRCLE('',#5007,2.);
#1746=CIRCLE('',#5009,0.499999999999995);
#1747=CIRCLE('',#5011,0.5);
#1748=CIRCLE('',#5012,2.);
#1749=CIRCLE('',#5014,0.5);
#1750=CIRCLE('',#5015,13.);
#1751=CIRCLE('',#5017,0.5);
#1752=CIRCLE('',#5019,0.500000000000002);
#1753=CIRCLE('',#5020,4.5);
#1754=CIRCLE('',#5021,5.);
#1755=CIRCLE('',#5023,0.499999999999998);
#1756=CIRCLE('',#5024,4.25);
#1757=CIRCLE('',#5025,3.75);
#1758=CIRCLE('',#5026,0.499999999999998);
#1759=CIRCLE('',#5028,0.500000000000002);
#1760=CIRCLE('',#5029,4.25);
#1761=CIRCLE('',#5030,3.75);
#1762=CIRCLE('',#5032,0.499999999999999);
#1763=CIRCLE('',#5033,4.5);
#1764=CIRCLE('',#5034,5.);
#1765=CIRCLE('',#5036,0.500000000000001);
#1766=CIRCLE('',#5038,0.499999999999998);
#1767=CIRCLE('',#5039,4.5);
#1768=CIRCLE('',#5040,5.);
#1769=CIRCLE('',#5042,0.499999999999998);
#1770=CIRCLE('',#5043,4.25);
#1771=CIRCLE('',#5044,3.75);
#1772=CIRCLE('',#5046,0.5);
#1773=CIRCLE('',#5047,4.5);
#1774=CIRCLE('',#5048,5.);
#1775=CIRCLE('',#5050,0.500000000000001);
#1776=CIRCLE('',#5052,0.500000000000003);
#1777=CIRCLE('',#5053,4.5);
#1778=CIRCLE('',#5054,5.);
#1779=CIRCLE('',#5056,0.499999999999997);
#1780=CIRCLE('',#5058,0.500000000000003);
#1781=CIRCLE('',#5059,4.5);
#1782=CIRCLE('',#5060,5.);
#1783=CIRCLE('',#5062,0.500000000000021);
#1784=CIRCLE('',#5064,0.5);
#1785=CIRCLE('',#5065,2.50000000000001);
#1786=CIRCLE('',#5066,2.00000000000001);
#1787=CIRCLE('',#5068,0.500000000000005);
#1788=CIRCLE('',#5070,0.500000000000021);
#1789=CIRCLE('',#5071,4.5);
#1790=CIRCLE('',#5072,5.);
#1791=CIRCLE('',#5074,0.500000000000003);
#1792=CIRCLE('',#5076,0.499999999999998);
#1793=CIRCLE('',#5077,4.5);
#1794=CIRCLE('',#5079,0.500000000000002);
#1795=CIRCLE('',#5080,4.25);
#1796=CIRCLE('',#5082,0.500000000000003);
#1797=CIRCLE('',#5083,4.5);
#1798=CIRCLE('',#5085,0.500000000000003);
#1799=CIRCLE('',#5087,0.500000000000002);
#1800=CIRCLE('',#5088,4.5);
#1801=CIRCLE('',#5090,0.500000000000002);
#1802=CIRCLE('',#5091,4.25);
#1803=CIRCLE('',#5093,0.499999999999994);
#1804=CIRCLE('',#5094,4.5);
#1805=CIRCLE('',#5096,0.500000000000003);
#1806=CIRCLE('',#5098,0.500000000000002);
#1807=CIRCLE('',#5099,4.5);
#1808=CIRCLE('',#5101,0.500000000000002);
#1809=CIRCLE('',#5102,4.25);
#1810=CIRCLE('',#5104,0.499999999999994);
#1811=CIRCLE('',#5105,4.5);
#1812=CIRCLE('',#5107,0.500000000000003);
#1813=CIRCLE('',#5109,0.500000000000002);
#1814=CIRCLE('',#5110,4.5);
#1815=CIRCLE('',#5112,0.500000000000002);
#1816=CIRCLE('',#5113,4.25);
#1817=CIRCLE('',#5115,0.499999999999994);
#1818=CIRCLE('',#5116,4.5);
#1819=CIRCLE('',#5118,0.500000000000004);
#1820=CIRCLE('',#5120,0.500000000000007);
#1821=CIRCLE('',#5121,4.5);
#1822=CIRCLE('',#5122,5.);
#1823=CIRCLE('',#5124,0.500000000000007);
#1824=CIRCLE('',#5126,0.499999999999977);
#1825=CIRCLE('',#5127,2.5);
#1826=CIRCLE('',#5128,2.);
#1827=CIRCLE('',#5130,0.500000000000235);
#1828=CIRCLE('',#5132,0.500000000000007);
#1829=CIRCLE('',#5133,4.5);
#1830=CIRCLE('',#5134,5.);
#1831=CIRCLE('',#5136,0.500000000000007);
#1832=CIRCLE('',#5138,0.500000000000005);
#1833=CIRCLE('',#5139,4.5);
#1834=CIRCLE('',#5140,5.);
#1835=CIRCLE('',#5142,0.500000000000001);
#1836=CIRCLE('',#5144,0.500000000000002);
#1837=CIRCLE('',#5145,4.5);
#1838=CIRCLE('',#5146,5.);
#1839=CIRCLE('',#5148,0.500000000000002);
#1840=CIRCLE('',#5149,4.25);
#1841=CIRCLE('',#5150,3.75);
#1842=CIRCLE('',#5152,0.499999999999999);
#1843=CIRCLE('',#5153,4.5);
#1844=CIRCLE('',#5154,5.);
#1845=CIRCLE('',#5156,0.5);
#1846=CIRCLE('',#5158,4.5);
#1847=CIRCLE('',#5159,5.);
#1848=CIRCLE('',#5162,5.);
#1849=CIRCLE('',#5165,2.00000000000001);
#1850=CIRCLE('',#5168,5.);
#1851=CIRCLE('',#5171,5.);
#1852=CIRCLE('',#5182,0.500000000000003);
#1853=CIRCLE('',#5183,5.5);
#1854=CIRCLE('',#5184,5.);
#1855=CIRCLE('',#5186,0.500000000000002);
#1856=CIRCLE('',#5187,3.25);
#1857=CIRCLE('',#5188,3.75);
#1858=CIRCLE('',#5190,5.5);
#1859=CIRCLE('',#5191,5.);
#1860=CIRCLE('',#5196,1.);
#1861=CIRCLE('',#5197,0.999999999999998);
#1862=CIRCLE('',#5204,1.);
#1863=CIRCLE('',#5205,0.999999999999996);
#1864=CIRCLE('',#5211,1.);
#1865=CIRCLE('',#5212,1.);
#1866=CIRCLE('',#5216,1.);
#1867=CIRCLE('',#5217,1.00000000000001);
#1868=CIRCLE('',#5224,1.80000000000002);
#1869=CIRCLE('',#5227,1.79999999999925);
#1870=CIRCLE('',#5235,3.50000000000004);
#1871=CIRCLE('',#5236,3.00000000000004);
#1872=CIRCLE('',#5239,3.50000000000001);
#1873=CIRCLE('',#5240,3.00000000000001);
#1874=CIRCLE('',#5242,3.00000000000004);
#1875=CIRCLE('',#5245,3.50000000000004);
#1876=CIRCLE('',#5246,3.5);
#1877=CIRCLE('',#5247,3.50000000000005);
#1878=CIRCLE('',#5248,3.50000000000001);
#1879=CIRCLE('',#5249,3.50000000000005);
#1880=CIRCLE('',#5250,3.50000000000001);
#1881=CIRCLE('',#5253,3.00000000000004);
#1882=CIRCLE('',#5256,3.);
#1883=CIRCLE('',#5258,3.00000000000004);
#1884=CIRCLE('',#5262,3.00000000000004);
#1885=CIRCLE('',#5265,3.);
#1886=CIRCLE('',#5267,3.00000000000004);
#1887=CIRCLE('',#5271,3.00000000000004);
#1888=CIRCLE('',#5274,3.00000000000001);
#1889=CIRCLE('',#5276,3.00000000000004);
#1890=CIRCLE('',#5279,3.);
#1891=CIRCLE('',#5286,1.55);
#1892=CIRCLE('',#5288,1.55);
#1893=CIRCLE('',#5293,1.55);
#1894=CIRCLE('',#5295,1.55);
#1895=CIRCLE('',#5298,2.);
#1896=CIRCLE('',#5299,5.);
#1897=CIRCLE('',#5301,1.99999999999999);
#1898=CIRCLE('',#5302,5.);
#1899=CIRCLE('',#5305,2.);
#1900=CIRCLE('',#5307,2.);
#1901=CIRCLE('',#5309,2.);
#1902=CIRCLE('',#5311,2.);
#1903=CIRCLE('',#5312,5.);
#1904=CIRCLE('',#5320,2.);
#1905=CIRCLE('',#5323,2.);
#1906=CIRCLE('',#5326,1.99999999999999);
#1907=CIRCLE('',#5328,2.);
#1908=CIRCLE('',#5330,2.);
#1909=CIRCLE('',#5333,1.25000000000001);
#1910=CIRCLE('',#5336,2.74999999999999);
#1911=CIRCLE('',#5339,2.74999999999998);
#1912=CIRCLE('',#5342,2.75);
#1913=CIRCLE('',#5345,2.75);
#1914=CIRCLE('',#5348,1.25000000000001);
#1915=CIRCLE('',#5352,5.00000000000005);
#1916=CIRCLE('',#5353,5.);
#1917=CIRCLE('',#5356,6.00000000000005);
#1918=CIRCLE('',#5359,1.8);
#1919=CIRCLE('',#5361,1.8);
#1920=CIRCLE('',#5364,6.);
#1921=CIRCLE('',#5367,3.00000000000001);
#1922=CIRCLE('',#5369,3.);
#1923=CIRCLE('',#5371,3.00000000000001);
#1924=VERTEX_POINT('',#6915);
#1925=VERTEX_POINT('',#6916);
#1926=VERTEX_POINT('',#6918);
#1927=VERTEX_POINT('',#6936);
#1928=VERTEX_POINT('',#6937);
#1929=VERTEX_POINT('',#6942);
#1930=VERTEX_POINT('',#6943);
#1931=VERTEX_POINT('',#6948);
#1932=VERTEX_POINT('',#6949);
#1933=VERTEX_POINT('',#6954);
#1934=VERTEX_POINT('',#6955);
#1935=VERTEX_POINT('',#6960);
#1936=VERTEX_POINT('',#6961);
#1937=VERTEX_POINT('',#7005);
#1938=VERTEX_POINT('',#7023);
#1939=VERTEX_POINT('',#7025);
#1940=VERTEX_POINT('',#7029);
#1941=VERTEX_POINT('',#7033);
#1942=VERTEX_POINT('',#7036);
#1943=VERTEX_POINT('',#7037);
#1944=VERTEX_POINT('',#7039);
#1945=VERTEX_POINT('',#7041);
#1946=VERTEX_POINT('',#7043);
#1947=VERTEX_POINT('',#7045);
#1948=VERTEX_POINT('',#7047);
#1949=VERTEX_POINT('',#7049);
#1950=VERTEX_POINT('',#7053);
#1951=VERTEX_POINT('',#7057);
#1952=VERTEX_POINT('',#7064);
#1953=VERTEX_POINT('',#7066);
#1954=VERTEX_POINT('',#7068);
#1955=VERTEX_POINT('',#7075);
#1956=VERTEX_POINT('',#7077);
#1957=VERTEX_POINT('',#7084);
#1958=VERTEX_POINT('',#7086);
#1959=VERTEX_POINT('',#7088);
#1960=VERTEX_POINT('',#7090);
#1961=VERTEX_POINT('',#7097);
#1962=VERTEX_POINT('',#7099);
#1963=VERTEX_POINT('',#7106);
#1964=VERTEX_POINT('',#7108);
#1965=VERTEX_POINT('',#7110);
#1966=VERTEX_POINT('',#7112);
#1967=VERTEX_POINT('',#7114);
#1968=VERTEX_POINT('',#7116);
#1969=VERTEX_POINT('',#7118);
#1970=VERTEX_POINT('',#7120);
#1971=VERTEX_POINT('',#7122);
#1972=VERTEX_POINT('',#7124);
#1973=VERTEX_POINT('',#7126);
#1974=VERTEX_POINT('',#7128);
#1975=VERTEX_POINT('',#7135);
#1976=VERTEX_POINT('',#7137);
#1977=VERTEX_POINT('',#7144);
#1978=VERTEX_POINT('',#7146);
#1979=VERTEX_POINT('',#7148);
#1980=VERTEX_POINT('',#7150);
#1981=VERTEX_POINT('',#7157);
#1982=VERTEX_POINT('',#7159);
#1983=VERTEX_POINT('',#7166);
#1984=VERTEX_POINT('',#7170);
#1985=VERTEX_POINT('',#7172);
#1986=VERTEX_POINT('',#7174);
#1987=VERTEX_POINT('',#7178);
#1988=VERTEX_POINT('',#7180);
#1989=VERTEX_POINT('',#7184);
#1990=VERTEX_POINT('',#7188);
#1991=VERTEX_POINT('',#7192);
#1992=VERTEX_POINT('',#7198);
#1993=VERTEX_POINT('',#7200);
#1994=VERTEX_POINT('',#7202);
#1995=VERTEX_POINT('',#7206);
#1996=VERTEX_POINT('',#7208);
#1997=VERTEX_POINT('',#7212);
#1998=VERTEX_POINT('',#7216);
#1999=VERTEX_POINT('',#7220);
#2000=VERTEX_POINT('',#7226);
#2001=VERTEX_POINT('',#7228);
#2002=VERTEX_POINT('',#7230);
#2003=VERTEX_POINT('',#7234);
#2004=VERTEX_POINT('',#7236);
#2005=VERTEX_POINT('',#7240);
#2006=VERTEX_POINT('',#7244);
#2007=VERTEX_POINT('',#7248);
#2008=VERTEX_POINT('',#7254);
#2009=VERTEX_POINT('',#7256);
#2010=VERTEX_POINT('',#7258);
#2011=VERTEX_POINT('',#7262);
#2012=VERTEX_POINT('',#7266);
#2013=VERTEX_POINT('',#7267);
#2014=VERTEX_POINT('',#7269);
#2015=VERTEX_POINT('',#7271);
#2016=VERTEX_POINT('',#7275);
#2017=VERTEX_POINT('',#7277);
#2018=VERTEX_POINT('',#7284);
#2019=VERTEX_POINT('',#7288);
#2020=VERTEX_POINT('',#7295);
#2021=VERTEX_POINT('',#7297);
#2022=VERTEX_POINT('',#7301);
#2023=VERTEX_POINT('',#7305);
#2024=VERTEX_POINT('',#7309);
#2025=VERTEX_POINT('',#7311);
#2026=VERTEX_POINT('',#7313);
#2027=VERTEX_POINT('',#7317);
#2028=VERTEX_POINT('',#7321);
#2029=VERTEX_POINT('',#7322);
#2030=VERTEX_POINT('',#7324);
#2031=VERTEX_POINT('',#7326);
#2032=VERTEX_POINT('',#7330);
#2033=VERTEX_POINT('',#7332);
#2034=VERTEX_POINT('',#7334);
#2035=VERTEX_POINT('',#7338);
#2036=VERTEX_POINT('',#7342);
#2037=VERTEX_POINT('',#7343);
#2038=VERTEX_POINT('',#7345);
#2039=VERTEX_POINT('',#7347);
#2040=VERTEX_POINT('',#7351);
#2041=VERTEX_POINT('',#7353);
#2042=VERTEX_POINT('',#7360);
#2043=VERTEX_POINT('',#7364);
#2044=VERTEX_POINT('',#7371);
#2045=VERTEX_POINT('',#7373);
#2046=VERTEX_POINT('',#7377);
#2047=VERTEX_POINT('',#7381);
#2048=VERTEX_POINT('',#7385);
#2049=VERTEX_POINT('',#7387);
#2050=VERTEX_POINT('',#7394);
#2051=VERTEX_POINT('',#7398);
#2052=VERTEX_POINT('',#7405);
#2053=VERTEX_POINT('',#7407);
#2054=VERTEX_POINT('',#7411);
#2055=VERTEX_POINT('',#7415);
#2056=VERTEX_POINT('',#7419);
#2057=VERTEX_POINT('',#7420);
#2058=VERTEX_POINT('',#7422);
#2059=VERTEX_POINT('',#7424);
#2060=VERTEX_POINT('',#7431);
#2061=VERTEX_POINT('',#7432);
#2062=VERTEX_POINT('',#7437);
#2063=VERTEX_POINT('',#7438);
#2064=VERTEX_POINT('',#7446);
#2065=VERTEX_POINT('',#7448);
#2066=VERTEX_POINT('',#7452);
#2067=VERTEX_POINT('',#7456);
#2068=VERTEX_POINT('',#7460);
#2069=VERTEX_POINT('',#7461);
#2070=VERTEX_POINT('',#7463);
#2071=VERTEX_POINT('',#7465);
#2072=VERTEX_POINT('',#7598);
#2073=VERTEX_POINT('',#7625);
#2074=VERTEX_POINT('',#7654);
#2075=VERTEX_POINT('',#7655);
#2076=VERTEX_POINT('',#7660);
#2077=VERTEX_POINT('',#7665);
#2078=VERTEX_POINT('',#7669);
#2079=VERTEX_POINT('',#7673);
#2080=VERTEX_POINT('',#7677);
#2081=VERTEX_POINT('',#7681);
#2082=VERTEX_POINT('',#7685);
#2083=VERTEX_POINT('',#7689);
#2084=VERTEX_POINT('',#7693);
#2085=VERTEX_POINT('',#7694);
#2086=VERTEX_POINT('',#7699);
#2087=VERTEX_POINT('',#7700);
#2088=VERTEX_POINT('',#7809);
#2089=VERTEX_POINT('',#7831);
#2090=VERTEX_POINT('',#7855);
#2091=VERTEX_POINT('',#7856);
#2092=VERTEX_POINT('',#7861);
#2093=VERTEX_POINT('',#7866);
#2094=VERTEX_POINT('',#7870);
#2095=VERTEX_POINT('',#7871);
#2096=VERTEX_POINT('',#7876);
#2097=VERTEX_POINT('',#7877);
#2098=VERTEX_POINT('',#7882);
#2099=VERTEX_POINT('',#7887);
#2100=VERTEX_POINT('',#7891);
#2101=VERTEX_POINT('',#7892);
#2102=VERTEX_POINT('',#7897);
#2103=VERTEX_POINT('',#7898);
#2104=VERTEX_POINT('',#7903);
#2105=VERTEX_POINT('',#7904);
#2106=VERTEX_POINT('',#7909);
#2107=VERTEX_POINT('',#7910);
#2108=VERTEX_POINT('',#7915);
#2109=VERTEX_POINT('',#7916);
#2110=VERTEX_POINT('',#7921);
#2111=VERTEX_POINT('',#7922);
#2112=VERTEX_POINT('',#7927);
#2113=VERTEX_POINT('',#7928);
#2114=VERTEX_POINT('',#7933);
#2115=VERTEX_POINT('',#7938);
#2116=VERTEX_POINT('',#7942);
#2117=VERTEX_POINT('',#7946);
#2118=VERTEX_POINT('',#7950);
#2119=VERTEX_POINT('',#7955);
#2120=VERTEX_POINT('',#7959);
#2121=VERTEX_POINT('',#7963);
#2122=VERTEX_POINT('',#7967);
#2123=VERTEX_POINT('',#7972);
#2124=VERTEX_POINT('',#7976);
#2125=VERTEX_POINT('',#7980);
#2126=VERTEX_POINT('',#7984);
#2127=VERTEX_POINT('',#7989);
#2128=VERTEX_POINT('',#7993);
#2129=VERTEX_POINT('',#7997);
#2130=VERTEX_POINT('',#8001);
#2131=VERTEX_POINT('',#8002);
#2132=VERTEX_POINT('',#8007);
#2133=VERTEX_POINT('',#8008);
#2134=VERTEX_POINT('',#8013);
#2135=VERTEX_POINT('',#8014);
#2136=VERTEX_POINT('',#8019);
#2137=VERTEX_POINT('',#8020);
#2138=VERTEX_POINT('',#8025);
#2139=VERTEX_POINT('',#8026);
#2140=VERTEX_POINT('',#8031);
#2141=VERTEX_POINT('',#8032);
#2142=VERTEX_POINT('',#8037);
#2143=VERTEX_POINT('',#8038);
#2144=VERTEX_POINT('',#8043);
#2145=VERTEX_POINT('',#8048);
#2146=VERTEX_POINT('',#8052);
#2147=VERTEX_POINT('',#8053);
#2148=VERTEX_POINT('',#8058);
#2149=VERTEX_POINT('',#8059);
#2150=VERTEX_POINT('',#8064);
#2151=VERTEX_POINT('',#8069);
#2152=VERTEX_POINT('',#8076);
#2153=VERTEX_POINT('',#8078);
#2154=VERTEX_POINT('',#8080);
#2155=VERTEX_POINT('',#8082);
#2156=VERTEX_POINT('',#8086);
#2157=VERTEX_POINT('',#8088);
#2158=VERTEX_POINT('',#8092);
#2159=VERTEX_POINT('',#8094);
#2160=VERTEX_POINT('',#8096);
#2161=VERTEX_POINT('',#8101);
#2162=VERTEX_POINT('',#8106);
#2163=VERTEX_POINT('',#8110);
#2164=VERTEX_POINT('',#8114);
#2165=VERTEX_POINT('',#8116);
#2166=VERTEX_POINT('',#8118);
#2167=VERTEX_POINT('',#8122);
#2168=VERTEX_POINT('',#8126);
#2169=VERTEX_POINT('',#8128);
#2170=VERTEX_POINT('',#8130);
#2171=VERTEX_POINT('',#8132);
#2172=VERTEX_POINT('',#8134);
#2173=VERTEX_POINT('',#8149);
#2174=VERTEX_POINT('',#8151);
#2175=VERTEX_POINT('',#8153);
#2176=VERTEX_POINT('',#8158);
#2177=VERTEX_POINT('',#8160);
#2178=VERTEX_POINT('',#8170);
#2179=VERTEX_POINT('',#8171);
#2180=VERTEX_POINT('',#8176);
#2181=VERTEX_POINT('',#8177);
#2182=VERTEX_POINT('',#8190);
#2183=VERTEX_POINT('',#8191);
#2184=VERTEX_POINT('',#8193);
#2185=VERTEX_POINT('',#8195);
#2186=VERTEX_POINT('',#8231);
#2187=VERTEX_POINT('',#8235);
#2188=VERTEX_POINT('',#8239);
#2189=VERTEX_POINT('',#8241);
#2190=VERTEX_POINT('',#8276);
#2191=VERTEX_POINT('',#8280);
#2192=VERTEX_POINT('',#8284);
#2193=VERTEX_POINT('',#8286);
#2194=VERTEX_POINT('',#8321);
#2195=VERTEX_POINT('',#8323);
#2196=VERTEX_POINT('',#8327);
#2197=VERTEX_POINT('',#8360);
#2198=VERTEX_POINT('',#8371);
#2199=VERTEX_POINT('',#8373);
#2200=VERTEX_POINT('',#8377);
#2201=VERTEX_POINT('',#8381);
#2202=VERTEX_POINT('',#8385);
#2203=VERTEX_POINT('',#8389);
#2204=VERTEX_POINT('',#8396);
#2205=VERTEX_POINT('',#8397);
#2206=VERTEX_POINT('',#8399);
#2207=VERTEX_POINT('',#8401);
#2208=VERTEX_POINT('',#8405);
#2209=VERTEX_POINT('',#8406);
#2210=VERTEX_POINT('',#8411);
#2211=VERTEX_POINT('',#8412);
#2212=VERTEX_POINT('',#8420);
#2213=VERTEX_POINT('',#8422);
#2214=VERTEX_POINT('',#8426);
#2215=VERTEX_POINT('',#8430);
#2216=VERTEX_POINT('',#8431);
#2217=VERTEX_POINT('',#8433);
#2218=VERTEX_POINT('',#8438);
#2219=VERTEX_POINT('',#8449);
#2220=VERTEX_POINT('',#8451);
#2221=VERTEX_POINT('',#8462);
#2222=VERTEX_POINT('',#8467);
#2223=VERTEX_POINT('',#8469);
#2224=VERTEX_POINT('',#8474);
#2225=VERTEX_POINT('',#8481);
#2226=VERTEX_POINT('',#8483);
#2227=VERTEX_POINT('',#8494);
#2228=VERTEX_POINT('',#8495);
#2229=VERTEX_POINT('',#8497);
#2230=VERTEX_POINT('',#8499);
#2231=VERTEX_POINT('',#8502);
#2232=VERTEX_POINT('',#8503);
#2233=VERTEX_POINT('',#8505);
#2234=VERTEX_POINT('',#8507);
#2235=VERTEX_POINT('',#8510);
#2236=VERTEX_POINT('',#8511);
#2237=VERTEX_POINT('',#8513);
#2238=VERTEX_POINT('',#8515);
#2239=VERTEX_POINT('',#8519);
#2240=VERTEX_POINT('',#8521);
#2241=VERTEX_POINT('',#8525);
#2242=VERTEX_POINT('',#8529);
#2243=VERTEX_POINT('',#8535);
#2244=VERTEX_POINT('',#8537);
#2245=VERTEX_POINT('',#8541);
#2246=VERTEX_POINT('',#8545);
#2247=VERTEX_POINT('',#8547);
#2248=VERTEX_POINT('',#8551);
#2249=VERTEX_POINT('',#8555);
#2250=VERTEX_POINT('',#8561);
#2251=VERTEX_POINT('',#8563);
#2252=VERTEX_POINT('',#8567);
#2253=VERTEX_POINT('',#8571);
#2254=VERTEX_POINT('',#8573);
#2255=VERTEX_POINT('',#8577);
#2256=VERTEX_POINT('',#8581);
#2257=VERTEX_POINT('',#8587);
#2258=VERTEX_POINT('',#8589);
#2259=VERTEX_POINT('',#8593);
#2260=VERTEX_POINT('',#8597);
#2261=VERTEX_POINT('',#8604);
#2262=VERTEX_POINT('',#8607);
#2263=VERTEX_POINT('',#8610);
#2264=VERTEX_POINT('',#8613);
#2265=VERTEX_POINT('',#8615);
#2266=VERTEX_POINT('',#8618);
#2267=VERTEX_POINT('',#8620);
#2268=VERTEX_POINT('',#8623);
#2269=VERTEX_POINT('',#8626);
#2270=VERTEX_POINT('',#8629);
#2271=VERTEX_POINT('',#8632);
#2272=VERTEX_POINT('',#8636);
#2273=VERTEX_POINT('',#8641);
#2274=VERTEX_POINT('',#8642);
#2275=VERTEX_POINT('',#8644);
#2276=VERTEX_POINT('',#8646);
#2277=VERTEX_POINT('',#8650);
#2278=VERTEX_POINT('',#8651);
#2279=VERTEX_POINT('',#8663);
#2280=VERTEX_POINT('',#8665);
#2281=VERTEX_POINT('',#8690);
#2282=VERTEX_POINT('',#8705);
#2283=VERTEX_POINT('',#8707);
#2284=VERTEX_POINT('',#8711);
#2285=VERTEX_POINT('',#8715);
#2286=VERTEX_POINT('',#8719);
#2287=VERTEX_POINT('',#8729);
#2288=VERTEX_POINT('',#8734);
#2289=VERTEX_POINT('',#8756);
#2290=VERTEX_POINT('',#8758);
#2291=VERTEX_POINT('',#8780);
#2292=VERTEX_POINT('',#8834);
#2293=VERTEX_POINT('',#8864);
#2294=VERTEX_POINT('',#8918);
#2295=VERTEX_POINT('',#8948);
#2296=VERTEX_POINT('',#8970);
#2297=VERTEX_POINT('',#8977);
#2298=VERTEX_POINT('',#8979);
#2299=VERTEX_POINT('',#8983);
#2300=VERTEX_POINT('',#8987);
#2301=VERTEX_POINT('',#8991);
#2302=VERTEX_POINT('',#8995);
#2303=VERTEX_POINT('',#8999);
#2304=VERTEX_POINT('',#9003);
#2305=VERTEX_POINT('',#9007);
#2306=VERTEX_POINT('',#9011);
#2307=VERTEX_POINT('',#9015);
#2308=VERTEX_POINT('',#9019);
#2309=VERTEX_POINT('',#9066);
#2310=VERTEX_POINT('',#9071);
#2311=VERTEX_POINT('',#9076);
#2312=VERTEX_POINT('',#9081);
#2313=VERTEX_POINT('',#9097);
#2314=VERTEX_POINT('',#9102);
#2315=VERTEX_POINT('',#9118);
#2316=VERTEX_POINT('',#9123);
#2317=VERTEX_POINT('',#9133);
#2318=VERTEX_POINT('',#9135);
#2319=VERTEX_POINT('',#9137);
#2320=VERTEX_POINT('',#9139);
#2321=VERTEX_POINT('',#9202);
#2322=VERTEX_POINT('',#9204);
#2323=VERTEX_POINT('',#9237);
#2324=VERTEX_POINT('',#9303);
#2325=VERTEX_POINT('',#9336);
#2326=VERTEX_POINT('',#9358);
#2327=VERTEX_POINT('',#9365);
#2328=VERTEX_POINT('',#9369);
#2329=VERTEX_POINT('',#9373);
#2330=VERTEX_POINT('',#9375);
#2331=VERTEX_POINT('',#9383);
#2332=VERTEX_POINT('',#9387);
#2333=VERTEX_POINT('',#9406);
#2334=VERTEX_POINT('',#9408);
#2335=VERTEX_POINT('',#9437);
#2336=VERTEX_POINT('',#9441);
#2337=VERTEX_POINT('',#9445);
#2338=VERTEX_POINT('',#9449);
#2339=VERTEX_POINT('',#9451);
#2340=VERTEX_POINT('',#9460);
#2341=VERTEX_POINT('',#9464);
#2342=VERTEX_POINT('',#9473);
#2343=VERTEX_POINT('',#9478);
#2344=VERTEX_POINT('',#9482);
#2345=VERTEX_POINT('',#9487);
#2346=VERTEX_POINT('',#9496);
#2347=VERTEX_POINT('',#9500);
#2348=VERTEX_POINT('',#9507);
#2349=VERTEX_POINT('',#9514);
#2350=EDGE_CURVE('',#1924,#1925,#1610,.T.);
#2351=EDGE_CURVE('',#1925,#1926,#1540,.T.);
#2352=EDGE_CURVE('',#1926,#1924,#1541,.T.);
#2353=EDGE_CURVE('',#1927,#1928,#1611,.T.);
#2354=EDGE_CURVE('',#1928,#1925,#1612,.T.);
#2355=EDGE_CURVE('',#1924,#1927,#1613,.T.);
#2356=EDGE_CURVE('',#1929,#1930,#1614,.T.);
#2357=EDGE_CURVE('',#1930,#1928,#1615,.T.);
#2358=EDGE_CURVE('',#1927,#1929,#1616,.T.);
#2359=EDGE_CURVE('',#1931,#1932,#1617,.T.);
#2360=EDGE_CURVE('',#1932,#1930,#136,.T.);
#2361=EDGE_CURVE('',#1929,#1931,#137,.T.);
#2362=EDGE_CURVE('',#1933,#1934,#1618,.T.);
#2363=EDGE_CURVE('',#1934,#1932,#1619,.T.);
#2364=EDGE_CURVE('',#1931,#1933,#1620,.T.);
#2365=EDGE_CURVE('',#1935,#1936,#1621,.T.);
#2366=EDGE_CURVE('',#1936,#1934,#1622,.T.);
#2367=EDGE_CURVE('',#1933,#1935,#1623,.T.);
#2368=EDGE_CURVE('',#1935,#1937,#1542,.T.);
#2369=EDGE_CURVE('',#1937,#1936,#1543,.T.);
#2370=EDGE_CURVE('',#1933,#1938,#138,.T.);
#2371=EDGE_CURVE('',#1939,#1938,#1624,.T.);
#2372=EDGE_CURVE('',#1939,#1937,#139,.T.);
#2373=EDGE_CURVE('',#1931,#1940,#140,.T.);
#2374=EDGE_CURVE('',#1938,#1940,#1625,.T.);
#2375=EDGE_CURVE('',#1941,#1929,#141,.T.);
#2376=EDGE_CURVE('',#1940,#1941,#142,.T.);
#2377=EDGE_CURVE('',#1942,#1943,#143,.T.);
#2378=EDGE_CURVE('',#1944,#1942,#1626,.T.);
#2379=EDGE_CURVE('',#1945,#1944,#144,.T.);
#2380=EDGE_CURVE('',#1946,#1945,#1627,.T.);
#2381=EDGE_CURVE('',#1947,#1946,#145,.T.);
#2382=EDGE_CURVE('',#1948,#1947,#1628,.T.);
#2383=EDGE_CURVE('',#1949,#1948,#146,.T.);
#2384=EDGE_CURVE('',#1943,#1949,#1629,.T.);
#2385=EDGE_CURVE('',#1950,#1927,#147,.T.);
#2386=EDGE_CURVE('',#1941,#1950,#1630,.T.);
#2387=EDGE_CURVE('',#1926,#1951,#148,.T.);
#2388=EDGE_CURVE('',#1950,#1951,#1631,.T.);
#2389=EDGE_CURVE('',#1937,#1926,#149,.T.);
#2390=EDGE_CURVE('',#1925,#1936,#150,.T.);
#2391=EDGE_CURVE('',#1952,#1939,#151,.T.);
#2392=EDGE_CURVE('',#1953,#1952,#152,.T.);
#2393=EDGE_CURVE('',#1954,#1953,#1544,.F.);
#2394=EDGE_CURVE('',#1954,#1955,#153,.T.);
#2395=EDGE_CURVE('',#1956,#1955,#1545,.F.);
#2396=EDGE_CURVE('',#1957,#1956,#154,.T.);
#2397=EDGE_CURVE('',#1958,#1957,#155,.T.);
#2398=EDGE_CURVE('',#1959,#1958,#156,.T.);
#2399=EDGE_CURVE('',#1960,#1959,#1546,.F.);
#2400=EDGE_CURVE('',#1960,#1961,#157,.T.);
#2401=EDGE_CURVE('',#1962,#1961,#1547,.F.);
#2402=EDGE_CURVE('',#1963,#1962,#158,.T.);
#2403=EDGE_CURVE('',#1964,#1963,#159,.T.);
#2404=EDGE_CURVE('',#1965,#1964,#160,.T.);
#2405=EDGE_CURVE('',#1965,#1966,#161,.T.);
#2406=EDGE_CURVE('',#1966,#1967,#162,.T.);
#2407=EDGE_CURVE('',#1968,#1967,#163,.T.);
#2408=EDGE_CURVE('',#1969,#1968,#164,.T.);
#2409=EDGE_CURVE('',#1969,#1970,#165,.T.);
#2410=EDGE_CURVE('',#1971,#1970,#166,.T.);
#2411=EDGE_CURVE('',#1972,#1971,#167,.T.);
#2412=EDGE_CURVE('',#1973,#1972,#168,.T.);
#2413=EDGE_CURVE('',#1974,#1973,#1548,.F.);
#2414=EDGE_CURVE('',#1974,#1975,#169,.T.);
#2415=EDGE_CURVE('',#1976,#1975,#1549,.F.);
#2416=EDGE_CURVE('',#1977,#1976,#170,.T.);
#2417=EDGE_CURVE('',#1978,#1977,#171,.T.);
#2418=EDGE_CURVE('',#1979,#1978,#172,.T.);
#2419=EDGE_CURVE('',#1980,#1979,#1550,.F.);
#2420=EDGE_CURVE('',#1980,#1981,#173,.T.);
#2421=EDGE_CURVE('',#1982,#1981,#1551,.F.);
#2422=EDGE_CURVE('',#1983,#1982,#174,.T.);
#2423=EDGE_CURVE('',#1951,#1983,#175,.T.);
#2424=EDGE_CURVE('',#1984,#1984,#1632,.T.);
#2425=EDGE_CURVE('',#1984,#1985,#1633,.T.);
#2426=EDGE_CURVE('',#1985,#1986,#1634,.T.);
#2427=EDGE_CURVE('',#1986,#1985,#1635,.T.);
#2428=EDGE_CURVE('',#1987,#1954,#1636,.T.);
#2429=EDGE_CURVE('',#1988,#1987,#1637,.T.);
#2430=EDGE_CURVE('',#1955,#1988,#1638,.T.);
#2431=EDGE_CURVE('',#1986,#1989,#176,.T.);
#2432=EDGE_CURVE('',#1989,#1989,#1639,.T.);
#2433=EDGE_CURVE('',#1988,#1990,#1640,.T.);
#2434=EDGE_CURVE('',#1990,#1956,#1641,.T.);
#2435=EDGE_CURVE('',#1987,#1991,#1642,.T.);
#2436=EDGE_CURVE('',#1991,#1990,#1643,.T.);
#2437=EDGE_CURVE('',#1953,#1991,#1644,.T.);
#2438=EDGE_CURVE('',#1992,#1992,#1645,.T.);
#2439=EDGE_CURVE('',#1992,#1993,#1646,.T.);
#2440=EDGE_CURVE('',#1993,#1994,#1647,.T.);
#2441=EDGE_CURVE('',#1994,#1993,#1648,.T.);
#2442=EDGE_CURVE('',#1995,#1980,#1649,.T.);
#2443=EDGE_CURVE('',#1996,#1995,#1650,.T.);
#2444=EDGE_CURVE('',#1981,#1996,#1651,.T.);
#2445=EDGE_CURVE('',#1994,#1997,#177,.T.);
#2446=EDGE_CURVE('',#1997,#1997,#1652,.T.);
#2447=EDGE_CURVE('',#1996,#1998,#1653,.T.);
#2448=EDGE_CURVE('',#1998,#1982,#1654,.T.);
#2449=EDGE_CURVE('',#1995,#1999,#1655,.T.);
#2450=EDGE_CURVE('',#1999,#1998,#1656,.T.);
#2451=EDGE_CURVE('',#1979,#1999,#1657,.T.);
#2452=EDGE_CURVE('',#2000,#2000,#1658,.T.);
#2453=EDGE_CURVE('',#2000,#2001,#1659,.T.);
#2454=EDGE_CURVE('',#2001,#2002,#1660,.T.);
#2455=EDGE_CURVE('',#2002,#2001,#1661,.T.);
#2456=EDGE_CURVE('',#2003,#1974,#1662,.T.);
#2457=EDGE_CURVE('',#2004,#2003,#1663,.T.);
#2458=EDGE_CURVE('',#1975,#2004,#1664,.T.);
#2459=EDGE_CURVE('',#2002,#2005,#178,.T.);
#2460=EDGE_CURVE('',#2005,#2005,#1665,.T.);
#2461=EDGE_CURVE('',#2004,#2006,#1666,.T.);
#2462=EDGE_CURVE('',#2006,#1976,#1667,.T.);
#2463=EDGE_CURVE('',#2003,#2007,#1668,.T.);
#2464=EDGE_CURVE('',#2007,#2006,#1669,.T.);
#2465=EDGE_CURVE('',#1973,#2007,#1670,.T.);
#2466=EDGE_CURVE('',#2008,#2008,#1671,.T.);
#2467=EDGE_CURVE('',#2008,#2009,#1672,.T.);
#2468=EDGE_CURVE('',#2009,#2010,#1673,.T.);
#2469=EDGE_CURVE('',#2010,#2009,#1674,.T.);
#2470=EDGE_CURVE('',#2010,#2011,#179,.T.);
#2471=EDGE_CURVE('',#2011,#2011,#1675,.T.);
#2472=EDGE_CURVE('',#2012,#2013,#1676,.T.);
#2473=EDGE_CURVE('',#2014,#2012,#180,.T.);
#2474=EDGE_CURVE('',#2015,#2014,#1677,.T.);
#2475=EDGE_CURVE('',#2013,#2015,#1678,.T.);
#2476=EDGE_CURVE('',#2016,#2015,#1679,.T.);
#2477=EDGE_CURVE('',#2014,#2017,#1552,.F.);
#2478=EDGE_CURVE('',#2017,#2016,#1680,.T.);
#2479=EDGE_CURVE('',#2018,#2013,#1681,.T.);
#2480=EDGE_CURVE('',#2016,#2018,#1682,.T.);
#2481=EDGE_CURVE('',#2019,#2012,#1553,.F.);
#2482=EDGE_CURVE('',#2018,#2019,#1683,.T.);
#2483=EDGE_CURVE('',#2018,#2020,#181,.T.);
#2484=EDGE_CURVE('',#2021,#2020,#1684,.T.);
#2485=EDGE_CURVE('',#2021,#2019,#182,.T.);
#2486=EDGE_CURVE('',#2022,#2016,#183,.T.);
#2487=EDGE_CURVE('',#2020,#2022,#1685,.T.);
#2488=EDGE_CURVE('',#2017,#2023,#184,.T.);
#2489=EDGE_CURVE('',#2022,#2023,#1686,.T.);
#2490=EDGE_CURVE('',#2024,#2024,#1687,.T.);
#2491=EDGE_CURVE('',#2024,#2025,#1688,.T.);
#2492=EDGE_CURVE('',#2025,#2026,#1689,.T.);
#2493=EDGE_CURVE('',#2026,#2025,#1690,.T.);
#2494=EDGE_CURVE('',#2026,#2027,#185,.T.);
#2495=EDGE_CURVE('',#2027,#2027,#1691,.T.);
#2496=EDGE_CURVE('',#2028,#2029,#1692,.T.);
#2497=EDGE_CURVE('',#2030,#2028,#186,.T.);
#2498=EDGE_CURVE('',#2031,#2030,#1693,.T.);
#2499=EDGE_CURVE('',#2029,#2031,#1694,.T.);
#2500=EDGE_CURVE('',#2032,#2032,#1695,.T.);
#2501=EDGE_CURVE('',#2032,#2033,#1696,.T.);
#2502=EDGE_CURVE('',#2033,#2034,#1697,.T.);
#2503=EDGE_CURVE('',#2034,#2033,#1698,.T.);
#2504=EDGE_CURVE('',#2034,#2035,#187,.T.);
#2505=EDGE_CURVE('',#2035,#2035,#1699,.T.);
#2506=EDGE_CURVE('',#2036,#2037,#1700,.T.);
#2507=EDGE_CURVE('',#2038,#2036,#188,.T.);
#2508=EDGE_CURVE('',#2039,#2038,#1701,.T.);
#2509=EDGE_CURVE('',#2037,#2039,#1702,.T.);
#2510=EDGE_CURVE('',#2040,#2039,#1703,.T.);
#2511=EDGE_CURVE('',#2038,#2041,#1554,.F.);
#2512=EDGE_CURVE('',#2041,#2040,#1704,.T.);
#2513=EDGE_CURVE('',#2042,#2037,#1705,.T.);
#2514=EDGE_CURVE('',#2040,#2042,#1706,.T.);
#2515=EDGE_CURVE('',#2043,#2036,#1555,.F.);
#2516=EDGE_CURVE('',#2042,#2043,#1707,.T.);
#2517=EDGE_CURVE('',#2042,#2044,#189,.T.);
#2518=EDGE_CURVE('',#2045,#2044,#1708,.T.);
#2519=EDGE_CURVE('',#2045,#2043,#190,.T.);
#2520=EDGE_CURVE('',#2046,#2040,#191,.T.);
#2521=EDGE_CURVE('',#2044,#2046,#1709,.T.);
#2522=EDGE_CURVE('',#2041,#2047,#192,.T.);
#2523=EDGE_CURVE('',#2046,#2047,#1710,.T.);
#2524=EDGE_CURVE('',#2048,#2031,#1711,.T.);
#2525=EDGE_CURVE('',#2030,#2049,#1556,.F.);
#2526=EDGE_CURVE('',#2049,#2048,#1712,.T.);
#2527=EDGE_CURVE('',#2050,#2029,#1713,.T.);
#2528=EDGE_CURVE('',#2048,#2050,#1714,.T.);
#2529=EDGE_CURVE('',#2051,#2028,#1557,.F.);
#2530=EDGE_CURVE('',#2050,#2051,#1715,.T.);
#2531=EDGE_CURVE('',#2050,#2052,#193,.T.);
#2532=EDGE_CURVE('',#2053,#2052,#1716,.T.);
#2533=EDGE_CURVE('',#2053,#2051,#194,.T.);
#2534=EDGE_CURVE('',#2054,#2048,#195,.T.);
#2535=EDGE_CURVE('',#2052,#2054,#1717,.T.);
#2536=EDGE_CURVE('',#2049,#2055,#196,.T.);
#2537=EDGE_CURVE('',#2054,#2055,#1718,.T.);
#2538=EDGE_CURVE('',#2056,#2057,#1719,.T.);
#2539=EDGE_CURVE('',#2057,#2058,#1720,.T.);
#2540=EDGE_CURVE('',#2058,#2059,#1558,.F.);
#2541=EDGE_CURVE('',#2059,#2056,#1721,.T.);
#2542=EDGE_CURVE('',#2060,#2061,#1722,.T.);
#2543=EDGE_CURVE('',#2061,#2057,#1723,.T.);
#2544=EDGE_CURVE('',#2056,#2060,#1724,.T.);
#2545=EDGE_CURVE('',#2062,#2063,#1559,.F.);
#2546=EDGE_CURVE('',#2063,#2061,#1725,.T.);
#2547=EDGE_CURVE('',#2060,#2062,#1726,.T.);
#2548=EDGE_CURVE('',#2060,#2064,#197,.T.);
#2549=EDGE_CURVE('',#2065,#2064,#1727,.T.);
#2550=EDGE_CURVE('',#2065,#2062,#198,.T.);
#2551=EDGE_CURVE('',#2066,#2056,#199,.T.);
#2552=EDGE_CURVE('',#2064,#2066,#1728,.T.);
#2553=EDGE_CURVE('',#2059,#2067,#200,.T.);
#2554=EDGE_CURVE('',#2066,#2067,#1729,.T.);
#2555=EDGE_CURVE('',#2068,#2069,#1730,.T.);
#2556=EDGE_CURVE('',#2069,#2070,#1731,.T.);
#2557=EDGE_CURVE('',#2070,#2071,#1732,.T.);
#2558=EDGE_CURVE('',#2071,#2068,#1733,.T.);
#2559=EDGE_CURVE('',#2070,#2072,#1560,.T.);
#2560=EDGE_CURVE('',#2072,#2073,#1734,.T.);
#2561=EDGE_CURVE('',#2073,#2071,#1561,.T.);
#2562=EDGE_CURVE('',#2074,#2075,#1735,.T.);
#2563=EDGE_CURVE('',#2075,#2073,#1736,.T.);
#2564=EDGE_CURVE('',#2072,#2074,#1737,.T.);
#2565=EDGE_CURVE('',#1952,#2076,#1738,.T.);
#2566=EDGE_CURVE('',#2076,#2075,#1739,.T.);
#2567=EDGE_CURVE('',#2074,#1952,#1740,.T.);
#2568=EDGE_CURVE('',#1939,#2077,#1741,.T.);
#2569=EDGE_CURVE('',#2077,#2076,#201,.T.);
#2570=EDGE_CURVE('',#1938,#2078,#1742,.T.);
#2571=EDGE_CURVE('',#2078,#2077,#1743,.T.);
#2572=EDGE_CURVE('',#1940,#2079,#1744,.T.);
#2573=EDGE_CURVE('',#2079,#2078,#1745,.T.);
#2574=EDGE_CURVE('',#1941,#2080,#1746,.T.);
#2575=EDGE_CURVE('',#2080,#2079,#202,.T.);
#2576=EDGE_CURVE('',#1950,#2081,#1747,.T.);
#2577=EDGE_CURVE('',#2081,#2080,#1748,.T.);
#2578=EDGE_CURVE('',#1951,#2082,#1749,.T.);
#2579=EDGE_CURVE('',#2082,#2081,#1750,.T.);
#2580=EDGE_CURVE('',#1983,#2083,#1751,.T.);
#2581=EDGE_CURVE('',#2083,#2082,#203,.T.);
#2582=EDGE_CURVE('',#2084,#2085,#1752,.T.);
#2583=EDGE_CURVE('',#2085,#2083,#1753,.T.);
#2584=EDGE_CURVE('',#1983,#2084,#1754,.T.);
#2585=EDGE_CURVE('',#2086,#2087,#1755,.T.);
#2586=EDGE_CURVE('',#2087,#2085,#1756,.T.);
#2587=EDGE_CURVE('',#2084,#2086,#1757,.T.);
#2588=EDGE_CURVE('',#2086,#2088,#1562,.T.);
#2589=EDGE_CURVE('',#2088,#2089,#1758,.T.);
#2590=EDGE_CURVE('',#2089,#2087,#1563,.T.);
#2591=EDGE_CURVE('',#2090,#2091,#1759,.T.);
#2592=EDGE_CURVE('',#2091,#2089,#1760,.T.);
#2593=EDGE_CURVE('',#2088,#2090,#1761,.T.);
#2594=EDGE_CURVE('',#1978,#2092,#1762,.T.);
#2595=EDGE_CURVE('',#2092,#2091,#1763,.T.);
#2596=EDGE_CURVE('',#2090,#1978,#1764,.T.);
#2597=EDGE_CURVE('',#1977,#2093,#1765,.T.);
#2598=EDGE_CURVE('',#2093,#2092,#204,.T.);
#2599=EDGE_CURVE('',#2094,#2095,#1766,.T.);
#2600=EDGE_CURVE('',#2095,#2093,#1767,.T.);
#2601=EDGE_CURVE('',#1977,#2094,#1768,.T.);
#2602=EDGE_CURVE('',#2096,#2097,#1769,.T.);
#2603=EDGE_CURVE('',#2097,#2095,#1770,.T.);
#2604=EDGE_CURVE('',#2094,#2096,#1771,.T.);
#2605=EDGE_CURVE('',#1972,#2098,#1772,.T.);
#2606=EDGE_CURVE('',#2098,#2097,#1773,.T.);
#2607=EDGE_CURVE('',#2096,#1972,#1774,.T.);
#2608=EDGE_CURVE('',#1971,#2099,#1775,.T.);
#2609=EDGE_CURVE('',#2099,#2098,#205,.T.);
#2610=EDGE_CURVE('',#2100,#2101,#1776,.T.);
#2611=EDGE_CURVE('',#2101,#2099,#1777,.T.);
#2612=EDGE_CURVE('',#1971,#2100,#1778,.T.);
#2613=EDGE_CURVE('',#2102,#2103,#1779,.T.);
#2614=EDGE_CURVE('',#2103,#2101,#206,.T.);
#2615=EDGE_CURVE('',#2100,#2102,#207,.T.);
#2616=EDGE_CURVE('',#2104,#2105,#1780,.T.);
#2617=EDGE_CURVE('',#2105,#2103,#1781,.T.);
#2618=EDGE_CURVE('',#2102,#2104,#1782,.T.);
#2619=EDGE_CURVE('',#2106,#2107,#1783,.T.);
#2620=EDGE_CURVE('',#2107,#2105,#208,.T.);
#2621=EDGE_CURVE('',#2104,#2106,#209,.T.);
#2622=EDGE_CURVE('',#2108,#2109,#1784,.T.);
#2623=EDGE_CURVE('',#2109,#2107,#1785,.T.);
#2624=EDGE_CURVE('',#2106,#2108,#1786,.T.);
#2625=EDGE_CURVE('',#2110,#2111,#1787,.T.);
#2626=EDGE_CURVE('',#2111,#2109,#210,.T.);
#2627=EDGE_CURVE('',#2108,#2110,#211,.T.);
#2628=EDGE_CURVE('',#2112,#2113,#1788,.T.);
#2629=EDGE_CURVE('',#2113,#2111,#1789,.T.);
#2630=EDGE_CURVE('',#2110,#2112,#1790,.T.);
#2631=EDGE_CURVE('',#2021,#2114,#1791,.T.);
#2632=EDGE_CURVE('',#2114,#2113,#212,.T.);
#2633=EDGE_CURVE('',#2112,#2021,#213,.T.);
#2634=EDGE_CURVE('',#2020,#2115,#1792,.T.);
#2635=EDGE_CURVE('',#2115,#2114,#1793,.T.);
#2636=EDGE_CURVE('',#2022,#2116,#1794,.T.);
#2637=EDGE_CURVE('',#2116,#2115,#1795,.T.);
#2638=EDGE_CURVE('',#2023,#2117,#1796,.T.);
#2639=EDGE_CURVE('',#2117,#2116,#1797,.T.);
#2640=EDGE_CURVE('',#2045,#2118,#1798,.T.);
#2641=EDGE_CURVE('',#2118,#2117,#214,.T.);
#2642=EDGE_CURVE('',#2023,#2045,#215,.T.);
#2643=EDGE_CURVE('',#2044,#2119,#1799,.T.);
#2644=EDGE_CURVE('',#2119,#2118,#1800,.T.);
#2645=EDGE_CURVE('',#2046,#2120,#1801,.T.);
#2646=EDGE_CURVE('',#2120,#2119,#1802,.T.);
#2647=EDGE_CURVE('',#2047,#2121,#1803,.T.);
#2648=EDGE_CURVE('',#2121,#2120,#1804,.T.);
#2649=EDGE_CURVE('',#2053,#2122,#1805,.T.);
#2650=EDGE_CURVE('',#2122,#2121,#216,.T.);
#2651=EDGE_CURVE('',#2047,#2053,#217,.T.);
#2652=EDGE_CURVE('',#2052,#2123,#1806,.T.);
#2653=EDGE_CURVE('',#2123,#2122,#1807,.T.);
#2654=EDGE_CURVE('',#2054,#2124,#1808,.T.);
#2655=EDGE_CURVE('',#2124,#2123,#1809,.T.);
#2656=EDGE_CURVE('',#2055,#2125,#1810,.T.);
#2657=EDGE_CURVE('',#2125,#2124,#1811,.T.);
#2658=EDGE_CURVE('',#2065,#2126,#1812,.T.);
#2659=EDGE_CURVE('',#2126,#2125,#218,.T.);
#2660=EDGE_CURVE('',#2055,#2065,#219,.T.);
#2661=EDGE_CURVE('',#2064,#2127,#1813,.T.);
#2662=EDGE_CURVE('',#2127,#2126,#1814,.T.);
#2663=EDGE_CURVE('',#2066,#2128,#1815,.T.);
#2664=EDGE_CURVE('',#2128,#2127,#1816,.T.);
#2665=EDGE_CURVE('',#2067,#2129,#1817,.T.);
#2666=EDGE_CURVE('',#2129,#2128,#1818,.T.);
#2667=EDGE_CURVE('',#2130,#2131,#1819,.T.);
#2668=EDGE_CURVE('',#2131,#2129,#220,.T.);
#2669=EDGE_CURVE('',#2067,#2130,#221,.T.);
#2670=EDGE_CURVE('',#2132,#2133,#1820,.T.);
#2671=EDGE_CURVE('',#2133,#2131,#1821,.T.);
#2672=EDGE_CURVE('',#2130,#2132,#1822,.T.);
#2673=EDGE_CURVE('',#2134,#2135,#1823,.T.);
#2674=EDGE_CURVE('',#2135,#2133,#222,.T.);
#2675=EDGE_CURVE('',#2132,#2134,#223,.T.);
#2676=EDGE_CURVE('',#2136,#2137,#1824,.T.);
#2677=EDGE_CURVE('',#2137,#2135,#1825,.T.);
#2678=EDGE_CURVE('',#2134,#2136,#1826,.T.);
#2679=EDGE_CURVE('',#2138,#2139,#1827,.T.);
#2680=EDGE_CURVE('',#2139,#2137,#224,.T.);
#2681=EDGE_CURVE('',#2136,#2138,#225,.T.);
#2682=EDGE_CURVE('',#2140,#2141,#1828,.T.);
#2683=EDGE_CURVE('',#2141,#2139,#1829,.T.);
#2684=EDGE_CURVE('',#2138,#2140,#1830,.T.);
#2685=EDGE_CURVE('',#2142,#2143,#1831,.T.);
#2686=EDGE_CURVE('',#2143,#2141,#226,.T.);
#2687=EDGE_CURVE('',#2140,#2142,#227,.T.);
#2688=EDGE_CURVE('',#1964,#2144,#1832,.T.);
#2689=EDGE_CURVE('',#2144,#2143,#1833,.T.);
#2690=EDGE_CURVE('',#2142,#1964,#1834,.T.);
#2691=EDGE_CURVE('',#1963,#2145,#1835,.T.);
#2692=EDGE_CURVE('',#2145,#2144,#228,.T.);
#2693=EDGE_CURVE('',#2146,#2147,#1836,.T.);
#2694=EDGE_CURVE('',#2147,#2145,#1837,.T.);
#2695=EDGE_CURVE('',#1963,#2146,#1838,.T.);
#2696=EDGE_CURVE('',#2148,#2149,#1839,.T.);
#2697=EDGE_CURVE('',#2149,#2147,#1840,.T.);
#2698=EDGE_CURVE('',#2146,#2148,#1841,.T.);
#2699=EDGE_CURVE('',#1958,#2150,#1842,.T.);
#2700=EDGE_CURVE('',#2150,#2149,#1843,.T.);
#2701=EDGE_CURVE('',#2148,#1958,#1844,.T.);
#2702=EDGE_CURVE('',#1957,#2151,#1845,.T.);
#2703=EDGE_CURVE('',#2151,#2150,#229,.T.);
#2704=EDGE_CURVE('',#2068,#2151,#1846,.T.);
#2705=EDGE_CURVE('',#1957,#2069,#1847,.T.);
#2706=EDGE_CURVE('',#2152,#2071,#230,.T.);
#2707=EDGE_CURVE('',#2153,#2152,#231,.T.);
#2708=EDGE_CURVE('',#2154,#2153,#232,.T.);
#2709=EDGE_CURVE('',#2155,#2154,#233,.T.);
#2710=EDGE_CURVE('',#2089,#2155,#234,.T.);
#2711=EDGE_CURVE('',#2110,#2156,#235,.T.);
#2712=EDGE_CURVE('',#2157,#2156,#1848,.T.);
#2713=EDGE_CURVE('',#2157,#2112,#236,.T.);
#2714=EDGE_CURVE('',#2108,#2158,#237,.T.);
#2715=EDGE_CURVE('',#2159,#2158,#238,.T.);
#2716=EDGE_CURVE('',#2160,#2159,#1564,.T.);
#2717=EDGE_CURVE('',#2161,#2160,#1565,.T.);
#2718=EDGE_CURVE('',#2161,#2162,#239,.T.);
#2719=EDGE_CURVE('',#2162,#2156,#240,.T.);
#2720=EDGE_CURVE('',#2163,#2106,#241,.T.);
#2721=EDGE_CURVE('',#2158,#2163,#1849,.T.);
#2722=EDGE_CURVE('',#2164,#2104,#242,.T.);
#2723=EDGE_CURVE('',#2164,#2165,#243,.T.);
#2724=EDGE_CURVE('',#2165,#2166,#244,.T.);
#2725=EDGE_CURVE('',#2163,#2166,#245,.T.);
#2726=EDGE_CURVE('',#2102,#2167,#246,.T.);
#2727=EDGE_CURVE('',#2164,#2167,#1850,.T.);
#2728=EDGE_CURVE('',#2168,#2100,#247,.T.);
#2729=EDGE_CURVE('',#2168,#2169,#248,.T.);
#2730=EDGE_CURVE('',#2169,#2170,#249,.T.);
#2731=EDGE_CURVE('',#2171,#2170,#250,.T.);
#2732=EDGE_CURVE('',#2171,#2172,#251,.T.);
#2733=EDGE_CURVE('',#2172,#2167,#252,.T.);
#2734=EDGE_CURVE('',#2168,#1970,#1851,.T.);
#2735=EDGE_CURVE('',#2096,#2007,#253,.T.);
#2736=EDGE_CURVE('',#2006,#2094,#254,.T.);
#2737=EDGE_CURVE('',#2090,#1999,#255,.T.);
#2738=EDGE_CURVE('',#1998,#2084,#256,.T.);
#2739=EDGE_CURVE('',#2157,#2173,#257,.T.);
#2740=EDGE_CURVE('',#2173,#2174,#258,.T.);
#2741=EDGE_CURVE('',#2175,#2174,#1566,.T.);
#2742=EDGE_CURVE('',#2175,#2176,#259,.T.);
#2743=EDGE_CURVE('',#2176,#2177,#260,.T.);
#2744=EDGE_CURVE('',#2130,#2177,#261,.T.);
#2745=EDGE_CURVE('',#2058,#2063,#262,.T.);
#2746=EDGE_CURVE('',#2074,#1991,#263,.T.);
#2747=EDGE_CURVE('',#1990,#2069,#264,.T.);
#2748=EDGE_CURVE('',#2178,#2179,#1852,.T.);
#2749=EDGE_CURVE('',#2179,#1960,#1853,.T.);
#2750=EDGE_CURVE('',#1959,#2178,#1854,.T.);
#2751=EDGE_CURVE('',#2180,#2181,#1855,.T.);
#2752=EDGE_CURVE('',#2181,#2179,#1856,.T.);
#2753=EDGE_CURVE('',#2178,#2180,#1857,.T.);
#2754=EDGE_CURVE('',#1961,#2181,#1858,.T.);
#2755=EDGE_CURVE('',#2180,#1962,#1859,.T.);
#2756=EDGE_CURVE('',#2180,#2146,#265,.T.);
#2757=EDGE_CURVE('',#2148,#2178,#266,.T.);
#2758=EDGE_CURVE('',#2182,#2183,#1860,.T.);
#2759=EDGE_CURVE('',#2182,#2184,#267,.T.);
#2760=EDGE_CURVE('',#2184,#2185,#1861,.T.);
#2761=EDGE_CURVE('',#2185,#2183,#268,.T.);
#2762=EDGE_CURVE('',#2184,#2153,#39,.T.);
#2763=EDGE_CURVE('',#2153,#2185,#40,.T.);
#2764=EDGE_CURVE('',#2184,#2186,#269,.T.);
#2765=EDGE_CURVE('',#2154,#2186,#41,.T.);
#2766=EDGE_CURVE('',#2187,#2182,#270,.T.);
#2767=EDGE_CURVE('',#2186,#2187,#271,.T.);
#2768=EDGE_CURVE('',#2188,#2187,#1862,.T.);
#2769=EDGE_CURVE('',#2188,#2189,#272,.T.);
#2770=EDGE_CURVE('',#2189,#2186,#1863,.T.);
#2771=EDGE_CURVE('',#2189,#2154,#42,.T.);
#2772=EDGE_CURVE('',#2189,#2190,#273,.T.);
#2773=EDGE_CURVE('',#2155,#2190,#43,.T.);
#2774=EDGE_CURVE('',#2191,#2188,#274,.T.);
#2775=EDGE_CURVE('',#2190,#2191,#275,.T.);
#2776=EDGE_CURVE('',#2192,#2191,#1864,.T.);
#2777=EDGE_CURVE('',#2192,#2193,#276,.T.);
#2778=EDGE_CURVE('',#2193,#2190,#1865,.T.);
#2779=EDGE_CURVE('',#2193,#2155,#44,.T.);
#2780=EDGE_CURVE('',#2194,#2192,#277,.T.);
#2781=EDGE_CURVE('',#2195,#2194,#278,.T.);
#2782=EDGE_CURVE('',#2193,#2195,#279,.T.);
#2783=EDGE_CURVE('',#2183,#2196,#280,.T.);
#2784=EDGE_CURVE('',#2196,#2194,#1866,.T.);
#2785=EDGE_CURVE('',#2195,#2197,#1867,.T.);
#2786=EDGE_CURVE('',#2197,#2152,#45,.T.);
#2787=EDGE_CURVE('',#2152,#2195,#46,.T.);
#2788=EDGE_CURVE('',#2196,#2197,#281,.T.);
#2789=EDGE_CURVE('',#2073,#2087,#282,.T.);
#2790=EDGE_CURVE('',#2197,#2185,#283,.T.);
#2791=EDGE_CURVE('',#1949,#2198,#284,.T.);
#2792=EDGE_CURVE('',#2198,#2199,#1868,.T.);
#2793=EDGE_CURVE('',#2199,#1943,#285,.T.);
#2794=EDGE_CURVE('',#2200,#1948,#286,.T.);
#2795=EDGE_CURVE('',#2198,#2200,#287,.T.);
#2796=EDGE_CURVE('',#2201,#2200,#1869,.T.);
#2797=EDGE_CURVE('',#1947,#2201,#288,.T.);
#2798=EDGE_CURVE('',#2202,#1946,#289,.T.);
#2799=EDGE_CURVE('',#2201,#2202,#290,.T.);
#2800=EDGE_CURVE('',#2203,#2199,#291,.T.);
#2801=EDGE_CURVE('',#2203,#1942,#292,.T.);
#2802=EDGE_CURVE('',#2204,#2205,#293,.T.);
#2803=EDGE_CURVE('',#2205,#2206,#294,.T.);
#2804=EDGE_CURVE('',#2206,#2207,#295,.T.);
#2805=EDGE_CURVE('',#2207,#2204,#296,.T.);
#2806=EDGE_CURVE('',#2208,#2209,#297,.T.);
#2807=EDGE_CURVE('',#2209,#2205,#1870,.T.);
#2808=EDGE_CURVE('',#2204,#2208,#1871,.T.);
#2809=EDGE_CURVE('',#2210,#2211,#298,.T.);
#2810=EDGE_CURVE('',#2211,#2209,#299,.T.);
#2811=EDGE_CURVE('',#2208,#2210,#300,.T.);
#2812=EDGE_CURVE('',#2206,#2211,#1872,.T.);
#2813=EDGE_CURVE('',#2210,#2207,#1873,.T.);
#2814=EDGE_CURVE('',#2204,#2212,#301,.T.);
#2815=EDGE_CURVE('',#2212,#2213,#1874,.T.);
#2816=EDGE_CURVE('',#2208,#2213,#302,.T.);
#2817=EDGE_CURVE('',#2207,#2214,#303,.T.);
#2818=EDGE_CURVE('',#2214,#2212,#304,.T.);
#2819=EDGE_CURVE('',#2215,#2216,#305,.T.);
#2820=EDGE_CURVE('',#2217,#2215,#1567,.T.);
#2821=EDGE_CURVE('',#2218,#2217,#1568,.T.);
#2822=EDGE_CURVE('',#2219,#2218,#306,.T.);
#2823=EDGE_CURVE('',#2220,#2219,#1569,.T.);
#2824=EDGE_CURVE('',#2221,#2220,#1570,.T.);
#2825=EDGE_CURVE('',#2222,#2221,#307,.T.);
#2826=EDGE_CURVE('',#2223,#2222,#1571,.T.);
#2827=EDGE_CURVE('',#2224,#2223,#1572,.T.);
#2828=EDGE_CURVE('',#2225,#2224,#308,.T.);
#2829=EDGE_CURVE('',#2226,#2225,#1573,.T.);
#2830=EDGE_CURVE('',#2216,#2226,#1574,.T.);
#2831=EDGE_CURVE('',#2227,#2228,#309,.T.);
#2832=EDGE_CURVE('',#2229,#2227,#1875,.T.);
#2833=EDGE_CURVE('',#2230,#2229,#310,.T.);
#2834=EDGE_CURVE('',#2228,#2230,#1876,.T.);
#2835=EDGE_CURVE('',#2231,#2232,#311,.T.);
#2836=EDGE_CURVE('',#2233,#2231,#1877,.T.);
#2837=EDGE_CURVE('',#2234,#2233,#312,.T.);
#2838=EDGE_CURVE('',#2232,#2234,#1878,.T.);
#2839=EDGE_CURVE('',#2235,#2236,#313,.T.);
#2840=EDGE_CURVE('',#2237,#2235,#1879,.T.);
#2841=EDGE_CURVE('',#2238,#2237,#314,.T.);
#2842=EDGE_CURVE('',#2236,#2238,#1880,.T.);
#2843=EDGE_CURVE('',#2239,#2227,#315,.T.);
#2844=EDGE_CURVE('',#2228,#2240,#316,.T.);
#2845=EDGE_CURVE('',#2240,#2239,#317,.T.);
#2846=EDGE_CURVE('',#2241,#2229,#318,.T.);
#2847=EDGE_CURVE('',#2239,#2241,#1881,.T.);
#2848=EDGE_CURVE('',#2242,#2230,#319,.T.);
#2849=EDGE_CURVE('',#2241,#2242,#320,.T.);
#2850=EDGE_CURVE('',#2242,#2240,#1882,.T.);
#2851=EDGE_CURVE('',#2239,#2243,#321,.T.);
#2852=EDGE_CURVE('',#2243,#2244,#1883,.T.);
#2853=EDGE_CURVE('',#2241,#2244,#322,.T.);
#2854=EDGE_CURVE('',#2240,#2245,#323,.T.);
#2855=EDGE_CURVE('',#2245,#2243,#324,.T.);
#2856=EDGE_CURVE('',#2246,#2235,#325,.T.);
#2857=EDGE_CURVE('',#2236,#2247,#326,.T.);
#2858=EDGE_CURVE('',#2247,#2246,#327,.T.);
#2859=EDGE_CURVE('',#2248,#2237,#328,.T.);
#2860=EDGE_CURVE('',#2246,#2248,#1884,.T.);
#2861=EDGE_CURVE('',#2249,#2238,#329,.T.);
#2862=EDGE_CURVE('',#2248,#2249,#330,.T.);
#2863=EDGE_CURVE('',#2249,#2247,#1885,.T.);
#2864=EDGE_CURVE('',#2246,#2250,#331,.T.);
#2865=EDGE_CURVE('',#2250,#2251,#1886,.T.);
#2866=EDGE_CURVE('',#2248,#2251,#332,.T.);
#2867=EDGE_CURVE('',#2247,#2252,#333,.T.);
#2868=EDGE_CURVE('',#2252,#2250,#334,.T.);
#2869=EDGE_CURVE('',#2253,#2231,#335,.T.);
#2870=EDGE_CURVE('',#2232,#2254,#336,.T.);
#2871=EDGE_CURVE('',#2254,#2253,#337,.T.);
#2872=EDGE_CURVE('',#2255,#2233,#338,.T.);
#2873=EDGE_CURVE('',#2253,#2255,#1887,.T.);
#2874=EDGE_CURVE('',#2256,#2234,#339,.T.);
#2875=EDGE_CURVE('',#2255,#2256,#340,.T.);
#2876=EDGE_CURVE('',#2256,#2254,#1888,.T.);
#2877=EDGE_CURVE('',#2253,#2257,#341,.T.);
#2878=EDGE_CURVE('',#2257,#2258,#1889,.T.);
#2879=EDGE_CURVE('',#2255,#2258,#342,.T.);
#2880=EDGE_CURVE('',#2254,#2259,#343,.T.);
#2881=EDGE_CURVE('',#2259,#2257,#344,.T.);
#2882=EDGE_CURVE('',#2242,#2260,#345,.T.);
#2883=EDGE_CURVE('',#2260,#2245,#1890,.T.);
#2884=EDGE_CURVE('',#2244,#2260,#346,.T.);
#2885=EDGE_CURVE('',#2011,#2261,#347,.T.);
#2886=EDGE_CURVE('',#2035,#2262,#348,.T.);
#2887=EDGE_CURVE('',#2027,#2263,#349,.T.);
#2888=EDGE_CURVE('',#2264,#2264,#1891,.T.);
#2889=EDGE_CURVE('',#2264,#2265,#350,.T.);
#2890=EDGE_CURVE('',#2266,#2266,#1892,.T.);
#2891=EDGE_CURVE('',#2266,#2267,#351,.T.);
#2892=EDGE_CURVE('',#1989,#2268,#352,.T.);
#2893=EDGE_CURVE('',#1997,#2269,#353,.T.);
#2894=EDGE_CURVE('',#2005,#2270,#354,.T.);
#2895=EDGE_CURVE('',#2271,#2271,#1893,.T.);
#2896=EDGE_CURVE('',#2271,#2264,#355,.T.);
#2897=EDGE_CURVE('',#2272,#2272,#1894,.T.);
#2898=EDGE_CURVE('',#2272,#2266,#356,.T.);
#2899=EDGE_CURVE('',#2273,#2274,#357,.T.);
#2900=EDGE_CURVE('',#2275,#2273,#1895,.T.);
#2901=EDGE_CURVE('',#2276,#2275,#358,.T.);
#2902=EDGE_CURVE('',#2276,#2274,#1896,.T.);
#2903=EDGE_CURVE('',#2277,#2278,#359,.T.);
#2904=EDGE_CURVE('',#1966,#2277,#1897,.T.);
#2905=EDGE_CURVE('',#1965,#2278,#1898,.T.);
#2906=EDGE_CURVE('',#2169,#1969,#1899,.T.);
#2907=EDGE_CURVE('',#2165,#2172,#1900,.T.);
#2908=EDGE_CURVE('',#2173,#2162,#1901,.T.);
#2909=EDGE_CURVE('',#2279,#2176,#1902,.T.);
#2910=EDGE_CURVE('',#2280,#2279,#360,.T.);
#2911=EDGE_CURVE('',#2280,#2177,#1903,.T.);
#2912=EDGE_CURVE('',#2142,#2278,#361,.T.);
#2913=EDGE_CURVE('',#2138,#2274,#362,.T.);
#2914=EDGE_CURVE('',#2276,#2140,#363,.T.);
#2915=EDGE_CURVE('',#2280,#2132,#364,.T.);
#2916=EDGE_CURVE('',#2174,#2161,#1575,.T.);
#2917=EDGE_CURVE('',#2281,#2175,#1576,.T.);
#2918=EDGE_CURVE('',#2279,#2281,#365,.T.);
#2919=EDGE_CURVE('',#2134,#2282,#366,.T.);
#2920=EDGE_CURVE('',#2283,#2282,#1904,.T.);
#2921=EDGE_CURVE('',#2136,#2283,#367,.T.);
#2922=EDGE_CURVE('',#2284,#2283,#368,.T.);
#2923=EDGE_CURVE('',#2273,#2284,#369,.T.);
#2924=EDGE_CURVE('',#2285,#2284,#1905,.T.);
#2925=EDGE_CURVE('',#2275,#2285,#370,.T.);
#2926=EDGE_CURVE('',#2286,#2285,#371,.T.);
#2927=EDGE_CURVE('',#2277,#2286,#372,.T.);
#2928=EDGE_CURVE('',#1967,#2286,#1906,.T.);
#2929=EDGE_CURVE('',#2170,#1968,#1907,.T.);
#2930=EDGE_CURVE('',#2166,#2171,#1908,.T.);
#2931=EDGE_CURVE('',#2287,#2281,#1577,.T.);
#2932=EDGE_CURVE('',#2288,#2287,#1578,.T.);
#2933=EDGE_CURVE('',#2282,#2288,#373,.T.);
#2934=EDGE_CURVE('',#2289,#2160,#374,.T.);
#2935=EDGE_CURVE('',#2159,#2290,#375,.T.);
#2936=EDGE_CURVE('',#2290,#2289,#1579,.T.);
#2937=EDGE_CURVE('',#2289,#2291,#1580,.T.);
#2938=EDGE_CURVE('',#2161,#2291,#376,.T.);
#2939=EDGE_CURVE('',#2291,#2292,#1581,.T.);
#2940=EDGE_CURVE('',#2174,#2292,#377,.T.);
#2941=EDGE_CURVE('',#2292,#2293,#1582,.T.);
#2942=EDGE_CURVE('',#2293,#2175,#378,.T.);
#2943=EDGE_CURVE('',#2294,#2281,#379,.T.);
#2944=EDGE_CURVE('',#2293,#2294,#1583,.T.);
#2945=EDGE_CURVE('',#2294,#2295,#1584,.T.);
#2946=EDGE_CURVE('',#2287,#2295,#380,.T.);
#2947=EDGE_CURVE('',#2295,#2296,#1585,.T.);
#2948=EDGE_CURVE('',#2296,#2288,#381,.T.);
#2949=EDGE_CURVE('',#2297,#2282,#382,.T.);
#2950=EDGE_CURVE('',#2297,#2298,#1909,.T.);
#2951=EDGE_CURVE('',#2298,#2283,#383,.T.);
#2952=EDGE_CURVE('',#2298,#2299,#384,.T.);
#2953=EDGE_CURVE('',#2299,#2284,#385,.T.);
#2954=EDGE_CURVE('',#2299,#2300,#1910,.T.);
#2955=EDGE_CURVE('',#2300,#2285,#386,.T.);
#2956=EDGE_CURVE('',#2300,#2301,#387,.T.);
#2957=EDGE_CURVE('',#2301,#2286,#388,.T.);
#2958=EDGE_CURVE('',#2301,#2302,#1911,.T.);
#2959=EDGE_CURVE('',#2302,#1967,#389,.T.);
#2960=EDGE_CURVE('',#2302,#2303,#390,.T.);
#2961=EDGE_CURVE('',#1968,#2303,#391,.T.);
#2962=EDGE_CURVE('',#2303,#2304,#1912,.T.);
#2963=EDGE_CURVE('',#2170,#2304,#392,.T.);
#2964=EDGE_CURVE('',#2304,#2305,#393,.T.);
#2965=EDGE_CURVE('',#2171,#2305,#394,.T.);
#2966=EDGE_CURVE('',#2305,#2306,#1913,.T.);
#2967=EDGE_CURVE('',#2166,#2306,#395,.T.);
#2968=EDGE_CURVE('',#2306,#2307,#396,.T.);
#2969=EDGE_CURVE('',#2163,#2307,#397,.T.);
#2970=EDGE_CURVE('',#2307,#2308,#1914,.T.);
#2971=EDGE_CURVE('',#2158,#2308,#398,.T.);
#2972=EDGE_CURVE('',#2308,#2290,#399,.T.);
#2973=EDGE_CURVE('',#2296,#2297,#400,.T.);
#2974=EDGE_CURVE('',#2290,#2309,#1586,.T.);
#2975=EDGE_CURVE('',#2310,#2309,#1587,.T.);
#2976=EDGE_CURVE('',#2311,#2310,#1588,.T.);
#2977=EDGE_CURVE('',#2312,#2311,#1589,.T.);
#2978=EDGE_CURVE('',#2313,#2312,#1590,.T.);
#2979=EDGE_CURVE('',#2314,#2313,#1591,.T.);
#2980=EDGE_CURVE('',#2315,#2314,#1592,.T.);
#2981=EDGE_CURVE('',#2316,#2315,#1593,.T.);
#2982=EDGE_CURVE('',#2316,#2296,#1594,.T.);
#2983=EDGE_CURVE('',#2317,#2316,#401,.T.);
#2984=EDGE_CURVE('',#2318,#2317,#1915,.T.);
#2985=EDGE_CURVE('',#2319,#2318,#402,.T.);
#2986=EDGE_CURVE('',#2320,#2319,#1916,.T.);
#2987=EDGE_CURVE('',#2309,#2320,#403,.T.);
#2988=EDGE_CURVE('',#2311,#2321,#404,.T.);
#2989=EDGE_CURVE('',#2321,#2322,#1595,.T.);
#2990=EDGE_CURVE('',#2322,#2312,#405,.T.);
#2991=EDGE_CURVE('',#2323,#2313,#406,.T.);
#2992=EDGE_CURVE('',#2322,#2323,#1596,.T.);
#2993=EDGE_CURVE('',#2324,#2314,#407,.T.);
#2994=EDGE_CURVE('',#2323,#2324,#1597,.T.);
#2995=EDGE_CURVE('',#2315,#2325,#408,.T.);
#2996=EDGE_CURVE('',#2324,#2325,#1598,.T.);
#2997=EDGE_CURVE('',#2325,#2326,#1599,.T.);
#2998=EDGE_CURVE('',#2326,#2316,#409,.T.);
#2999=EDGE_CURVE('',#2327,#2317,#410,.T.);
#3000=EDGE_CURVE('',#2326,#2327,#411,.T.);
#3001=EDGE_CURVE('',#2328,#2318,#412,.T.);
#3002=EDGE_CURVE('',#2327,#2328,#1917,.T.);
#3003=EDGE_CURVE('',#2329,#1944,#413,.T.);
#3004=EDGE_CURVE('',#2330,#2329,#414,.T.);
#3005=EDGE_CURVE('',#2330,#1945,#415,.T.);
#3006=EDGE_CURVE('',#2202,#2330,#1918,.T.);
#3007=EDGE_CURVE('',#2329,#2203,#1919,.T.);
#3008=EDGE_CURVE('',#2331,#2319,#416,.T.);
#3009=EDGE_CURVE('',#2328,#2331,#417,.T.);
#3010=EDGE_CURVE('',#2320,#2332,#418,.T.);
#3011=EDGE_CURVE('',#2331,#2332,#1920,.T.);
#3012=EDGE_CURVE('',#2333,#2310,#419,.T.);
#3013=EDGE_CURVE('',#2334,#2309,#420,.T.);
#3014=EDGE_CURVE('',#2334,#2333,#1600,.T.);
#3015=EDGE_CURVE('',#2333,#2321,#1601,.T.);
#3016=EDGE_CURVE('',#2332,#2334,#421,.T.);
#3017=EDGE_CURVE('',#2335,#2259,#1921,.T.);
#3018=EDGE_CURVE('',#2258,#2335,#422,.T.);
#3019=EDGE_CURVE('',#2336,#2252,#1922,.T.);
#3020=EDGE_CURVE('',#2251,#2336,#423,.T.);
#3021=EDGE_CURVE('',#2337,#2214,#1923,.T.);
#3022=EDGE_CURVE('',#2213,#2337,#424,.T.);
#3023=EDGE_CURVE('',#2321,#2338,#425,.T.);
#3024=EDGE_CURVE('',#2339,#2338,#1602,.T.);
#3025=EDGE_CURVE('',#2322,#2339,#426,.T.);
#3026=EDGE_CURVE('',#2340,#2339,#427,.T.);
#3027=EDGE_CURVE('',#2323,#2340,#428,.T.);
#3028=EDGE_CURVE('',#2341,#2340,#1603,.T.);
#3029=EDGE_CURVE('',#2341,#2324,#429,.T.);
#3030=EDGE_CURVE('',#2342,#2341,#1604,.T.);
#3031=EDGE_CURVE('',#2343,#2342,#430,.T.);
#3032=EDGE_CURVE('',#2343,#2327,#431,.T.);
#3033=EDGE_CURVE('',#2344,#2343,#1605,.T.);
#3034=EDGE_CURVE('',#2345,#2344,#1606,.T.);
#3035=EDGE_CURVE('',#2328,#2345,#432,.T.);
#3036=EDGE_CURVE('',#2346,#2345,#433,.T.);
#3037=EDGE_CURVE('',#2346,#2331,#434,.T.);
#3038=EDGE_CURVE('',#2347,#2346,#1607,.T.);
#3039=EDGE_CURVE('',#2348,#2347,#1608,.T.);
#3040=EDGE_CURVE('',#2332,#2348,#435,.T.);
#3041=EDGE_CURVE('',#2349,#2348,#436,.T.);
#3042=EDGE_CURVE('',#2338,#2349,#1609,.T.);
#3043=EDGE_CURVE('',#2256,#2335,#437,.T.);
#3044=EDGE_CURVE('',#2249,#2336,#438,.T.);
#3045=EDGE_CURVE('',#2210,#2337,#439,.T.);
#3046=EDGE_CURVE('',#2338,#2226,#440,.T.);
#3047=EDGE_CURVE('',#2216,#2349,#441,.T.);
#3048=EDGE_CURVE('',#2339,#2225,#442,.T.);
#3049=EDGE_CURVE('',#2224,#2340,#443,.T.);
#3050=EDGE_CURVE('',#2223,#2341,#444,.T.);
#3051=EDGE_CURVE('',#2342,#2222,#445,.T.);
#3052=EDGE_CURVE('',#2221,#2343,#446,.T.);
#3053=EDGE_CURVE('',#2344,#2220,#447,.T.);
#3054=EDGE_CURVE('',#2219,#2345,#448,.T.);
#3055=EDGE_CURVE('',#2218,#2346,#449,.T.);
#3056=EDGE_CURVE('',#2217,#2347,#450,.T.);
#3057=EDGE_CURVE('',#2348,#2215,#451,.T.);
#3058=ORIENTED_EDGE('',*,*,#2350,.T.);
#3059=ORIENTED_EDGE('',*,*,#2351,.T.);
#3060=ORIENTED_EDGE('',*,*,#2352,.T.);
#3061=ORIENTED_EDGE('',*,*,#2353,.T.);
#3062=ORIENTED_EDGE('',*,*,#2354,.T.);
#3063=ORIENTED_EDGE('',*,*,#2350,.F.);
#3064=ORIENTED_EDGE('',*,*,#2355,.T.);
#3065=ORIENTED_EDGE('',*,*,#2356,.T.);
#3066=ORIENTED_EDGE('',*,*,#2357,.T.);
#3067=ORIENTED_EDGE('',*,*,#2353,.F.);
#3068=ORIENTED_EDGE('',*,*,#2358,.T.);
#3069=ORIENTED_EDGE('',*,*,#2359,.T.);
#3070=ORIENTED_EDGE('',*,*,#2360,.T.);
#3071=ORIENTED_EDGE('',*,*,#2356,.F.);
#3072=ORIENTED_EDGE('',*,*,#2361,.T.);
#3073=ORIENTED_EDGE('',*,*,#2362,.T.);
#3074=ORIENTED_EDGE('',*,*,#2363,.T.);
#3075=ORIENTED_EDGE('',*,*,#2359,.F.);
#3076=ORIENTED_EDGE('',*,*,#2364,.T.);
#3077=ORIENTED_EDGE('',*,*,#2365,.T.);
#3078=ORIENTED_EDGE('',*,*,#2366,.T.);
#3079=ORIENTED_EDGE('',*,*,#2362,.F.);
#3080=ORIENTED_EDGE('',*,*,#2367,.T.);
#3081=ORIENTED_EDGE('',*,*,#2368,.T.);
#3082=ORIENTED_EDGE('',*,*,#2369,.T.);
#3083=ORIENTED_EDGE('',*,*,#2365,.F.);
#3084=ORIENTED_EDGE('',*,*,#2368,.F.);
#3085=ORIENTED_EDGE('',*,*,#2367,.F.);
#3086=ORIENTED_EDGE('',*,*,#2370,.T.);
#3087=ORIENTED_EDGE('',*,*,#2371,.F.);
#3088=ORIENTED_EDGE('',*,*,#2372,.T.);
#3089=ORIENTED_EDGE('',*,*,#2364,.F.);
#3090=ORIENTED_EDGE('',*,*,#2373,.T.);
#3091=ORIENTED_EDGE('',*,*,#2374,.F.);
#3092=ORIENTED_EDGE('',*,*,#2370,.F.);
#3093=ORIENTED_EDGE('',*,*,#2361,.F.);
#3094=ORIENTED_EDGE('',*,*,#2375,.F.);
#3095=ORIENTED_EDGE('',*,*,#2376,.F.);
#3096=ORIENTED_EDGE('',*,*,#2373,.F.);
#3097=ORIENTED_EDGE('',*,*,#2377,.F.);
#3098=ORIENTED_EDGE('',*,*,#2378,.F.);
#3099=ORIENTED_EDGE('',*,*,#2379,.F.);
#3100=ORIENTED_EDGE('',*,*,#2380,.F.);
#3101=ORIENTED_EDGE('',*,*,#2381,.F.);
#3102=ORIENTED_EDGE('',*,*,#2382,.F.);
#3103=ORIENTED_EDGE('',*,*,#2383,.F.);
#3104=ORIENTED_EDGE('',*,*,#2384,.F.);
#3105=ORIENTED_EDGE('',*,*,#2358,.F.);
#3106=ORIENTED_EDGE('',*,*,#2385,.F.);
#3107=ORIENTED_EDGE('',*,*,#2386,.F.);
#3108=ORIENTED_EDGE('',*,*,#2375,.T.);
#3109=ORIENTED_EDGE('',*,*,#2355,.F.);
#3110=ORIENTED_EDGE('',*,*,#2352,.F.);
#3111=ORIENTED_EDGE('',*,*,#2387,.T.);
#3112=ORIENTED_EDGE('',*,*,#2388,.F.);
#3113=ORIENTED_EDGE('',*,*,#2385,.T.);
#3114=ORIENTED_EDGE('',*,*,#2369,.F.);
#3115=ORIENTED_EDGE('',*,*,#2389,.T.);
#3116=ORIENTED_EDGE('',*,*,#2351,.F.);
#3117=ORIENTED_EDGE('',*,*,#2390,.T.);
#3118=ORIENTED_EDGE('',*,*,#2387,.F.);
#3119=ORIENTED_EDGE('',*,*,#2389,.F.);
#3120=ORIENTED_EDGE('',*,*,#2372,.F.);
#3121=ORIENTED_EDGE('',*,*,#2391,.F.);
#3122=ORIENTED_EDGE('',*,*,#2392,.F.);
#3123=ORIENTED_EDGE('',*,*,#2393,.F.);
#3124=ORIENTED_EDGE('',*,*,#2394,.T.);
#3125=ORIENTED_EDGE('',*,*,#2395,.F.);
#3126=ORIENTED_EDGE('',*,*,#2396,.F.);
#3127=ORIENTED_EDGE('',*,*,#2397,.F.);
#3128=ORIENTED_EDGE('',*,*,#2398,.F.);
#3129=ORIENTED_EDGE('',*,*,#2399,.F.);
#3130=ORIENTED_EDGE('',*,*,#2400,.T.);
#3131=ORIENTED_EDGE('',*,*,#2401,.F.);
#3132=ORIENTED_EDGE('',*,*,#2402,.F.);
#3133=ORIENTED_EDGE('',*,*,#2403,.F.);
#3134=ORIENTED_EDGE('',*,*,#2404,.F.);
#3135=ORIENTED_EDGE('',*,*,#2405,.T.);
#3136=ORIENTED_EDGE('',*,*,#2406,.T.);
#3137=ORIENTED_EDGE('',*,*,#2407,.F.);
#3138=ORIENTED_EDGE('',*,*,#2408,.F.);
#3139=ORIENTED_EDGE('',*,*,#2409,.T.);
#3140=ORIENTED_EDGE('',*,*,#2410,.F.);
#3141=ORIENTED_EDGE('',*,*,#2411,.F.);
#3142=ORIENTED_EDGE('',*,*,#2412,.F.);
#3143=ORIENTED_EDGE('',*,*,#2413,.F.);
#3144=ORIENTED_EDGE('',*,*,#2414,.T.);
#3145=ORIENTED_EDGE('',*,*,#2415,.F.);
#3146=ORIENTED_EDGE('',*,*,#2416,.F.);
#3147=ORIENTED_EDGE('',*,*,#2417,.F.);
#3148=ORIENTED_EDGE('',*,*,#2418,.F.);
#3149=ORIENTED_EDGE('',*,*,#2419,.F.);
#3150=ORIENTED_EDGE('',*,*,#2420,.T.);
#3151=ORIENTED_EDGE('',*,*,#2421,.F.);
#3152=ORIENTED_EDGE('',*,*,#2422,.F.);
#3153=ORIENTED_EDGE('',*,*,#2423,.F.);
#3154=ORIENTED_EDGE('',*,*,#2424,.T.);
#3155=ORIENTED_EDGE('',*,*,#2425,.T.);
#3156=ORIENTED_EDGE('',*,*,#2426,.T.);
#3157=ORIENTED_EDGE('',*,*,#2427,.T.);
#3158=ORIENTED_EDGE('',*,*,#2425,.F.);
#3159=ORIENTED_EDGE('',*,*,#2428,.F.);
#3160=ORIENTED_EDGE('',*,*,#2429,.F.);
#3161=ORIENTED_EDGE('',*,*,#2430,.F.);
#3162=ORIENTED_EDGE('',*,*,#2394,.F.);
#3163=ORIENTED_EDGE('',*,*,#2424,.F.);
#3164=ORIENTED_EDGE('',*,*,#2426,.F.);
#3165=ORIENTED_EDGE('',*,*,#2427,.F.);
#3166=ORIENTED_EDGE('',*,*,#2431,.T.);
#3167=ORIENTED_EDGE('',*,*,#2432,.T.);
#3168=ORIENTED_EDGE('',*,*,#2431,.F.);
#3169=ORIENTED_EDGE('',*,*,#2433,.T.);
#3170=ORIENTED_EDGE('',*,*,#2434,.T.);
#3171=ORIENTED_EDGE('',*,*,#2395,.T.);
#3172=ORIENTED_EDGE('',*,*,#2430,.T.);
#3173=ORIENTED_EDGE('',*,*,#2435,.T.);
#3174=ORIENTED_EDGE('',*,*,#2436,.T.);
#3175=ORIENTED_EDGE('',*,*,#2433,.F.);
#3176=ORIENTED_EDGE('',*,*,#2429,.T.);
#3177=ORIENTED_EDGE('',*,*,#2393,.T.);
#3178=ORIENTED_EDGE('',*,*,#2437,.T.);
#3179=ORIENTED_EDGE('',*,*,#2435,.F.);
#3180=ORIENTED_EDGE('',*,*,#2428,.T.);
#3181=ORIENTED_EDGE('',*,*,#2438,.T.);
#3182=ORIENTED_EDGE('',*,*,#2439,.T.);
#3183=ORIENTED_EDGE('',*,*,#2440,.T.);
#3184=ORIENTED_EDGE('',*,*,#2441,.T.);
#3185=ORIENTED_EDGE('',*,*,#2439,.F.);
#3186=ORIENTED_EDGE('',*,*,#2442,.F.);
#3187=ORIENTED_EDGE('',*,*,#2443,.F.);
#3188=ORIENTED_EDGE('',*,*,#2444,.F.);
#3189=ORIENTED_EDGE('',*,*,#2420,.F.);
#3190=ORIENTED_EDGE('',*,*,#2438,.F.);
#3191=ORIENTED_EDGE('',*,*,#2440,.F.);
#3192=ORIENTED_EDGE('',*,*,#2441,.F.);
#3193=ORIENTED_EDGE('',*,*,#2445,.T.);
#3194=ORIENTED_EDGE('',*,*,#2446,.T.);
#3195=ORIENTED_EDGE('',*,*,#2445,.F.);
#3196=ORIENTED_EDGE('',*,*,#2447,.T.);
#3197=ORIENTED_EDGE('',*,*,#2448,.T.);
#3198=ORIENTED_EDGE('',*,*,#2421,.T.);
#3199=ORIENTED_EDGE('',*,*,#2444,.T.);
#3200=ORIENTED_EDGE('',*,*,#2449,.T.);
#3201=ORIENTED_EDGE('',*,*,#2450,.T.);
#3202=ORIENTED_EDGE('',*,*,#2447,.F.);
#3203=ORIENTED_EDGE('',*,*,#2443,.T.);
#3204=ORIENTED_EDGE('',*,*,#2419,.T.);
#3205=ORIENTED_EDGE('',*,*,#2451,.T.);
#3206=ORIENTED_EDGE('',*,*,#2449,.F.);
#3207=ORIENTED_EDGE('',*,*,#2442,.T.);
#3208=ORIENTED_EDGE('',*,*,#2452,.T.);
#3209=ORIENTED_EDGE('',*,*,#2453,.T.);
#3210=ORIENTED_EDGE('',*,*,#2454,.T.);
#3211=ORIENTED_EDGE('',*,*,#2455,.T.);
#3212=ORIENTED_EDGE('',*,*,#2453,.F.);
#3213=ORIENTED_EDGE('',*,*,#2456,.F.);
#3214=ORIENTED_EDGE('',*,*,#2457,.F.);
#3215=ORIENTED_EDGE('',*,*,#2458,.F.);
#3216=ORIENTED_EDGE('',*,*,#2414,.F.);
#3217=ORIENTED_EDGE('',*,*,#2452,.F.);
#3218=ORIENTED_EDGE('',*,*,#2454,.F.);
#3219=ORIENTED_EDGE('',*,*,#2455,.F.);
#3220=ORIENTED_EDGE('',*,*,#2459,.T.);
#3221=ORIENTED_EDGE('',*,*,#2460,.T.);
#3222=ORIENTED_EDGE('',*,*,#2459,.F.);
#3223=ORIENTED_EDGE('',*,*,#2461,.T.);
#3224=ORIENTED_EDGE('',*,*,#2462,.T.);
#3225=ORIENTED_EDGE('',*,*,#2415,.T.);
#3226=ORIENTED_EDGE('',*,*,#2458,.T.);
#3227=ORIENTED_EDGE('',*,*,#2463,.T.);
#3228=ORIENTED_EDGE('',*,*,#2464,.T.);
#3229=ORIENTED_EDGE('',*,*,#2461,.F.);
#3230=ORIENTED_EDGE('',*,*,#2457,.T.);
#3231=ORIENTED_EDGE('',*,*,#2413,.T.);
#3232=ORIENTED_EDGE('',*,*,#2465,.T.);
#3233=ORIENTED_EDGE('',*,*,#2463,.F.);
#3234=ORIENTED_EDGE('',*,*,#2456,.T.);
#3235=ORIENTED_EDGE('',*,*,#2466,.T.);
#3236=ORIENTED_EDGE('',*,*,#2467,.T.);
#3237=ORIENTED_EDGE('',*,*,#2468,.T.);
#3238=ORIENTED_EDGE('',*,*,#2469,.T.);
#3239=ORIENTED_EDGE('',*,*,#2467,.F.);
#3240=ORIENTED_EDGE('',*,*,#2468,.F.);
#3241=ORIENTED_EDGE('',*,*,#2469,.F.);
#3242=ORIENTED_EDGE('',*,*,#2470,.T.);
#3243=ORIENTED_EDGE('',*,*,#2471,.T.);
#3244=ORIENTED_EDGE('',*,*,#2470,.F.);
#3245=ORIENTED_EDGE('',*,*,#2472,.F.);
#3246=ORIENTED_EDGE('',*,*,#2473,.F.);
#3247=ORIENTED_EDGE('',*,*,#2474,.F.);
#3248=ORIENTED_EDGE('',*,*,#2475,.F.);
#3249=ORIENTED_EDGE('',*,*,#2466,.F.);
#3250=ORIENTED_EDGE('',*,*,#2476,.T.);
#3251=ORIENTED_EDGE('',*,*,#2474,.T.);
#3252=ORIENTED_EDGE('',*,*,#2477,.T.);
#3253=ORIENTED_EDGE('',*,*,#2478,.T.);
#3254=ORIENTED_EDGE('',*,*,#2479,.T.);
#3255=ORIENTED_EDGE('',*,*,#2475,.T.);
#3256=ORIENTED_EDGE('',*,*,#2476,.F.);
#3257=ORIENTED_EDGE('',*,*,#2480,.T.);
#3258=ORIENTED_EDGE('',*,*,#2481,.T.);
#3259=ORIENTED_EDGE('',*,*,#2472,.T.);
#3260=ORIENTED_EDGE('',*,*,#2479,.F.);
#3261=ORIENTED_EDGE('',*,*,#2482,.T.);
#3262=ORIENTED_EDGE('',*,*,#2482,.F.);
#3263=ORIENTED_EDGE('',*,*,#2483,.T.);
#3264=ORIENTED_EDGE('',*,*,#2484,.F.);
#3265=ORIENTED_EDGE('',*,*,#2485,.T.);
#3266=ORIENTED_EDGE('',*,*,#2480,.F.);
#3267=ORIENTED_EDGE('',*,*,#2486,.F.);
#3268=ORIENTED_EDGE('',*,*,#2487,.F.);
#3269=ORIENTED_EDGE('',*,*,#2483,.F.);
#3270=ORIENTED_EDGE('',*,*,#2478,.F.);
#3271=ORIENTED_EDGE('',*,*,#2488,.T.);
#3272=ORIENTED_EDGE('',*,*,#2489,.F.);
#3273=ORIENTED_EDGE('',*,*,#2486,.T.);
#3274=ORIENTED_EDGE('',*,*,#2490,.T.);
#3275=ORIENTED_EDGE('',*,*,#2491,.T.);
#3276=ORIENTED_EDGE('',*,*,#2492,.T.);
#3277=ORIENTED_EDGE('',*,*,#2493,.T.);
#3278=ORIENTED_EDGE('',*,*,#2491,.F.);
#3279=ORIENTED_EDGE('',*,*,#2492,.F.);
#3280=ORIENTED_EDGE('',*,*,#2493,.F.);
#3281=ORIENTED_EDGE('',*,*,#2494,.T.);
#3282=ORIENTED_EDGE('',*,*,#2495,.T.);
#3283=ORIENTED_EDGE('',*,*,#2494,.F.);
#3284=ORIENTED_EDGE('',*,*,#2496,.F.);
#3285=ORIENTED_EDGE('',*,*,#2497,.F.);
#3286=ORIENTED_EDGE('',*,*,#2498,.F.);
#3287=ORIENTED_EDGE('',*,*,#2499,.F.);
#3288=ORIENTED_EDGE('',*,*,#2490,.F.);
#3289=ORIENTED_EDGE('',*,*,#2500,.T.);
#3290=ORIENTED_EDGE('',*,*,#2501,.T.);
#3291=ORIENTED_EDGE('',*,*,#2502,.T.);
#3292=ORIENTED_EDGE('',*,*,#2503,.T.);
#3293=ORIENTED_EDGE('',*,*,#2501,.F.);
#3294=ORIENTED_EDGE('',*,*,#2502,.F.);
#3295=ORIENTED_EDGE('',*,*,#2503,.F.);
#3296=ORIENTED_EDGE('',*,*,#2504,.T.);
#3297=ORIENTED_EDGE('',*,*,#2505,.T.);
#3298=ORIENTED_EDGE('',*,*,#2504,.F.);
#3299=ORIENTED_EDGE('',*,*,#2506,.F.);
#3300=ORIENTED_EDGE('',*,*,#2507,.F.);
#3301=ORIENTED_EDGE('',*,*,#2508,.F.);
#3302=ORIENTED_EDGE('',*,*,#2509,.F.);
#3303=ORIENTED_EDGE('',*,*,#2500,.F.);
#3304=ORIENTED_EDGE('',*,*,#2510,.T.);
#3305=ORIENTED_EDGE('',*,*,#2508,.T.);
#3306=ORIENTED_EDGE('',*,*,#2511,.T.);
#3307=ORIENTED_EDGE('',*,*,#2512,.T.);
#3308=ORIENTED_EDGE('',*,*,#2513,.T.);
#3309=ORIENTED_EDGE('',*,*,#2509,.T.);
#3310=ORIENTED_EDGE('',*,*,#2510,.F.);
#3311=ORIENTED_EDGE('',*,*,#2514,.T.);
#3312=ORIENTED_EDGE('',*,*,#2515,.T.);
#3313=ORIENTED_EDGE('',*,*,#2506,.T.);
#3314=ORIENTED_EDGE('',*,*,#2513,.F.);
#3315=ORIENTED_EDGE('',*,*,#2516,.T.);
#3316=ORIENTED_EDGE('',*,*,#2516,.F.);
#3317=ORIENTED_EDGE('',*,*,#2517,.T.);
#3318=ORIENTED_EDGE('',*,*,#2518,.F.);
#3319=ORIENTED_EDGE('',*,*,#2519,.T.);
#3320=ORIENTED_EDGE('',*,*,#2514,.F.);
#3321=ORIENTED_EDGE('',*,*,#2520,.F.);
#3322=ORIENTED_EDGE('',*,*,#2521,.F.);
#3323=ORIENTED_EDGE('',*,*,#2517,.F.);
#3324=ORIENTED_EDGE('',*,*,#2512,.F.);
#3325=ORIENTED_EDGE('',*,*,#2522,.T.);
#3326=ORIENTED_EDGE('',*,*,#2523,.F.);
#3327=ORIENTED_EDGE('',*,*,#2520,.T.);
#3328=ORIENTED_EDGE('',*,*,#2524,.T.);
#3329=ORIENTED_EDGE('',*,*,#2498,.T.);
#3330=ORIENTED_EDGE('',*,*,#2525,.T.);
#3331=ORIENTED_EDGE('',*,*,#2526,.T.);
#3332=ORIENTED_EDGE('',*,*,#2527,.T.);
#3333=ORIENTED_EDGE('',*,*,#2499,.T.);
#3334=ORIENTED_EDGE('',*,*,#2524,.F.);
#3335=ORIENTED_EDGE('',*,*,#2528,.T.);
#3336=ORIENTED_EDGE('',*,*,#2529,.T.);
#3337=ORIENTED_EDGE('',*,*,#2496,.T.);
#3338=ORIENTED_EDGE('',*,*,#2527,.F.);
#3339=ORIENTED_EDGE('',*,*,#2530,.T.);
#3340=ORIENTED_EDGE('',*,*,#2530,.F.);
#3341=ORIENTED_EDGE('',*,*,#2531,.T.);
#3342=ORIENTED_EDGE('',*,*,#2532,.F.);
#3343=ORIENTED_EDGE('',*,*,#2533,.T.);
#3344=ORIENTED_EDGE('',*,*,#2528,.F.);
#3345=ORIENTED_EDGE('',*,*,#2534,.F.);
#3346=ORIENTED_EDGE('',*,*,#2535,.F.);
#3347=ORIENTED_EDGE('',*,*,#2531,.F.);
#3348=ORIENTED_EDGE('',*,*,#2526,.F.);
#3349=ORIENTED_EDGE('',*,*,#2536,.T.);
#3350=ORIENTED_EDGE('',*,*,#2537,.F.);
#3351=ORIENTED_EDGE('',*,*,#2534,.T.);
#3352=ORIENTED_EDGE('',*,*,#2538,.T.);
#3353=ORIENTED_EDGE('',*,*,#2539,.T.);
#3354=ORIENTED_EDGE('',*,*,#2540,.T.);
#3355=ORIENTED_EDGE('',*,*,#2541,.T.);
#3356=ORIENTED_EDGE('',*,*,#2542,.T.);
#3357=ORIENTED_EDGE('',*,*,#2543,.T.);
#3358=ORIENTED_EDGE('',*,*,#2538,.F.);
#3359=ORIENTED_EDGE('',*,*,#2544,.T.);
#3360=ORIENTED_EDGE('',*,*,#2545,.T.);
#3361=ORIENTED_EDGE('',*,*,#2546,.T.);
#3362=ORIENTED_EDGE('',*,*,#2542,.F.);
#3363=ORIENTED_EDGE('',*,*,#2547,.T.);
#3364=ORIENTED_EDGE('',*,*,#2547,.F.);
#3365=ORIENTED_EDGE('',*,*,#2548,.T.);
#3366=ORIENTED_EDGE('',*,*,#2549,.F.);
#3367=ORIENTED_EDGE('',*,*,#2550,.T.);
#3368=ORIENTED_EDGE('',*,*,#2544,.F.);
#3369=ORIENTED_EDGE('',*,*,#2551,.F.);
#3370=ORIENTED_EDGE('',*,*,#2552,.F.);
#3371=ORIENTED_EDGE('',*,*,#2548,.F.);
#3372=ORIENTED_EDGE('',*,*,#2541,.F.);
#3373=ORIENTED_EDGE('',*,*,#2553,.T.);
#3374=ORIENTED_EDGE('',*,*,#2554,.F.);
#3375=ORIENTED_EDGE('',*,*,#2551,.T.);
#3376=ORIENTED_EDGE('',*,*,#2555,.T.);
#3377=ORIENTED_EDGE('',*,*,#2556,.T.);
#3378=ORIENTED_EDGE('',*,*,#2557,.T.);
#3379=ORIENTED_EDGE('',*,*,#2558,.T.);
#3380=ORIENTED_EDGE('',*,*,#2557,.F.);
#3381=ORIENTED_EDGE('',*,*,#2559,.T.);
#3382=ORIENTED_EDGE('',*,*,#2560,.T.);
#3383=ORIENTED_EDGE('',*,*,#2561,.T.);
#3384=ORIENTED_EDGE('',*,*,#2562,.T.);
#3385=ORIENTED_EDGE('',*,*,#2563,.T.);
#3386=ORIENTED_EDGE('',*,*,#2560,.F.);
#3387=ORIENTED_EDGE('',*,*,#2564,.T.);
#3388=ORIENTED_EDGE('',*,*,#2565,.T.);
#3389=ORIENTED_EDGE('',*,*,#2566,.T.);
#3390=ORIENTED_EDGE('',*,*,#2562,.F.);
#3391=ORIENTED_EDGE('',*,*,#2567,.T.);
#3392=ORIENTED_EDGE('',*,*,#2568,.T.);
#3393=ORIENTED_EDGE('',*,*,#2569,.T.);
#3394=ORIENTED_EDGE('',*,*,#2565,.F.);
#3395=ORIENTED_EDGE('',*,*,#2391,.T.);
#3396=ORIENTED_EDGE('',*,*,#2570,.T.);
#3397=ORIENTED_EDGE('',*,*,#2571,.T.);
#3398=ORIENTED_EDGE('',*,*,#2568,.F.);
#3399=ORIENTED_EDGE('',*,*,#2371,.T.);
#3400=ORIENTED_EDGE('',*,*,#2572,.T.);
#3401=ORIENTED_EDGE('',*,*,#2573,.T.);
#3402=ORIENTED_EDGE('',*,*,#2570,.F.);
#3403=ORIENTED_EDGE('',*,*,#2374,.T.);
#3404=ORIENTED_EDGE('',*,*,#2574,.T.);
#3405=ORIENTED_EDGE('',*,*,#2575,.T.);
#3406=ORIENTED_EDGE('',*,*,#2572,.F.);
#3407=ORIENTED_EDGE('',*,*,#2376,.T.);
#3408=ORIENTED_EDGE('',*,*,#2576,.T.);
#3409=ORIENTED_EDGE('',*,*,#2577,.T.);
#3410=ORIENTED_EDGE('',*,*,#2574,.F.);
#3411=ORIENTED_EDGE('',*,*,#2386,.T.);
#3412=ORIENTED_EDGE('',*,*,#2578,.T.);
#3413=ORIENTED_EDGE('',*,*,#2579,.T.);
#3414=ORIENTED_EDGE('',*,*,#2576,.F.);
#3415=ORIENTED_EDGE('',*,*,#2388,.T.);
#3416=ORIENTED_EDGE('',*,*,#2580,.T.);
#3417=ORIENTED_EDGE('',*,*,#2581,.T.);
#3418=ORIENTED_EDGE('',*,*,#2578,.F.);
#3419=ORIENTED_EDGE('',*,*,#2423,.T.);
#3420=ORIENTED_EDGE('',*,*,#2582,.T.);
#3421=ORIENTED_EDGE('',*,*,#2583,.T.);
#3422=ORIENTED_EDGE('',*,*,#2580,.F.);
#3423=ORIENTED_EDGE('',*,*,#2584,.T.);
#3424=ORIENTED_EDGE('',*,*,#2585,.T.);
#3425=ORIENTED_EDGE('',*,*,#2586,.T.);
#3426=ORIENTED_EDGE('',*,*,#2582,.F.);
#3427=ORIENTED_EDGE('',*,*,#2587,.T.);
#3428=ORIENTED_EDGE('',*,*,#2585,.F.);
#3429=ORIENTED_EDGE('',*,*,#2588,.T.);
#3430=ORIENTED_EDGE('',*,*,#2589,.T.);
#3431=ORIENTED_EDGE('',*,*,#2590,.T.);
#3432=ORIENTED_EDGE('',*,*,#2591,.T.);
#3433=ORIENTED_EDGE('',*,*,#2592,.T.);
#3434=ORIENTED_EDGE('',*,*,#2589,.F.);
#3435=ORIENTED_EDGE('',*,*,#2593,.T.);
#3436=ORIENTED_EDGE('',*,*,#2594,.T.);
#3437=ORIENTED_EDGE('',*,*,#2595,.T.);
#3438=ORIENTED_EDGE('',*,*,#2591,.F.);
#3439=ORIENTED_EDGE('',*,*,#2596,.T.);
#3440=ORIENTED_EDGE('',*,*,#2597,.T.);
#3441=ORIENTED_EDGE('',*,*,#2598,.T.);
#3442=ORIENTED_EDGE('',*,*,#2594,.F.);
#3443=ORIENTED_EDGE('',*,*,#2417,.T.);
#3444=ORIENTED_EDGE('',*,*,#2599,.T.);
#3445=ORIENTED_EDGE('',*,*,#2600,.T.);
#3446=ORIENTED_EDGE('',*,*,#2597,.F.);
#3447=ORIENTED_EDGE('',*,*,#2601,.T.);
#3448=ORIENTED_EDGE('',*,*,#2602,.T.);
#3449=ORIENTED_EDGE('',*,*,#2603,.T.);
#3450=ORIENTED_EDGE('',*,*,#2599,.F.);
#3451=ORIENTED_EDGE('',*,*,#2604,.T.);
#3452=ORIENTED_EDGE('',*,*,#2605,.T.);
#3453=ORIENTED_EDGE('',*,*,#2606,.T.);
#3454=ORIENTED_EDGE('',*,*,#2602,.F.);
#3455=ORIENTED_EDGE('',*,*,#2607,.T.);
#3456=ORIENTED_EDGE('',*,*,#2608,.T.);
#3457=ORIENTED_EDGE('',*,*,#2609,.T.);
#3458=ORIENTED_EDGE('',*,*,#2605,.F.);
#3459=ORIENTED_EDGE('',*,*,#2411,.T.);
#3460=ORIENTED_EDGE('',*,*,#2610,.T.);
#3461=ORIENTED_EDGE('',*,*,#2611,.T.);
#3462=ORIENTED_EDGE('',*,*,#2608,.F.);
#3463=ORIENTED_EDGE('',*,*,#2612,.T.);
#3464=ORIENTED_EDGE('',*,*,#2613,.T.);
#3465=ORIENTED_EDGE('',*,*,#2614,.T.);
#3466=ORIENTED_EDGE('',*,*,#2610,.F.);
#3467=ORIENTED_EDGE('',*,*,#2615,.T.);
#3468=ORIENTED_EDGE('',*,*,#2616,.T.);
#3469=ORIENTED_EDGE('',*,*,#2617,.T.);
#3470=ORIENTED_EDGE('',*,*,#2613,.F.);
#3471=ORIENTED_EDGE('',*,*,#2618,.T.);
#3472=ORIENTED_EDGE('',*,*,#2619,.T.);
#3473=ORIENTED_EDGE('',*,*,#2620,.T.);
#3474=ORIENTED_EDGE('',*,*,#2616,.F.);
#3475=ORIENTED_EDGE('',*,*,#2621,.T.);
#3476=ORIENTED_EDGE('',*,*,#2622,.T.);
#3477=ORIENTED_EDGE('',*,*,#2623,.T.);
#3478=ORIENTED_EDGE('',*,*,#2619,.F.);
#3479=ORIENTED_EDGE('',*,*,#2624,.T.);
#3480=ORIENTED_EDGE('',*,*,#2625,.T.);
#3481=ORIENTED_EDGE('',*,*,#2626,.T.);
#3482=ORIENTED_EDGE('',*,*,#2622,.F.);
#3483=ORIENTED_EDGE('',*,*,#2627,.T.);
#3484=ORIENTED_EDGE('',*,*,#2628,.T.);
#3485=ORIENTED_EDGE('',*,*,#2629,.T.);
#3486=ORIENTED_EDGE('',*,*,#2625,.F.);
#3487=ORIENTED_EDGE('',*,*,#2630,.T.);
#3488=ORIENTED_EDGE('',*,*,#2631,.T.);
#3489=ORIENTED_EDGE('',*,*,#2632,.T.);
#3490=ORIENTED_EDGE('',*,*,#2628,.F.);
#3491=ORIENTED_EDGE('',*,*,#2633,.T.);
#3492=ORIENTED_EDGE('',*,*,#2634,.T.);
#3493=ORIENTED_EDGE('',*,*,#2635,.T.);
#3494=ORIENTED_EDGE('',*,*,#2631,.F.);
#3495=ORIENTED_EDGE('',*,*,#2484,.T.);
#3496=ORIENTED_EDGE('',*,*,#2636,.T.);
#3497=ORIENTED_EDGE('',*,*,#2637,.T.);
#3498=ORIENTED_EDGE('',*,*,#2634,.F.);
#3499=ORIENTED_EDGE('',*,*,#2487,.T.);
#3500=ORIENTED_EDGE('',*,*,#2638,.T.);
#3501=ORIENTED_EDGE('',*,*,#2639,.T.);
#3502=ORIENTED_EDGE('',*,*,#2636,.F.);
#3503=ORIENTED_EDGE('',*,*,#2489,.T.);
#3504=ORIENTED_EDGE('',*,*,#2640,.T.);
#3505=ORIENTED_EDGE('',*,*,#2641,.T.);
#3506=ORIENTED_EDGE('',*,*,#2638,.F.);
#3507=ORIENTED_EDGE('',*,*,#2642,.T.);
#3508=ORIENTED_EDGE('',*,*,#2643,.T.);
#3509=ORIENTED_EDGE('',*,*,#2644,.T.);
#3510=ORIENTED_EDGE('',*,*,#2640,.F.);
#3511=ORIENTED_EDGE('',*,*,#2518,.T.);
#3512=ORIENTED_EDGE('',*,*,#2645,.T.);
#3513=ORIENTED_EDGE('',*,*,#2646,.T.);
#3514=ORIENTED_EDGE('',*,*,#2643,.F.);
#3515=ORIENTED_EDGE('',*,*,#2521,.T.);
#3516=ORIENTED_EDGE('',*,*,#2647,.T.);
#3517=ORIENTED_EDGE('',*,*,#2648,.T.);
#3518=ORIENTED_EDGE('',*,*,#2645,.F.);
#3519=ORIENTED_EDGE('',*,*,#2523,.T.);
#3520=ORIENTED_EDGE('',*,*,#2649,.T.);
#3521=ORIENTED_EDGE('',*,*,#2650,.T.);
#3522=ORIENTED_EDGE('',*,*,#2647,.F.);
#3523=ORIENTED_EDGE('',*,*,#2651,.T.);
#3524=ORIENTED_EDGE('',*,*,#2652,.T.);
#3525=ORIENTED_EDGE('',*,*,#2653,.T.);
#3526=ORIENTED_EDGE('',*,*,#2649,.F.);
#3527=ORIENTED_EDGE('',*,*,#2532,.T.);
#3528=ORIENTED_EDGE('',*,*,#2654,.T.);
#3529=ORIENTED_EDGE('',*,*,#2655,.T.);
#3530=ORIENTED_EDGE('',*,*,#2652,.F.);
#3531=ORIENTED_EDGE('',*,*,#2535,.T.);
#3532=ORIENTED_EDGE('',*,*,#2656,.T.);
#3533=ORIENTED_EDGE('',*,*,#2657,.T.);
#3534=ORIENTED_EDGE('',*,*,#2654,.F.);
#3535=ORIENTED_EDGE('',*,*,#2537,.T.);
#3536=ORIENTED_EDGE('',*,*,#2658,.T.);
#3537=ORIENTED_EDGE('',*,*,#2659,.T.);
#3538=ORIENTED_EDGE('',*,*,#2656,.F.);
#3539=ORIENTED_EDGE('',*,*,#2660,.T.);
#3540=ORIENTED_EDGE('',*,*,#2661,.T.);
#3541=ORIENTED_EDGE('',*,*,#2662,.T.);
#3542=ORIENTED_EDGE('',*,*,#2658,.F.);
#3543=ORIENTED_EDGE('',*,*,#2549,.T.);
#3544=ORIENTED_EDGE('',*,*,#2663,.T.);
#3545=ORIENTED_EDGE('',*,*,#2664,.T.);
#3546=ORIENTED_EDGE('',*,*,#2661,.F.);
#3547=ORIENTED_EDGE('',*,*,#2552,.T.);
#3548=ORIENTED_EDGE('',*,*,#2665,.T.);
#3549=ORIENTED_EDGE('',*,*,#2666,.T.);
#3550=ORIENTED_EDGE('',*,*,#2663,.F.);
#3551=ORIENTED_EDGE('',*,*,#2554,.T.);
#3552=ORIENTED_EDGE('',*,*,#2667,.T.);
#3553=ORIENTED_EDGE('',*,*,#2668,.T.);
#3554=ORIENTED_EDGE('',*,*,#2665,.F.);
#3555=ORIENTED_EDGE('',*,*,#2669,.T.);
#3556=ORIENTED_EDGE('',*,*,#2670,.T.);
#3557=ORIENTED_EDGE('',*,*,#2671,.T.);
#3558=ORIENTED_EDGE('',*,*,#2667,.F.);
#3559=ORIENTED_EDGE('',*,*,#2672,.T.);
#3560=ORIENTED_EDGE('',*,*,#2673,.T.);
#3561=ORIENTED_EDGE('',*,*,#2674,.T.);
#3562=ORIENTED_EDGE('',*,*,#2670,.F.);
#3563=ORIENTED_EDGE('',*,*,#2675,.T.);
#3564=ORIENTED_EDGE('',*,*,#2676,.T.);
#3565=ORIENTED_EDGE('',*,*,#2677,.T.);
#3566=ORIENTED_EDGE('',*,*,#2673,.F.);
#3567=ORIENTED_EDGE('',*,*,#2678,.T.);
#3568=ORIENTED_EDGE('',*,*,#2679,.T.);
#3569=ORIENTED_EDGE('',*,*,#2680,.T.);
#3570=ORIENTED_EDGE('',*,*,#2676,.F.);
#3571=ORIENTED_EDGE('',*,*,#2681,.T.);
#3572=ORIENTED_EDGE('',*,*,#2682,.T.);
#3573=ORIENTED_EDGE('',*,*,#2683,.T.);
#3574=ORIENTED_EDGE('',*,*,#2679,.F.);
#3575=ORIENTED_EDGE('',*,*,#2684,.T.);
#3576=ORIENTED_EDGE('',*,*,#2685,.T.);
#3577=ORIENTED_EDGE('',*,*,#2686,.T.);
#3578=ORIENTED_EDGE('',*,*,#2682,.F.);
#3579=ORIENTED_EDGE('',*,*,#2687,.T.);
#3580=ORIENTED_EDGE('',*,*,#2688,.T.);
#3581=ORIENTED_EDGE('',*,*,#2689,.T.);
#3582=ORIENTED_EDGE('',*,*,#2685,.F.);
#3583=ORIENTED_EDGE('',*,*,#2690,.T.);
#3584=ORIENTED_EDGE('',*,*,#2691,.T.);
#3585=ORIENTED_EDGE('',*,*,#2692,.T.);
#3586=ORIENTED_EDGE('',*,*,#2688,.F.);
#3587=ORIENTED_EDGE('',*,*,#2403,.T.);
#3588=ORIENTED_EDGE('',*,*,#2693,.T.);
#3589=ORIENTED_EDGE('',*,*,#2694,.T.);
#3590=ORIENTED_EDGE('',*,*,#2691,.F.);
#3591=ORIENTED_EDGE('',*,*,#2695,.T.);
#3592=ORIENTED_EDGE('',*,*,#2696,.T.);
#3593=ORIENTED_EDGE('',*,*,#2697,.T.);
#3594=ORIENTED_EDGE('',*,*,#2693,.F.);
#3595=ORIENTED_EDGE('',*,*,#2698,.T.);
#3596=ORIENTED_EDGE('',*,*,#2699,.T.);
#3597=ORIENTED_EDGE('',*,*,#2700,.T.);
#3598=ORIENTED_EDGE('',*,*,#2696,.F.);
#3599=ORIENTED_EDGE('',*,*,#2701,.T.);
#3600=ORIENTED_EDGE('',*,*,#2702,.T.);
#3601=ORIENTED_EDGE('',*,*,#2703,.T.);
#3602=ORIENTED_EDGE('',*,*,#2699,.F.);
#3603=ORIENTED_EDGE('',*,*,#2397,.T.);
#3604=ORIENTED_EDGE('',*,*,#2555,.F.);
#3605=ORIENTED_EDGE('',*,*,#2704,.T.);
#3606=ORIENTED_EDGE('',*,*,#2702,.F.);
#3607=ORIENTED_EDGE('',*,*,#2705,.T.);
#3608=ORIENTED_EDGE('',*,*,#2592,.F.);
#3609=ORIENTED_EDGE('',*,*,#2595,.F.);
#3610=ORIENTED_EDGE('',*,*,#2598,.F.);
#3611=ORIENTED_EDGE('',*,*,#2600,.F.);
#3612=ORIENTED_EDGE('',*,*,#2603,.F.);
#3613=ORIENTED_EDGE('',*,*,#2606,.F.);
#3614=ORIENTED_EDGE('',*,*,#2609,.F.);
#3615=ORIENTED_EDGE('',*,*,#2611,.F.);
#3616=ORIENTED_EDGE('',*,*,#2614,.F.);
#3617=ORIENTED_EDGE('',*,*,#2617,.F.);
#3618=ORIENTED_EDGE('',*,*,#2620,.F.);
#3619=ORIENTED_EDGE('',*,*,#2623,.F.);
#3620=ORIENTED_EDGE('',*,*,#2626,.F.);
#3621=ORIENTED_EDGE('',*,*,#2629,.F.);
#3622=ORIENTED_EDGE('',*,*,#2632,.F.);
#3623=ORIENTED_EDGE('',*,*,#2635,.F.);
#3624=ORIENTED_EDGE('',*,*,#2637,.F.);
#3625=ORIENTED_EDGE('',*,*,#2639,.F.);
#3626=ORIENTED_EDGE('',*,*,#2641,.F.);
#3627=ORIENTED_EDGE('',*,*,#2644,.F.);
#3628=ORIENTED_EDGE('',*,*,#2646,.F.);
#3629=ORIENTED_EDGE('',*,*,#2648,.F.);
#3630=ORIENTED_EDGE('',*,*,#2650,.F.);
#3631=ORIENTED_EDGE('',*,*,#2653,.F.);
#3632=ORIENTED_EDGE('',*,*,#2655,.F.);
#3633=ORIENTED_EDGE('',*,*,#2657,.F.);
#3634=ORIENTED_EDGE('',*,*,#2659,.F.);
#3635=ORIENTED_EDGE('',*,*,#2662,.F.);
#3636=ORIENTED_EDGE('',*,*,#2664,.F.);
#3637=ORIENTED_EDGE('',*,*,#2666,.F.);
#3638=ORIENTED_EDGE('',*,*,#2668,.F.);
#3639=ORIENTED_EDGE('',*,*,#2671,.F.);
#3640=ORIENTED_EDGE('',*,*,#2674,.F.);
#3641=ORIENTED_EDGE('',*,*,#2677,.F.);
#3642=ORIENTED_EDGE('',*,*,#2680,.F.);
#3643=ORIENTED_EDGE('',*,*,#2683,.F.);
#3644=ORIENTED_EDGE('',*,*,#2686,.F.);
#3645=ORIENTED_EDGE('',*,*,#2689,.F.);
#3646=ORIENTED_EDGE('',*,*,#2692,.F.);
#3647=ORIENTED_EDGE('',*,*,#2694,.F.);
#3648=ORIENTED_EDGE('',*,*,#2697,.F.);
#3649=ORIENTED_EDGE('',*,*,#2700,.F.);
#3650=ORIENTED_EDGE('',*,*,#2703,.F.);
#3651=ORIENTED_EDGE('',*,*,#2704,.F.);
#3652=ORIENTED_EDGE('',*,*,#2558,.F.);
#3653=ORIENTED_EDGE('',*,*,#2706,.F.);
#3654=ORIENTED_EDGE('',*,*,#2707,.F.);
#3655=ORIENTED_EDGE('',*,*,#2708,.F.);
#3656=ORIENTED_EDGE('',*,*,#2709,.F.);
#3657=ORIENTED_EDGE('',*,*,#2710,.F.);
#3658=ORIENTED_EDGE('',*,*,#2630,.F.);
#3659=ORIENTED_EDGE('',*,*,#2711,.T.);
#3660=ORIENTED_EDGE('',*,*,#2712,.F.);
#3661=ORIENTED_EDGE('',*,*,#2713,.T.);
#3662=ORIENTED_EDGE('',*,*,#2627,.F.);
#3663=ORIENTED_EDGE('',*,*,#2714,.T.);
#3664=ORIENTED_EDGE('',*,*,#2715,.F.);
#3665=ORIENTED_EDGE('',*,*,#2716,.F.);
#3666=ORIENTED_EDGE('',*,*,#2717,.F.);
#3667=ORIENTED_EDGE('',*,*,#2718,.T.);
#3668=ORIENTED_EDGE('',*,*,#2719,.T.);
#3669=ORIENTED_EDGE('',*,*,#2711,.F.);
#3670=ORIENTED_EDGE('',*,*,#2624,.F.);
#3671=ORIENTED_EDGE('',*,*,#2720,.F.);
#3672=ORIENTED_EDGE('',*,*,#2721,.F.);
#3673=ORIENTED_EDGE('',*,*,#2714,.F.);
#3674=ORIENTED_EDGE('',*,*,#2621,.F.);
#3675=ORIENTED_EDGE('',*,*,#2722,.F.);
#3676=ORIENTED_EDGE('',*,*,#2723,.T.);
#3677=ORIENTED_EDGE('',*,*,#2724,.T.);
#3678=ORIENTED_EDGE('',*,*,#2725,.F.);
#3679=ORIENTED_EDGE('',*,*,#2720,.T.);
#3680=ORIENTED_EDGE('',*,*,#2618,.F.);
#3681=ORIENTED_EDGE('',*,*,#2726,.T.);
#3682=ORIENTED_EDGE('',*,*,#2727,.F.);
#3683=ORIENTED_EDGE('',*,*,#2722,.T.);
#3684=ORIENTED_EDGE('',*,*,#2615,.F.);
#3685=ORIENTED_EDGE('',*,*,#2728,.F.);
#3686=ORIENTED_EDGE('',*,*,#2729,.T.);
#3687=ORIENTED_EDGE('',*,*,#2730,.T.);
#3688=ORIENTED_EDGE('',*,*,#2731,.F.);
#3689=ORIENTED_EDGE('',*,*,#2732,.T.);
#3690=ORIENTED_EDGE('',*,*,#2733,.T.);
#3691=ORIENTED_EDGE('',*,*,#2726,.F.);
#3692=ORIENTED_EDGE('',*,*,#2612,.F.);
#3693=ORIENTED_EDGE('',*,*,#2410,.T.);
#3694=ORIENTED_EDGE('',*,*,#2734,.F.);
#3695=ORIENTED_EDGE('',*,*,#2728,.T.);
#3696=ORIENTED_EDGE('',*,*,#2465,.F.);
#3697=ORIENTED_EDGE('',*,*,#2412,.T.);
#3698=ORIENTED_EDGE('',*,*,#2607,.F.);
#3699=ORIENTED_EDGE('',*,*,#2735,.T.);
#3700=ORIENTED_EDGE('',*,*,#2464,.F.);
#3701=ORIENTED_EDGE('',*,*,#2735,.F.);
#3702=ORIENTED_EDGE('',*,*,#2604,.F.);
#3703=ORIENTED_EDGE('',*,*,#2736,.F.);
#3704=ORIENTED_EDGE('',*,*,#2462,.F.);
#3705=ORIENTED_EDGE('',*,*,#2736,.T.);
#3706=ORIENTED_EDGE('',*,*,#2601,.F.);
#3707=ORIENTED_EDGE('',*,*,#2416,.T.);
#3708=ORIENTED_EDGE('',*,*,#2451,.F.);
#3709=ORIENTED_EDGE('',*,*,#2418,.T.);
#3710=ORIENTED_EDGE('',*,*,#2596,.F.);
#3711=ORIENTED_EDGE('',*,*,#2737,.T.);
#3712=ORIENTED_EDGE('',*,*,#2450,.F.);
#3713=ORIENTED_EDGE('',*,*,#2737,.F.);
#3714=ORIENTED_EDGE('',*,*,#2593,.F.);
#3715=ORIENTED_EDGE('',*,*,#2588,.F.);
#3716=ORIENTED_EDGE('',*,*,#2587,.F.);
#3717=ORIENTED_EDGE('',*,*,#2738,.F.);
#3718=ORIENTED_EDGE('',*,*,#2633,.F.);
#3719=ORIENTED_EDGE('',*,*,#2713,.F.);
#3720=ORIENTED_EDGE('',*,*,#2739,.T.);
#3721=ORIENTED_EDGE('',*,*,#2740,.T.);
#3722=ORIENTED_EDGE('',*,*,#2741,.F.);
#3723=ORIENTED_EDGE('',*,*,#2742,.T.);
#3724=ORIENTED_EDGE('',*,*,#2743,.T.);
#3725=ORIENTED_EDGE('',*,*,#2744,.F.);
#3726=ORIENTED_EDGE('',*,*,#2669,.F.);
#3727=ORIENTED_EDGE('',*,*,#2553,.F.);
#3728=ORIENTED_EDGE('',*,*,#2540,.F.);
#3729=ORIENTED_EDGE('',*,*,#2745,.T.);
#3730=ORIENTED_EDGE('',*,*,#2545,.F.);
#3731=ORIENTED_EDGE('',*,*,#2550,.F.);
#3732=ORIENTED_EDGE('',*,*,#2660,.F.);
#3733=ORIENTED_EDGE('',*,*,#2536,.F.);
#3734=ORIENTED_EDGE('',*,*,#2525,.F.);
#3735=ORIENTED_EDGE('',*,*,#2497,.T.);
#3736=ORIENTED_EDGE('',*,*,#2529,.F.);
#3737=ORIENTED_EDGE('',*,*,#2533,.F.);
#3738=ORIENTED_EDGE('',*,*,#2651,.F.);
#3739=ORIENTED_EDGE('',*,*,#2522,.F.);
#3740=ORIENTED_EDGE('',*,*,#2511,.F.);
#3741=ORIENTED_EDGE('',*,*,#2507,.T.);
#3742=ORIENTED_EDGE('',*,*,#2515,.F.);
#3743=ORIENTED_EDGE('',*,*,#2519,.F.);
#3744=ORIENTED_EDGE('',*,*,#2642,.F.);
#3745=ORIENTED_EDGE('',*,*,#2488,.F.);
#3746=ORIENTED_EDGE('',*,*,#2477,.F.);
#3747=ORIENTED_EDGE('',*,*,#2473,.T.);
#3748=ORIENTED_EDGE('',*,*,#2481,.F.);
#3749=ORIENTED_EDGE('',*,*,#2485,.F.);
#3750=ORIENTED_EDGE('',*,*,#2448,.F.);
#3751=ORIENTED_EDGE('',*,*,#2738,.T.);
#3752=ORIENTED_EDGE('',*,*,#2584,.F.);
#3753=ORIENTED_EDGE('',*,*,#2422,.T.);
#3754=ORIENTED_EDGE('',*,*,#2437,.F.);
#3755=ORIENTED_EDGE('',*,*,#2392,.T.);
#3756=ORIENTED_EDGE('',*,*,#2567,.F.);
#3757=ORIENTED_EDGE('',*,*,#2746,.T.);
#3758=ORIENTED_EDGE('',*,*,#2436,.F.);
#3759=ORIENTED_EDGE('',*,*,#2746,.F.);
#3760=ORIENTED_EDGE('',*,*,#2564,.F.);
#3761=ORIENTED_EDGE('',*,*,#2559,.F.);
#3762=ORIENTED_EDGE('',*,*,#2556,.F.);
#3763=ORIENTED_EDGE('',*,*,#2747,.F.);
#3764=ORIENTED_EDGE('',*,*,#2748,.T.);
#3765=ORIENTED_EDGE('',*,*,#2749,.T.);
#3766=ORIENTED_EDGE('',*,*,#2399,.T.);
#3767=ORIENTED_EDGE('',*,*,#2750,.T.);
#3768=ORIENTED_EDGE('',*,*,#2751,.T.);
#3769=ORIENTED_EDGE('',*,*,#2752,.T.);
#3770=ORIENTED_EDGE('',*,*,#2748,.F.);
#3771=ORIENTED_EDGE('',*,*,#2753,.T.);
#3772=ORIENTED_EDGE('',*,*,#2401,.T.);
#3773=ORIENTED_EDGE('',*,*,#2754,.T.);
#3774=ORIENTED_EDGE('',*,*,#2751,.F.);
#3775=ORIENTED_EDGE('',*,*,#2755,.T.);
#3776=ORIENTED_EDGE('',*,*,#2695,.F.);
#3777=ORIENTED_EDGE('',*,*,#2402,.T.);
#3778=ORIENTED_EDGE('',*,*,#2755,.F.);
#3779=ORIENTED_EDGE('',*,*,#2756,.T.);
#3780=ORIENTED_EDGE('',*,*,#2698,.F.);
#3781=ORIENTED_EDGE('',*,*,#2756,.F.);
#3782=ORIENTED_EDGE('',*,*,#2753,.F.);
#3783=ORIENTED_EDGE('',*,*,#2757,.F.);
#3784=ORIENTED_EDGE('',*,*,#2701,.F.);
#3785=ORIENTED_EDGE('',*,*,#2757,.T.);
#3786=ORIENTED_EDGE('',*,*,#2750,.F.);
#3787=ORIENTED_EDGE('',*,*,#2398,.T.);
#3788=ORIENTED_EDGE('',*,*,#2758,.F.);
#3789=ORIENTED_EDGE('',*,*,#2759,.T.);
#3790=ORIENTED_EDGE('',*,*,#2760,.T.);
#3791=ORIENTED_EDGE('',*,*,#2761,.T.);
#3792=ORIENTED_EDGE('',*,*,#2760,.F.);
#3793=ORIENTED_EDGE('',*,*,#2762,.T.);
#3794=ORIENTED_EDGE('',*,*,#2763,.T.);
#3795=ORIENTED_EDGE('',*,*,#2762,.F.);
#3796=ORIENTED_EDGE('',*,*,#2764,.T.);
#3797=ORIENTED_EDGE('',*,*,#2765,.F.);
#3798=ORIENTED_EDGE('',*,*,#2708,.T.);
#3799=ORIENTED_EDGE('',*,*,#2759,.F.);
#3800=ORIENTED_EDGE('',*,*,#2766,.F.);
#3801=ORIENTED_EDGE('',*,*,#2767,.F.);
#3802=ORIENTED_EDGE('',*,*,#2764,.F.);
#3803=ORIENTED_EDGE('',*,*,#2768,.F.);
#3804=ORIENTED_EDGE('',*,*,#2769,.T.);
#3805=ORIENTED_EDGE('',*,*,#2770,.T.);
#3806=ORIENTED_EDGE('',*,*,#2767,.T.);
#3807=ORIENTED_EDGE('',*,*,#2770,.F.);
#3808=ORIENTED_EDGE('',*,*,#2771,.T.);
#3809=ORIENTED_EDGE('',*,*,#2765,.T.);
#3810=ORIENTED_EDGE('',*,*,#2771,.F.);
#3811=ORIENTED_EDGE('',*,*,#2772,.T.);
#3812=ORIENTED_EDGE('',*,*,#2773,.F.);
#3813=ORIENTED_EDGE('',*,*,#2709,.T.);
#3814=ORIENTED_EDGE('',*,*,#2769,.F.);
#3815=ORIENTED_EDGE('',*,*,#2774,.F.);
#3816=ORIENTED_EDGE('',*,*,#2775,.F.);
#3817=ORIENTED_EDGE('',*,*,#2772,.F.);
#3818=ORIENTED_EDGE('',*,*,#2776,.F.);
#3819=ORIENTED_EDGE('',*,*,#2777,.T.);
#3820=ORIENTED_EDGE('',*,*,#2778,.T.);
#3821=ORIENTED_EDGE('',*,*,#2775,.T.);
#3822=ORIENTED_EDGE('',*,*,#2778,.F.);
#3823=ORIENTED_EDGE('',*,*,#2779,.T.);
#3824=ORIENTED_EDGE('',*,*,#2773,.T.);
#3825=ORIENTED_EDGE('',*,*,#2777,.F.);
#3826=ORIENTED_EDGE('',*,*,#2780,.F.);
#3827=ORIENTED_EDGE('',*,*,#2781,.F.);
#3828=ORIENTED_EDGE('',*,*,#2782,.F.);
#3829=ORIENTED_EDGE('',*,*,#2758,.T.);
#3830=ORIENTED_EDGE('',*,*,#2783,.T.);
#3831=ORIENTED_EDGE('',*,*,#2784,.T.);
#3832=ORIENTED_EDGE('',*,*,#2780,.T.);
#3833=ORIENTED_EDGE('',*,*,#2776,.T.);
#3834=ORIENTED_EDGE('',*,*,#2774,.T.);
#3835=ORIENTED_EDGE('',*,*,#2768,.T.);
#3836=ORIENTED_EDGE('',*,*,#2766,.T.);
#3837=ORIENTED_EDGE('',*,*,#2785,.T.);
#3838=ORIENTED_EDGE('',*,*,#2786,.T.);
#3839=ORIENTED_EDGE('',*,*,#2787,.T.);
#3840=ORIENTED_EDGE('',*,*,#2784,.F.);
#3841=ORIENTED_EDGE('',*,*,#2788,.T.);
#3842=ORIENTED_EDGE('',*,*,#2785,.F.);
#3843=ORIENTED_EDGE('',*,*,#2781,.T.);
#3844=ORIENTED_EDGE('',*,*,#2590,.F.);
#3845=ORIENTED_EDGE('',*,*,#2710,.T.);
#3846=ORIENTED_EDGE('',*,*,#2779,.F.);
#3847=ORIENTED_EDGE('',*,*,#2782,.T.);
#3848=ORIENTED_EDGE('',*,*,#2787,.F.);
#3849=ORIENTED_EDGE('',*,*,#2706,.T.);
#3850=ORIENTED_EDGE('',*,*,#2561,.F.);
#3851=ORIENTED_EDGE('',*,*,#2789,.T.);
#3852=ORIENTED_EDGE('',*,*,#2763,.F.);
#3853=ORIENTED_EDGE('',*,*,#2707,.T.);
#3854=ORIENTED_EDGE('',*,*,#2786,.F.);
#3855=ORIENTED_EDGE('',*,*,#2790,.T.);
#3856=ORIENTED_EDGE('',*,*,#2384,.T.);
#3857=ORIENTED_EDGE('',*,*,#2791,.T.);
#3858=ORIENTED_EDGE('',*,*,#2792,.T.);
#3859=ORIENTED_EDGE('',*,*,#2793,.T.);
#3860=ORIENTED_EDGE('',*,*,#2791,.F.);
#3861=ORIENTED_EDGE('',*,*,#2383,.T.);
#3862=ORIENTED_EDGE('',*,*,#2794,.F.);
#3863=ORIENTED_EDGE('',*,*,#2795,.F.);
#3864=ORIENTED_EDGE('',*,*,#2796,.T.);
#3865=ORIENTED_EDGE('',*,*,#2794,.T.);
#3866=ORIENTED_EDGE('',*,*,#2382,.T.);
#3867=ORIENTED_EDGE('',*,*,#2797,.T.);
#3868=ORIENTED_EDGE('',*,*,#2797,.F.);
#3869=ORIENTED_EDGE('',*,*,#2381,.T.);
#3870=ORIENTED_EDGE('',*,*,#2798,.F.);
#3871=ORIENTED_EDGE('',*,*,#2799,.F.);
#3872=ORIENTED_EDGE('',*,*,#2793,.F.);
#3873=ORIENTED_EDGE('',*,*,#2800,.F.);
#3874=ORIENTED_EDGE('',*,*,#2801,.T.);
#3875=ORIENTED_EDGE('',*,*,#2377,.T.);
#3876=ORIENTED_EDGE('',*,*,#2761,.F.);
#3877=ORIENTED_EDGE('',*,*,#2790,.F.);
#3878=ORIENTED_EDGE('',*,*,#2788,.F.);
#3879=ORIENTED_EDGE('',*,*,#2783,.F.);
#3880=ORIENTED_EDGE('',*,*,#2366,.F.);
#3881=ORIENTED_EDGE('',*,*,#2390,.F.);
#3882=ORIENTED_EDGE('',*,*,#2354,.F.);
#3883=ORIENTED_EDGE('',*,*,#2357,.F.);
#3884=ORIENTED_EDGE('',*,*,#2360,.F.);
#3885=ORIENTED_EDGE('',*,*,#2363,.F.);
#3886=ORIENTED_EDGE('',*,*,#2586,.F.);
#3887=ORIENTED_EDGE('',*,*,#2789,.F.);
#3888=ORIENTED_EDGE('',*,*,#2563,.F.);
#3889=ORIENTED_EDGE('',*,*,#2566,.F.);
#3890=ORIENTED_EDGE('',*,*,#2569,.F.);
#3891=ORIENTED_EDGE('',*,*,#2571,.F.);
#3892=ORIENTED_EDGE('',*,*,#2573,.F.);
#3893=ORIENTED_EDGE('',*,*,#2575,.F.);
#3894=ORIENTED_EDGE('',*,*,#2577,.F.);
#3895=ORIENTED_EDGE('',*,*,#2579,.F.);
#3896=ORIENTED_EDGE('',*,*,#2581,.F.);
#3897=ORIENTED_EDGE('',*,*,#2583,.F.);
#3898=ORIENTED_EDGE('',*,*,#2802,.T.);
#3899=ORIENTED_EDGE('',*,*,#2803,.T.);
#3900=ORIENTED_EDGE('',*,*,#2804,.T.);
#3901=ORIENTED_EDGE('',*,*,#2805,.T.);
#3902=ORIENTED_EDGE('',*,*,#2806,.T.);
#3903=ORIENTED_EDGE('',*,*,#2807,.T.);
#3904=ORIENTED_EDGE('',*,*,#2802,.F.);
#3905=ORIENTED_EDGE('',*,*,#2808,.T.);
#3906=ORIENTED_EDGE('',*,*,#2809,.T.);
#3907=ORIENTED_EDGE('',*,*,#2810,.T.);
#3908=ORIENTED_EDGE('',*,*,#2806,.F.);
#3909=ORIENTED_EDGE('',*,*,#2811,.T.);
#3910=ORIENTED_EDGE('',*,*,#2804,.F.);
#3911=ORIENTED_EDGE('',*,*,#2812,.T.);
#3912=ORIENTED_EDGE('',*,*,#2809,.F.);
#3913=ORIENTED_EDGE('',*,*,#2813,.T.);
#3914=ORIENTED_EDGE('',*,*,#2808,.F.);
#3915=ORIENTED_EDGE('',*,*,#2814,.T.);
#3916=ORIENTED_EDGE('',*,*,#2815,.T.);
#3917=ORIENTED_EDGE('',*,*,#2816,.F.);
#3918=ORIENTED_EDGE('',*,*,#2805,.F.);
#3919=ORIENTED_EDGE('',*,*,#2817,.T.);
#3920=ORIENTED_EDGE('',*,*,#2818,.T.);
#3921=ORIENTED_EDGE('',*,*,#2814,.F.);
#3922=ORIENTED_EDGE('',*,*,#2819,.F.);
#3923=ORIENTED_EDGE('',*,*,#2820,.F.);
#3924=ORIENTED_EDGE('',*,*,#2821,.F.);
#3925=ORIENTED_EDGE('',*,*,#2822,.F.);
#3926=ORIENTED_EDGE('',*,*,#2823,.F.);
#3927=ORIENTED_EDGE('',*,*,#2824,.F.);
#3928=ORIENTED_EDGE('',*,*,#2825,.F.);
#3929=ORIENTED_EDGE('',*,*,#2826,.F.);
#3930=ORIENTED_EDGE('',*,*,#2827,.F.);
#3931=ORIENTED_EDGE('',*,*,#2828,.F.);
#3932=ORIENTED_EDGE('',*,*,#2829,.F.);
#3933=ORIENTED_EDGE('',*,*,#2830,.F.);
#3934=ORIENTED_EDGE('',*,*,#2831,.F.);
#3935=ORIENTED_EDGE('',*,*,#2832,.F.);
#3936=ORIENTED_EDGE('',*,*,#2833,.F.);
#3937=ORIENTED_EDGE('',*,*,#2834,.F.);
#3938=ORIENTED_EDGE('',*,*,#2835,.F.);
#3939=ORIENTED_EDGE('',*,*,#2836,.F.);
#3940=ORIENTED_EDGE('',*,*,#2837,.F.);
#3941=ORIENTED_EDGE('',*,*,#2838,.F.);
#3942=ORIENTED_EDGE('',*,*,#2839,.F.);
#3943=ORIENTED_EDGE('',*,*,#2840,.F.);
#3944=ORIENTED_EDGE('',*,*,#2841,.F.);
#3945=ORIENTED_EDGE('',*,*,#2842,.F.);
#3946=ORIENTED_EDGE('',*,*,#2803,.F.);
#3947=ORIENTED_EDGE('',*,*,#2807,.F.);
#3948=ORIENTED_EDGE('',*,*,#2810,.F.);
#3949=ORIENTED_EDGE('',*,*,#2812,.F.);
#3950=ORIENTED_EDGE('',*,*,#2843,.T.);
#3951=ORIENTED_EDGE('',*,*,#2831,.T.);
#3952=ORIENTED_EDGE('',*,*,#2844,.T.);
#3953=ORIENTED_EDGE('',*,*,#2845,.T.);
#3954=ORIENTED_EDGE('',*,*,#2846,.T.);
#3955=ORIENTED_EDGE('',*,*,#2832,.T.);
#3956=ORIENTED_EDGE('',*,*,#2843,.F.);
#3957=ORIENTED_EDGE('',*,*,#2847,.T.);
#3958=ORIENTED_EDGE('',*,*,#2848,.T.);
#3959=ORIENTED_EDGE('',*,*,#2833,.T.);
#3960=ORIENTED_EDGE('',*,*,#2846,.F.);
#3961=ORIENTED_EDGE('',*,*,#2849,.T.);
#3962=ORIENTED_EDGE('',*,*,#2844,.F.);
#3963=ORIENTED_EDGE('',*,*,#2834,.T.);
#3964=ORIENTED_EDGE('',*,*,#2848,.F.);
#3965=ORIENTED_EDGE('',*,*,#2850,.T.);
#3966=ORIENTED_EDGE('',*,*,#2847,.F.);
#3967=ORIENTED_EDGE('',*,*,#2851,.T.);
#3968=ORIENTED_EDGE('',*,*,#2852,.T.);
#3969=ORIENTED_EDGE('',*,*,#2853,.F.);
#3970=ORIENTED_EDGE('',*,*,#2845,.F.);
#3971=ORIENTED_EDGE('',*,*,#2854,.T.);
#3972=ORIENTED_EDGE('',*,*,#2855,.T.);
#3973=ORIENTED_EDGE('',*,*,#2851,.F.);
#3974=ORIENTED_EDGE('',*,*,#2856,.T.);
#3975=ORIENTED_EDGE('',*,*,#2839,.T.);
#3976=ORIENTED_EDGE('',*,*,#2857,.T.);
#3977=ORIENTED_EDGE('',*,*,#2858,.T.);
#3978=ORIENTED_EDGE('',*,*,#2859,.T.);
#3979=ORIENTED_EDGE('',*,*,#2840,.T.);
#3980=ORIENTED_EDGE('',*,*,#2856,.F.);
#3981=ORIENTED_EDGE('',*,*,#2860,.T.);
#3982=ORIENTED_EDGE('',*,*,#2861,.T.);
#3983=ORIENTED_EDGE('',*,*,#2841,.T.);
#3984=ORIENTED_EDGE('',*,*,#2859,.F.);
#3985=ORIENTED_EDGE('',*,*,#2862,.T.);
#3986=ORIENTED_EDGE('',*,*,#2857,.F.);
#3987=ORIENTED_EDGE('',*,*,#2842,.T.);
#3988=ORIENTED_EDGE('',*,*,#2861,.F.);
#3989=ORIENTED_EDGE('',*,*,#2863,.T.);
#3990=ORIENTED_EDGE('',*,*,#2860,.F.);
#3991=ORIENTED_EDGE('',*,*,#2864,.T.);
#3992=ORIENTED_EDGE('',*,*,#2865,.T.);
#3993=ORIENTED_EDGE('',*,*,#2866,.F.);
#3994=ORIENTED_EDGE('',*,*,#2858,.F.);
#3995=ORIENTED_EDGE('',*,*,#2867,.T.);
#3996=ORIENTED_EDGE('',*,*,#2868,.T.);
#3997=ORIENTED_EDGE('',*,*,#2864,.F.);
#3998=ORIENTED_EDGE('',*,*,#2869,.T.);
#3999=ORIENTED_EDGE('',*,*,#2835,.T.);
#4000=ORIENTED_EDGE('',*,*,#2870,.T.);
#4001=ORIENTED_EDGE('',*,*,#2871,.T.);
#4002=ORIENTED_EDGE('',*,*,#2872,.T.);
#4003=ORIENTED_EDGE('',*,*,#2836,.T.);
#4004=ORIENTED_EDGE('',*,*,#2869,.F.);
#4005=ORIENTED_EDGE('',*,*,#2873,.T.);
#4006=ORIENTED_EDGE('',*,*,#2874,.T.);
#4007=ORIENTED_EDGE('',*,*,#2837,.T.);
#4008=ORIENTED_EDGE('',*,*,#2872,.F.);
#4009=ORIENTED_EDGE('',*,*,#2875,.T.);
#4010=ORIENTED_EDGE('',*,*,#2870,.F.);
#4011=ORIENTED_EDGE('',*,*,#2838,.T.);
#4012=ORIENTED_EDGE('',*,*,#2874,.F.);
#4013=ORIENTED_EDGE('',*,*,#2876,.T.);
#4014=ORIENTED_EDGE('',*,*,#2873,.F.);
#4015=ORIENTED_EDGE('',*,*,#2877,.T.);
#4016=ORIENTED_EDGE('',*,*,#2878,.T.);
#4017=ORIENTED_EDGE('',*,*,#2879,.F.);
#4018=ORIENTED_EDGE('',*,*,#2871,.F.);
#4019=ORIENTED_EDGE('',*,*,#2880,.T.);
#4020=ORIENTED_EDGE('',*,*,#2881,.T.);
#4021=ORIENTED_EDGE('',*,*,#2877,.F.);
#4022=ORIENTED_EDGE('',*,*,#2850,.F.);
#4023=ORIENTED_EDGE('',*,*,#2882,.T.);
#4024=ORIENTED_EDGE('',*,*,#2883,.T.);
#4025=ORIENTED_EDGE('',*,*,#2854,.F.);
#4026=ORIENTED_EDGE('',*,*,#2849,.F.);
#4027=ORIENTED_EDGE('',*,*,#2853,.T.);
#4028=ORIENTED_EDGE('',*,*,#2884,.T.);
#4029=ORIENTED_EDGE('',*,*,#2882,.F.);
#4030=ORIENTED_EDGE('',*,*,#2852,.F.);
#4031=ORIENTED_EDGE('',*,*,#2855,.F.);
#4032=ORIENTED_EDGE('',*,*,#2883,.F.);
#4033=ORIENTED_EDGE('',*,*,#2884,.F.);
#4034=ORIENTED_EDGE('',*,*,#2471,.F.);
#4035=ORIENTED_EDGE('',*,*,#2885,.T.);
#4036=ORIENTED_EDGE('',*,*,#2885,.F.);
#4037=ORIENTED_EDGE('',*,*,#2505,.F.);
#4038=ORIENTED_EDGE('',*,*,#2886,.T.);
#4039=ORIENTED_EDGE('',*,*,#2886,.F.);
#4040=ORIENTED_EDGE('',*,*,#2495,.F.);
#4041=ORIENTED_EDGE('',*,*,#2887,.T.);
#4042=ORIENTED_EDGE('',*,*,#2887,.F.);
#4043=ORIENTED_EDGE('',*,*,#2888,.F.);
#4044=ORIENTED_EDGE('',*,*,#2889,.T.);
#4045=ORIENTED_EDGE('',*,*,#2889,.F.);
#4046=ORIENTED_EDGE('',*,*,#2890,.F.);
#4047=ORIENTED_EDGE('',*,*,#2891,.T.);
#4048=ORIENTED_EDGE('',*,*,#2891,.F.);
#4049=ORIENTED_EDGE('',*,*,#2432,.F.);
#4050=ORIENTED_EDGE('',*,*,#2892,.T.);
#4051=ORIENTED_EDGE('',*,*,#2892,.F.);
#4052=ORIENTED_EDGE('',*,*,#2446,.F.);
#4053=ORIENTED_EDGE('',*,*,#2893,.T.);
#4054=ORIENTED_EDGE('',*,*,#2893,.F.);
#4055=ORIENTED_EDGE('',*,*,#2460,.F.);
#4056=ORIENTED_EDGE('',*,*,#2894,.T.);
#4057=ORIENTED_EDGE('',*,*,#2894,.F.);
#4058=ORIENTED_EDGE('',*,*,#2895,.F.);
#4059=ORIENTED_EDGE('',*,*,#2896,.T.);
#4060=ORIENTED_EDGE('',*,*,#2888,.T.);
#4061=ORIENTED_EDGE('',*,*,#2896,.F.);
#4062=ORIENTED_EDGE('',*,*,#2897,.F.);
#4063=ORIENTED_EDGE('',*,*,#2898,.T.);
#4064=ORIENTED_EDGE('',*,*,#2890,.T.);
#4065=ORIENTED_EDGE('',*,*,#2898,.F.);
#4066=ORIENTED_EDGE('',*,*,#2546,.F.);
#4067=ORIENTED_EDGE('',*,*,#2745,.F.);
#4068=ORIENTED_EDGE('',*,*,#2539,.F.);
#4069=ORIENTED_EDGE('',*,*,#2543,.F.);
#4070=ORIENTED_EDGE('',*,*,#2895,.T.);
#4071=ORIENTED_EDGE('',*,*,#2899,.F.);
#4072=ORIENTED_EDGE('',*,*,#2900,.F.);
#4073=ORIENTED_EDGE('',*,*,#2901,.F.);
#4074=ORIENTED_EDGE('',*,*,#2902,.T.);
#4075=ORIENTED_EDGE('',*,*,#2903,.F.);
#4076=ORIENTED_EDGE('',*,*,#2904,.F.);
#4077=ORIENTED_EDGE('',*,*,#2405,.F.);
#4078=ORIENTED_EDGE('',*,*,#2905,.T.);
#4079=ORIENTED_EDGE('',*,*,#2754,.F.);
#4080=ORIENTED_EDGE('',*,*,#2400,.F.);
#4081=ORIENTED_EDGE('',*,*,#2749,.F.);
#4082=ORIENTED_EDGE('',*,*,#2752,.F.);
#4083=ORIENTED_EDGE('',*,*,#2897,.T.);
#4084=ORIENTED_EDGE('',*,*,#2729,.F.);
#4085=ORIENTED_EDGE('',*,*,#2734,.T.);
#4086=ORIENTED_EDGE('',*,*,#2409,.F.);
#4087=ORIENTED_EDGE('',*,*,#2906,.F.);
#4088=ORIENTED_EDGE('',*,*,#2723,.F.);
#4089=ORIENTED_EDGE('',*,*,#2727,.T.);
#4090=ORIENTED_EDGE('',*,*,#2733,.F.);
#4091=ORIENTED_EDGE('',*,*,#2907,.F.);
#4092=ORIENTED_EDGE('',*,*,#2739,.F.);
#4093=ORIENTED_EDGE('',*,*,#2712,.T.);
#4094=ORIENTED_EDGE('',*,*,#2719,.F.);
#4095=ORIENTED_EDGE('',*,*,#2908,.F.);
#4096=ORIENTED_EDGE('',*,*,#2743,.F.);
#4097=ORIENTED_EDGE('',*,*,#2909,.F.);
#4098=ORIENTED_EDGE('',*,*,#2910,.F.);
#4099=ORIENTED_EDGE('',*,*,#2911,.T.);
#4100=ORIENTED_EDGE('',*,*,#2434,.F.);
#4101=ORIENTED_EDGE('',*,*,#2747,.T.);
#4102=ORIENTED_EDGE('',*,*,#2705,.F.);
#4103=ORIENTED_EDGE('',*,*,#2396,.T.);
#4104=ORIENTED_EDGE('',*,*,#2690,.F.);
#4105=ORIENTED_EDGE('',*,*,#2912,.T.);
#4106=ORIENTED_EDGE('',*,*,#2905,.F.);
#4107=ORIENTED_EDGE('',*,*,#2404,.T.);
#4108=ORIENTED_EDGE('',*,*,#2684,.F.);
#4109=ORIENTED_EDGE('',*,*,#2913,.T.);
#4110=ORIENTED_EDGE('',*,*,#2902,.F.);
#4111=ORIENTED_EDGE('',*,*,#2914,.T.);
#4112=ORIENTED_EDGE('',*,*,#2672,.F.);
#4113=ORIENTED_EDGE('',*,*,#2744,.T.);
#4114=ORIENTED_EDGE('',*,*,#2911,.F.);
#4115=ORIENTED_EDGE('',*,*,#2915,.T.);
#4116=ORIENTED_EDGE('',*,*,#2916,.F.);
#4117=ORIENTED_EDGE('',*,*,#2740,.F.);
#4118=ORIENTED_EDGE('',*,*,#2908,.T.);
#4119=ORIENTED_EDGE('',*,*,#2718,.F.);
#4120=ORIENTED_EDGE('',*,*,#2917,.F.);
#4121=ORIENTED_EDGE('',*,*,#2918,.F.);
#4122=ORIENTED_EDGE('',*,*,#2909,.T.);
#4123=ORIENTED_EDGE('',*,*,#2742,.F.);
#4124=ORIENTED_EDGE('',*,*,#2678,.F.);
#4125=ORIENTED_EDGE('',*,*,#2919,.T.);
#4126=ORIENTED_EDGE('',*,*,#2920,.F.);
#4127=ORIENTED_EDGE('',*,*,#2921,.F.);
#4128=ORIENTED_EDGE('',*,*,#2681,.F.);
#4129=ORIENTED_EDGE('',*,*,#2921,.T.);
#4130=ORIENTED_EDGE('',*,*,#2922,.F.);
#4131=ORIENTED_EDGE('',*,*,#2923,.F.);
#4132=ORIENTED_EDGE('',*,*,#2899,.T.);
#4133=ORIENTED_EDGE('',*,*,#2913,.F.);
#4134=ORIENTED_EDGE('',*,*,#2924,.F.);
#4135=ORIENTED_EDGE('',*,*,#2925,.F.);
#4136=ORIENTED_EDGE('',*,*,#2900,.T.);
#4137=ORIENTED_EDGE('',*,*,#2923,.T.);
#4138=ORIENTED_EDGE('',*,*,#2687,.F.);
#4139=ORIENTED_EDGE('',*,*,#2914,.F.);
#4140=ORIENTED_EDGE('',*,*,#2901,.T.);
#4141=ORIENTED_EDGE('',*,*,#2925,.T.);
#4142=ORIENTED_EDGE('',*,*,#2926,.F.);
#4143=ORIENTED_EDGE('',*,*,#2927,.F.);
#4144=ORIENTED_EDGE('',*,*,#2903,.T.);
#4145=ORIENTED_EDGE('',*,*,#2912,.F.);
#4146=ORIENTED_EDGE('',*,*,#2928,.F.);
#4147=ORIENTED_EDGE('',*,*,#2406,.F.);
#4148=ORIENTED_EDGE('',*,*,#2904,.T.);
#4149=ORIENTED_EDGE('',*,*,#2927,.T.);
#4150=ORIENTED_EDGE('',*,*,#2929,.F.);
#4151=ORIENTED_EDGE('',*,*,#2730,.F.);
#4152=ORIENTED_EDGE('',*,*,#2906,.T.);
#4153=ORIENTED_EDGE('',*,*,#2408,.T.);
#4154=ORIENTED_EDGE('',*,*,#2930,.F.);
#4155=ORIENTED_EDGE('',*,*,#2724,.F.);
#4156=ORIENTED_EDGE('',*,*,#2907,.T.);
#4157=ORIENTED_EDGE('',*,*,#2732,.F.);
#4158=ORIENTED_EDGE('',*,*,#2675,.F.);
#4159=ORIENTED_EDGE('',*,*,#2915,.F.);
#4160=ORIENTED_EDGE('',*,*,#2910,.T.);
#4161=ORIENTED_EDGE('',*,*,#2918,.T.);
#4162=ORIENTED_EDGE('',*,*,#2931,.F.);
#4163=ORIENTED_EDGE('',*,*,#2932,.F.);
#4164=ORIENTED_EDGE('',*,*,#2933,.F.);
#4165=ORIENTED_EDGE('',*,*,#2919,.F.);
#4166=ORIENTED_EDGE('',*,*,#2934,.T.);
#4167=ORIENTED_EDGE('',*,*,#2716,.T.);
#4168=ORIENTED_EDGE('',*,*,#2935,.T.);
#4169=ORIENTED_EDGE('',*,*,#2936,.T.);
#4170=ORIENTED_EDGE('',*,*,#2934,.F.);
#4171=ORIENTED_EDGE('',*,*,#2937,.T.);
#4172=ORIENTED_EDGE('',*,*,#2938,.F.);
#4173=ORIENTED_EDGE('',*,*,#2717,.T.);
#4174=ORIENTED_EDGE('',*,*,#2938,.T.);
#4175=ORIENTED_EDGE('',*,*,#2939,.T.);
#4176=ORIENTED_EDGE('',*,*,#2940,.F.);
#4177=ORIENTED_EDGE('',*,*,#2916,.T.);
#4178=ORIENTED_EDGE('',*,*,#2940,.T.);
#4179=ORIENTED_EDGE('',*,*,#2941,.T.);
#4180=ORIENTED_EDGE('',*,*,#2942,.T.);
#4181=ORIENTED_EDGE('',*,*,#2741,.T.);
#4182=ORIENTED_EDGE('',*,*,#2943,.T.);
#4183=ORIENTED_EDGE('',*,*,#2917,.T.);
#4184=ORIENTED_EDGE('',*,*,#2942,.F.);
#4185=ORIENTED_EDGE('',*,*,#2944,.T.);
#4186=ORIENTED_EDGE('',*,*,#2943,.F.);
#4187=ORIENTED_EDGE('',*,*,#2945,.T.);
#4188=ORIENTED_EDGE('',*,*,#2946,.F.);
#4189=ORIENTED_EDGE('',*,*,#2931,.T.);
#4190=ORIENTED_EDGE('',*,*,#2946,.T.);
#4191=ORIENTED_EDGE('',*,*,#2947,.T.);
#4192=ORIENTED_EDGE('',*,*,#2948,.T.);
#4193=ORIENTED_EDGE('',*,*,#2932,.T.);
#4194=ORIENTED_EDGE('',*,*,#2949,.F.);
#4195=ORIENTED_EDGE('',*,*,#2950,.T.);
#4196=ORIENTED_EDGE('',*,*,#2951,.T.);
#4197=ORIENTED_EDGE('',*,*,#2920,.T.);
#4198=ORIENTED_EDGE('',*,*,#2951,.F.);
#4199=ORIENTED_EDGE('',*,*,#2952,.T.);
#4200=ORIENTED_EDGE('',*,*,#2953,.T.);
#4201=ORIENTED_EDGE('',*,*,#2922,.T.);
#4202=ORIENTED_EDGE('',*,*,#2953,.F.);
#4203=ORIENTED_EDGE('',*,*,#2954,.T.);
#4204=ORIENTED_EDGE('',*,*,#2955,.T.);
#4205=ORIENTED_EDGE('',*,*,#2924,.T.);
#4206=ORIENTED_EDGE('',*,*,#2955,.F.);
#4207=ORIENTED_EDGE('',*,*,#2956,.T.);
#4208=ORIENTED_EDGE('',*,*,#2957,.T.);
#4209=ORIENTED_EDGE('',*,*,#2926,.T.);
#4210=ORIENTED_EDGE('',*,*,#2957,.F.);
#4211=ORIENTED_EDGE('',*,*,#2958,.T.);
#4212=ORIENTED_EDGE('',*,*,#2959,.T.);
#4213=ORIENTED_EDGE('',*,*,#2928,.T.);
#4214=ORIENTED_EDGE('',*,*,#2959,.F.);
#4215=ORIENTED_EDGE('',*,*,#2960,.T.);
#4216=ORIENTED_EDGE('',*,*,#2961,.F.);
#4217=ORIENTED_EDGE('',*,*,#2407,.T.);
#4218=ORIENTED_EDGE('',*,*,#2961,.T.);
#4219=ORIENTED_EDGE('',*,*,#2962,.T.);
#4220=ORIENTED_EDGE('',*,*,#2963,.F.);
#4221=ORIENTED_EDGE('',*,*,#2929,.T.);
#4222=ORIENTED_EDGE('',*,*,#2963,.T.);
#4223=ORIENTED_EDGE('',*,*,#2964,.T.);
#4224=ORIENTED_EDGE('',*,*,#2965,.F.);
#4225=ORIENTED_EDGE('',*,*,#2731,.T.);
#4226=ORIENTED_EDGE('',*,*,#2965,.T.);
#4227=ORIENTED_EDGE('',*,*,#2966,.T.);
#4228=ORIENTED_EDGE('',*,*,#2967,.F.);
#4229=ORIENTED_EDGE('',*,*,#2930,.T.);
#4230=ORIENTED_EDGE('',*,*,#2967,.T.);
#4231=ORIENTED_EDGE('',*,*,#2968,.T.);
#4232=ORIENTED_EDGE('',*,*,#2969,.F.);
#4233=ORIENTED_EDGE('',*,*,#2725,.T.);
#4234=ORIENTED_EDGE('',*,*,#2969,.T.);
#4235=ORIENTED_EDGE('',*,*,#2970,.T.);
#4236=ORIENTED_EDGE('',*,*,#2971,.F.);
#4237=ORIENTED_EDGE('',*,*,#2721,.T.);
#4238=ORIENTED_EDGE('',*,*,#2935,.F.);
#4239=ORIENTED_EDGE('',*,*,#2715,.T.);
#4240=ORIENTED_EDGE('',*,*,#2971,.T.);
#4241=ORIENTED_EDGE('',*,*,#2972,.T.);
#4242=ORIENTED_EDGE('',*,*,#2948,.F.);
#4243=ORIENTED_EDGE('',*,*,#2973,.T.);
#4244=ORIENTED_EDGE('',*,*,#2949,.T.);
#4245=ORIENTED_EDGE('',*,*,#2933,.T.);
#4246=ORIENTED_EDGE('',*,*,#2947,.F.);
#4247=ORIENTED_EDGE('',*,*,#2945,.F.);
#4248=ORIENTED_EDGE('',*,*,#2944,.F.);
#4249=ORIENTED_EDGE('',*,*,#2941,.F.);
#4250=ORIENTED_EDGE('',*,*,#2939,.F.);
#4251=ORIENTED_EDGE('',*,*,#2937,.F.);
#4252=ORIENTED_EDGE('',*,*,#2936,.F.);
#4253=ORIENTED_EDGE('',*,*,#2974,.T.);
#4254=ORIENTED_EDGE('',*,*,#2975,.F.);
#4255=ORIENTED_EDGE('',*,*,#2976,.F.);
#4256=ORIENTED_EDGE('',*,*,#2977,.F.);
#4257=ORIENTED_EDGE('',*,*,#2978,.F.);
#4258=ORIENTED_EDGE('',*,*,#2979,.F.);
#4259=ORIENTED_EDGE('',*,*,#2980,.F.);
#4260=ORIENTED_EDGE('',*,*,#2981,.F.);
#4261=ORIENTED_EDGE('',*,*,#2982,.T.);
#4262=ORIENTED_EDGE('',*,*,#2973,.F.);
#4263=ORIENTED_EDGE('',*,*,#2982,.F.);
#4264=ORIENTED_EDGE('',*,*,#2983,.F.);
#4265=ORIENTED_EDGE('',*,*,#2984,.F.);
#4266=ORIENTED_EDGE('',*,*,#2985,.F.);
#4267=ORIENTED_EDGE('',*,*,#2986,.F.);
#4268=ORIENTED_EDGE('',*,*,#2987,.F.);
#4269=ORIENTED_EDGE('',*,*,#2974,.F.);
#4270=ORIENTED_EDGE('',*,*,#2972,.F.);
#4271=ORIENTED_EDGE('',*,*,#2970,.F.);
#4272=ORIENTED_EDGE('',*,*,#2968,.F.);
#4273=ORIENTED_EDGE('',*,*,#2966,.F.);
#4274=ORIENTED_EDGE('',*,*,#2964,.F.);
#4275=ORIENTED_EDGE('',*,*,#2962,.F.);
#4276=ORIENTED_EDGE('',*,*,#2960,.F.);
#4277=ORIENTED_EDGE('',*,*,#2958,.F.);
#4278=ORIENTED_EDGE('',*,*,#2956,.F.);
#4279=ORIENTED_EDGE('',*,*,#2954,.F.);
#4280=ORIENTED_EDGE('',*,*,#2952,.F.);
#4281=ORIENTED_EDGE('',*,*,#2950,.F.);
#4282=ORIENTED_EDGE('',*,*,#2988,.T.);
#4283=ORIENTED_EDGE('',*,*,#2989,.T.);
#4284=ORIENTED_EDGE('',*,*,#2990,.T.);
#4285=ORIENTED_EDGE('',*,*,#2977,.T.);
#4286=ORIENTED_EDGE('',*,*,#2991,.T.);
#4287=ORIENTED_EDGE('',*,*,#2978,.T.);
#4288=ORIENTED_EDGE('',*,*,#2990,.F.);
#4289=ORIENTED_EDGE('',*,*,#2992,.T.);
#4290=ORIENTED_EDGE('',*,*,#2993,.T.);
#4291=ORIENTED_EDGE('',*,*,#2979,.T.);
#4292=ORIENTED_EDGE('',*,*,#2991,.F.);
#4293=ORIENTED_EDGE('',*,*,#2994,.T.);
#4294=ORIENTED_EDGE('',*,*,#2995,.F.);
#4295=ORIENTED_EDGE('',*,*,#2980,.T.);
#4296=ORIENTED_EDGE('',*,*,#2993,.F.);
#4297=ORIENTED_EDGE('',*,*,#2996,.T.);
#4298=ORIENTED_EDGE('',*,*,#2995,.T.);
#4299=ORIENTED_EDGE('',*,*,#2997,.T.);
#4300=ORIENTED_EDGE('',*,*,#2998,.T.);
#4301=ORIENTED_EDGE('',*,*,#2981,.T.);
#4302=ORIENTED_EDGE('',*,*,#2999,.T.);
#4303=ORIENTED_EDGE('',*,*,#2983,.T.);
#4304=ORIENTED_EDGE('',*,*,#2998,.F.);
#4305=ORIENTED_EDGE('',*,*,#3000,.T.);
#4306=ORIENTED_EDGE('',*,*,#3001,.T.);
#4307=ORIENTED_EDGE('',*,*,#2984,.T.);
#4308=ORIENTED_EDGE('',*,*,#2999,.F.);
#4309=ORIENTED_EDGE('',*,*,#3002,.T.);
#4310=ORIENTED_EDGE('',*,*,#2379,.T.);
#4311=ORIENTED_EDGE('',*,*,#3003,.F.);
#4312=ORIENTED_EDGE('',*,*,#3004,.F.);
#4313=ORIENTED_EDGE('',*,*,#3005,.T.);
#4314=ORIENTED_EDGE('',*,*,#3006,.F.);
#4315=ORIENTED_EDGE('',*,*,#2798,.T.);
#4316=ORIENTED_EDGE('',*,*,#2380,.T.);
#4317=ORIENTED_EDGE('',*,*,#3005,.F.);
#4318=ORIENTED_EDGE('',*,*,#2378,.T.);
#4319=ORIENTED_EDGE('',*,*,#2801,.F.);
#4320=ORIENTED_EDGE('',*,*,#3007,.F.);
#4321=ORIENTED_EDGE('',*,*,#3003,.T.);
#4322=ORIENTED_EDGE('',*,*,#3008,.T.);
#4323=ORIENTED_EDGE('',*,*,#2985,.T.);
#4324=ORIENTED_EDGE('',*,*,#3001,.F.);
#4325=ORIENTED_EDGE('',*,*,#3009,.T.);
#4326=ORIENTED_EDGE('',*,*,#3010,.F.);
#4327=ORIENTED_EDGE('',*,*,#2986,.T.);
#4328=ORIENTED_EDGE('',*,*,#3008,.F.);
#4329=ORIENTED_EDGE('',*,*,#3011,.T.);
#4330=ORIENTED_EDGE('',*,*,#3012,.T.);
#4331=ORIENTED_EDGE('',*,*,#2975,.T.);
#4332=ORIENTED_EDGE('',*,*,#3013,.F.);
#4333=ORIENTED_EDGE('',*,*,#3014,.T.);
#4334=ORIENTED_EDGE('',*,*,#2988,.F.);
#4335=ORIENTED_EDGE('',*,*,#2976,.T.);
#4336=ORIENTED_EDGE('',*,*,#3012,.F.);
#4337=ORIENTED_EDGE('',*,*,#3015,.T.);
#4338=ORIENTED_EDGE('',*,*,#3013,.T.);
#4339=ORIENTED_EDGE('',*,*,#2987,.T.);
#4340=ORIENTED_EDGE('',*,*,#3010,.T.);
#4341=ORIENTED_EDGE('',*,*,#3016,.T.);
#4342=ORIENTED_EDGE('',*,*,#3017,.F.);
#4343=ORIENTED_EDGE('',*,*,#3018,.F.);
#4344=ORIENTED_EDGE('',*,*,#2878,.F.);
#4345=ORIENTED_EDGE('',*,*,#2881,.F.);
#4346=ORIENTED_EDGE('',*,*,#3019,.F.);
#4347=ORIENTED_EDGE('',*,*,#3020,.F.);
#4348=ORIENTED_EDGE('',*,*,#2865,.F.);
#4349=ORIENTED_EDGE('',*,*,#2868,.F.);
#4350=ORIENTED_EDGE('',*,*,#2815,.F.);
#4351=ORIENTED_EDGE('',*,*,#2818,.F.);
#4352=ORIENTED_EDGE('',*,*,#3021,.F.);
#4353=ORIENTED_EDGE('',*,*,#3022,.F.);
#4354=ORIENTED_EDGE('',*,*,#2989,.F.);
#4355=ORIENTED_EDGE('',*,*,#3023,.T.);
#4356=ORIENTED_EDGE('',*,*,#3024,.F.);
#4357=ORIENTED_EDGE('',*,*,#3025,.F.);
#4358=ORIENTED_EDGE('',*,*,#2992,.F.);
#4359=ORIENTED_EDGE('',*,*,#3025,.T.);
#4360=ORIENTED_EDGE('',*,*,#3026,.F.);
#4361=ORIENTED_EDGE('',*,*,#3027,.F.);
#4362=ORIENTED_EDGE('',*,*,#2994,.F.);
#4363=ORIENTED_EDGE('',*,*,#3027,.T.);
#4364=ORIENTED_EDGE('',*,*,#3028,.F.);
#4365=ORIENTED_EDGE('',*,*,#3029,.T.);
#4366=ORIENTED_EDGE('',*,*,#3000,.F.);
#4367=ORIENTED_EDGE('',*,*,#2997,.F.);
#4368=ORIENTED_EDGE('',*,*,#2996,.F.);
#4369=ORIENTED_EDGE('',*,*,#3029,.F.);
#4370=ORIENTED_EDGE('',*,*,#3030,.F.);
#4371=ORIENTED_EDGE('',*,*,#3031,.F.);
#4372=ORIENTED_EDGE('',*,*,#3032,.T.);
#4373=ORIENTED_EDGE('',*,*,#3002,.F.);
#4374=ORIENTED_EDGE('',*,*,#3032,.F.);
#4375=ORIENTED_EDGE('',*,*,#3033,.F.);
#4376=ORIENTED_EDGE('',*,*,#3034,.F.);
#4377=ORIENTED_EDGE('',*,*,#3035,.F.);
#4378=ORIENTED_EDGE('',*,*,#3009,.F.);
#4379=ORIENTED_EDGE('',*,*,#3035,.T.);
#4380=ORIENTED_EDGE('',*,*,#3036,.F.);
#4381=ORIENTED_EDGE('',*,*,#3037,.T.);
#4382=ORIENTED_EDGE('',*,*,#2799,.T.);
#4383=ORIENTED_EDGE('',*,*,#3006,.T.);
#4384=ORIENTED_EDGE('',*,*,#3004,.T.);
#4385=ORIENTED_EDGE('',*,*,#3007,.T.);
#4386=ORIENTED_EDGE('',*,*,#2800,.T.);
#4387=ORIENTED_EDGE('',*,*,#2792,.F.);
#4388=ORIENTED_EDGE('',*,*,#2795,.T.);
#4389=ORIENTED_EDGE('',*,*,#2796,.F.);
#4390=ORIENTED_EDGE('',*,*,#3011,.F.);
#4391=ORIENTED_EDGE('',*,*,#3037,.F.);
#4392=ORIENTED_EDGE('',*,*,#3038,.F.);
#4393=ORIENTED_EDGE('',*,*,#3039,.F.);
#4394=ORIENTED_EDGE('',*,*,#3040,.F.);
#4395=ORIENTED_EDGE('',*,*,#3016,.F.);
#4396=ORIENTED_EDGE('',*,*,#3040,.T.);
#4397=ORIENTED_EDGE('',*,*,#3041,.F.);
#4398=ORIENTED_EDGE('',*,*,#3042,.F.);
#4399=ORIENTED_EDGE('',*,*,#3023,.F.);
#4400=ORIENTED_EDGE('',*,*,#3015,.F.);
#4401=ORIENTED_EDGE('',*,*,#3014,.F.);
#4402=ORIENTED_EDGE('',*,*,#2876,.F.);
#4403=ORIENTED_EDGE('',*,*,#3043,.T.);
#4404=ORIENTED_EDGE('',*,*,#3017,.T.);
#4405=ORIENTED_EDGE('',*,*,#2880,.F.);
#4406=ORIENTED_EDGE('',*,*,#2875,.F.);
#4407=ORIENTED_EDGE('',*,*,#2879,.T.);
#4408=ORIENTED_EDGE('',*,*,#3018,.T.);
#4409=ORIENTED_EDGE('',*,*,#3043,.F.);
#4410=ORIENTED_EDGE('',*,*,#2863,.F.);
#4411=ORIENTED_EDGE('',*,*,#3044,.T.);
#4412=ORIENTED_EDGE('',*,*,#3019,.T.);
#4413=ORIENTED_EDGE('',*,*,#2867,.F.);
#4414=ORIENTED_EDGE('',*,*,#2862,.F.);
#4415=ORIENTED_EDGE('',*,*,#2866,.T.);
#4416=ORIENTED_EDGE('',*,*,#3020,.T.);
#4417=ORIENTED_EDGE('',*,*,#3044,.F.);
#4418=ORIENTED_EDGE('',*,*,#2813,.F.);
#4419=ORIENTED_EDGE('',*,*,#3045,.T.);
#4420=ORIENTED_EDGE('',*,*,#3021,.T.);
#4421=ORIENTED_EDGE('',*,*,#2817,.F.);
#4422=ORIENTED_EDGE('',*,*,#2811,.F.);
#4423=ORIENTED_EDGE('',*,*,#2816,.T.);
#4424=ORIENTED_EDGE('',*,*,#3022,.T.);
#4425=ORIENTED_EDGE('',*,*,#3045,.F.);
#4426=ORIENTED_EDGE('',*,*,#3046,.F.);
#4427=ORIENTED_EDGE('',*,*,#3042,.T.);
#4428=ORIENTED_EDGE('',*,*,#3047,.F.);
#4429=ORIENTED_EDGE('',*,*,#2830,.T.);
#4430=ORIENTED_EDGE('',*,*,#3046,.T.);
#4431=ORIENTED_EDGE('',*,*,#2829,.T.);
#4432=ORIENTED_EDGE('',*,*,#3048,.F.);
#4433=ORIENTED_EDGE('',*,*,#3024,.T.);
#4434=ORIENTED_EDGE('',*,*,#3049,.T.);
#4435=ORIENTED_EDGE('',*,*,#3026,.T.);
#4436=ORIENTED_EDGE('',*,*,#3048,.T.);
#4437=ORIENTED_EDGE('',*,*,#2828,.T.);
#4438=ORIENTED_EDGE('',*,*,#3050,.T.);
#4439=ORIENTED_EDGE('',*,*,#3028,.T.);
#4440=ORIENTED_EDGE('',*,*,#3049,.F.);
#4441=ORIENTED_EDGE('',*,*,#2827,.T.);
#4442=ORIENTED_EDGE('',*,*,#3051,.F.);
#4443=ORIENTED_EDGE('',*,*,#3030,.T.);
#4444=ORIENTED_EDGE('',*,*,#3050,.F.);
#4445=ORIENTED_EDGE('',*,*,#2826,.T.);
#4446=ORIENTED_EDGE('',*,*,#3052,.T.);
#4447=ORIENTED_EDGE('',*,*,#3031,.T.);
#4448=ORIENTED_EDGE('',*,*,#3051,.T.);
#4449=ORIENTED_EDGE('',*,*,#2825,.T.);
#4450=ORIENTED_EDGE('',*,*,#3053,.F.);
#4451=ORIENTED_EDGE('',*,*,#3033,.T.);
#4452=ORIENTED_EDGE('',*,*,#3052,.F.);
#4453=ORIENTED_EDGE('',*,*,#2824,.T.);
#4454=ORIENTED_EDGE('',*,*,#3053,.T.);
#4455=ORIENTED_EDGE('',*,*,#2823,.T.);
#4456=ORIENTED_EDGE('',*,*,#3054,.T.);
#4457=ORIENTED_EDGE('',*,*,#3034,.T.);
#4458=ORIENTED_EDGE('',*,*,#3054,.F.);
#4459=ORIENTED_EDGE('',*,*,#2822,.T.);
#4460=ORIENTED_EDGE('',*,*,#3055,.T.);
#4461=ORIENTED_EDGE('',*,*,#3036,.T.);
#4462=ORIENTED_EDGE('',*,*,#3055,.F.);
#4463=ORIENTED_EDGE('',*,*,#2821,.T.);
#4464=ORIENTED_EDGE('',*,*,#3056,.T.);
#4465=ORIENTED_EDGE('',*,*,#3038,.T.);
#4466=ORIENTED_EDGE('',*,*,#3057,.F.);
#4467=ORIENTED_EDGE('',*,*,#3039,.T.);
#4468=ORIENTED_EDGE('',*,*,#3056,.F.);
#4469=ORIENTED_EDGE('',*,*,#2820,.T.);
#4470=ORIENTED_EDGE('',*,*,#3057,.T.);
#4471=ORIENTED_EDGE('',*,*,#2819,.T.);
#4472=ORIENTED_EDGE('',*,*,#3047,.T.);
#4473=ORIENTED_EDGE('',*,*,#3041,.T.);
#4474=B_SPLINE_SURFACE_WITH_KNOTS('',3,3,((#6883,#6884,#6885,#6886,#6887,
#6888,#6889,#6890),(#6891,#6892,#6893,#6894,#6895,#6896,#6897,#6898),(#6899,
#6900,#6901,#6902,#6903,#6904,#6905,#6906),(#6907,#6908,#6909,#6910,#6911,
#6912,#6913,#6914)),.UNSPECIFIED.,.F.,.F.,.F.,(4,4),(4,2,1,1,4),(0.,1.),
(-0.00146668342214894,0.,0.208654623833853,0.31298193575078,0.521636559584634),
 .UNSPECIFIED.);
#4475=B_SPLINE_SURFACE_WITH_KNOTS('',3,3,((#6965,#6966,#6967,#6968,#6969,
#6970,#6971,#6972),(#6973,#6974,#6975,#6976,#6977,#6978,#6979,#6980),(#6981,
#6982,#6983,#6984,#6985,#6986,#6987,#6988),(#6989,#6990,#6991,#6992,#6993,
#6994,#6995,#6996),(#6997,#6998,#6999,#7000,#7001,#7002,#7003,#7004)),
 .UNSPECIFIED.,.F.,.F.,.F.,(4,1,4),(4,1,1,2,4),(0.,0.5,1.),(1.65488992899897E-16,
0.208654623833762,0.312981935750643,0.521636559584404,0.523103243006728),
 .UNSPECIFIED.);
#4476=B_SPLINE_SURFACE_WITH_KNOTS('',3,3,((#7468,#7469,#7470,#7471,#7472,
#7473,#7474,#7475,#7476,#7477,#7478,#7479,#7480,#7481,#7482,#7483,#7484,
#7485,#7486,#7487,#7488,#7489,#7490,#7491,#7492,#7493),(#7494,#7495,#7496,
#7497,#7498,#7499,#7500,#7501,#7502,#7503,#7504,#7505,#7506,#7507,#7508,
#7509,#7510,#7511,#7512,#7513,#7514,#7515,#7516,#7517,#7518,#7519),(#7520,
#7521,#7522,#7523,#7524,#7525,#7526,#7527,#7528,#7529,#7530,#7531,#7532,
#7533,#7534,#7535,#7536,#7537,#7538,#7539,#7540,#7541,#7542,#7543,#7544,
#7545),(#7546,#7547,#7548,#7549,#7550,#7551,#7552,#7553,#7554,#7555,#7556,
#7557,#7558,#7559,#7560,#7561,#7562,#7563,#7564,#7565,#7566,#7567,#7568,
#7569,#7570,#7571),(#7572,#7573,#7574,#7575,#7576,#7577,#7578,#7579,#7580,
#7581,#7582,#7583,#7584,#7585,#7586,#7587,#7588,#7589,#7590,#7591,#7592,
#7593,#7594,#7595,#7596,#7597)),.UNSPECIFIED.,.F.,.F.,.F.,(4,1,4),(4,1,
1,1,1,1,1,1,1,1,1,1,1,1,1,1,1,1,1,1,1,1,1,4),(0.,0.5,1.),(0.,0.0132286907872745,
0.0264573815745489,0.0529147631490979,0.105829526298196,0.158744289447294,
0.211659052596391,0.23811643417094,0.264573815745489,0.291031197320038,
0.317488578894587,0.343945960469136,0.370403342043685,0.396860723618234,
0.410089414405508,0.416703759799146,0.423318105192783,0.476232868341881,
0.529147631490979,0.634977157789174,0.687891920938272,0.714349302512821,
0.727577993300096,0.74080668408737),.UNSPECIFIED.);
#4477=B_SPLINE_SURFACE_WITH_KNOTS('',3,3,((#7704,#7705,#7706,#7707,#7708,
#7709,#7710,#7711,#7712,#7713,#7714,#7715,#7716,#7717,#7718,#7719,#7720,
#7721,#7722,#7723,#7724),(#7725,#7726,#7727,#7728,#7729,#7730,#7731,#7732,
#7733,#7734,#7735,#7736,#7737,#7738,#7739,#7740,#7741,#7742,#7743,#7744,
#7745),(#7746,#7747,#7748,#7749,#7750,#7751,#7752,#7753,#7754,#7755,#7756,
#7757,#7758,#7759,#7760,#7761,#7762,#7763,#7764,#7765,#7766),(#7767,#7768,
#7769,#7770,#7771,#7772,#7773,#7774,#7775,#7776,#7777,#7778,#7779,#7780,
#7781,#7782,#7783,#7784,#7785,#7786,#7787),(#7788,#7789,#7790,#7791,#7792,
#7793,#7794,#7795,#7796,#7797,#7798,#7799,#7800,#7801,#7802,#7803,#7804,
#7805,#7806,#7807,#7808)),.UNSPECIFIED.,.F.,.F.,.F.,(4,1,4),(4,1,1,1,1,
1,1,1,1,1,1,1,1,1,1,1,1,1,4),(0.,0.5,1.),(0.,0.0264573815745491,0.0529147631490982,
0.105829526298196,0.211659052596393,0.264573815745491,0.317488578894589,
0.330717269681864,0.343945960469138,0.370403342043687,0.396860723618236,
0.410089414405511,0.423318105192786,0.476232868341884,0.529147631490982,
0.634977157789178,0.687891920938276,0.714349302512826,0.740806684087375),
 .UNSPECIFIED.);
#4478=B_SPLINE_SURFACE_WITH_KNOTS('',3,3,((#8198,#8199,#8200,#8201,#8202,
#8203),(#8204,#8205,#8206,#8207,#8208,#8209),(#8210,#8211,#8212,#8213,#8214,
#8215),(#8216,#8217,#8218,#8219,#8220,#8221),(#8222,#8223,#8224,#8225,#8226,
#8227)),.UNSPECIFIED.,.F.,.F.,.F.,(4,1,4),(4,1,1,4),(0.,0.571428571428571,
1.),(0.,0.448798950512827,0.673198425769241,1.5707963267949),
 .UNSPECIFIED.);
#4479=B_SPLINE_SURFACE_WITH_KNOTS('',3,3,((#8244,#8245,#8246,#8247,#8248,
#8249),(#8250,#8251,#8252,#8253,#8254,#8255),(#8256,#8257,#8258,#8259,#8260,
#8261),(#8262,#8263,#8264,#8265,#8266,#8267),(#8268,#8269,#8270,#8271,#8272,
#8273)),.UNSPECIFIED.,.F.,.F.,.F.,(4,1,4),(4,1,1,4),(0.,0.571428571428571,
1.),(-1.57079632679489,-0.897597901025654,-0.448798950512827,-2.3757613636151E-16),
 .UNSPECIFIED.);
#4480=B_SPLINE_SURFACE_WITH_KNOTS('',3,3,((#8289,#8290,#8291,#8292,#8293,
#8294),(#8295,#8296,#8297,#8298,#8299,#8300),(#8301,#8302,#8303,#8304,#8305,
#8306),(#8307,#8308,#8309,#8310,#8311,#8312),(#8313,#8314,#8315,#8316,#8317,
#8318)),.UNSPECIFIED.,.F.,.F.,.F.,(4,1,4),(4,1,1,4),(0.,0.571428571428571,
1.),(-5.62261336114352E-15,0.448798950512824,0.897597901025653,1.5707963267949),
 .UNSPECIFIED.);
#4481=B_SPLINE_SURFACE_WITH_KNOTS('',3,3,((#8330,#8331,#8332,#8333,#8334,
#8335),(#8336,#8337,#8338,#8339,#8340,#8341),(#8342,#8343,#8344,#8345,#8346,
#8347),(#8348,#8349,#8350,#8351,#8352,#8353),(#8354,#8355,#8356,#8357,#8358,
#8359)),.UNSPECIFIED.,.F.,.F.,.F.,(4,1,4),(4,1,1,4),(0.,0.571428571428571,
1.),(-1.5707963267949,-0.673198425769241,-0.448798950512827,2.24133910623812E-16),
 .UNSPECIFIED.);
#4482=B_SPLINE_SURFACE_WITH_KNOTS('',3,3,((#8740,#8741,#8742,#8743),(#8744,
#8745,#8746,#8747),(#8748,#8749,#8750,#8751),(#8752,#8753,#8754,#8755)),
 .UNSPECIFIED.,.F.,.F.,.F.,(4,4),(4,4),(0.,1.),(-1.98180687912806,-1.3644692303987),
 .UNSPECIFIED.);
#4483=B_SPLINE_SURFACE_WITH_KNOTS('',3,3,((#8764,#8765,#8766,#8767),(#8768,
#8769,#8770,#8771),(#8772,#8773,#8774,#8775),(#8776,#8777,#8778,#8779)),
 .UNSPECIFIED.,.F.,.F.,.F.,(4,4),(4,4),(0.,1.),(0.688854723863732,0.694564402965335),
 .UNSPECIFIED.);
#4484=B_SPLINE_SURFACE_WITH_KNOTS('',3,3,((#8786,#8787,#8788,#8789,#8790,
#8791,#8792,#8793,#8794,#8795,#8796,#8797),(#8798,#8799,#8800,#8801,#8802,
#8803,#8804,#8805,#8806,#8807,#8808,#8809),(#8810,#8811,#8812,#8813,#8814,
#8815,#8816,#8817,#8818,#8819,#8820,#8821),(#8822,#8823,#8824,#8825,#8826,
#8827,#8828,#8829,#8830,#8831,#8832,#8833)),.UNSPECIFIED.,.F.,.F.,.F.,(4,
4),(4,2,2,2,2,4),(0.,1.),(0.377534774562738,0.436827668103126,0.490946878282342,
0.555379483401584,0.628418486358578,0.688854723863734),.UNSPECIFIED.);
#4485=B_SPLINE_SURFACE_WITH_KNOTS('',3,3,((#8848,#8849,#8850,#8851),(#8852,
#8853,#8854,#8855),(#8856,#8857,#8858,#8859),(#8860,#8861,#8862,#8863)),
 .UNSPECIFIED.,.F.,.F.,.F.,(4,4),(4,4),(0.,1.),(2.22875000000002,25.74125),
 .UNSPECIFIED.);
#4486=B_SPLINE_SURFACE_WITH_KNOTS('',3,3,((#8870,#8871,#8872,#8873,#8874,
#8875,#8876,#8877,#8878,#8879,#8880,#8881),(#8882,#8883,#8884,#8885,#8886,
#8887,#8888,#8889,#8890,#8891,#8892,#8893),(#8894,#8895,#8896,#8897,#8898,
#8899,#8900,#8901,#8902,#8903,#8904,#8905),(#8906,#8907,#8908,#8909,#8910,
#8911,#8912,#8913,#8914,#8915,#8916,#8917)),.UNSPECIFIED.,.F.,.F.,.F.,(4,
4),(4,2,2,2,2,4),(0.,1.),(0.443149931550982,0.557384278492317,0.633811882232748,
0.681448492631351,0.741440199761237,0.754500999433774),.UNSPECIFIED.);
#4487=B_SPLINE_SURFACE_WITH_KNOTS('',3,3,((#8932,#8933,#8934,#8935),(#8936,
#8937,#8938,#8939),(#8940,#8941,#8942,#8943),(#8944,#8945,#8946,#8947)),
 .UNSPECIFIED.,.F.,.F.,.F.,(4,4),(4,4),(0.,1.),(0.437436356825162,0.443149931550983),
 .UNSPECIFIED.);
#4488=B_SPLINE_SURFACE_WITH_KNOTS('',3,3,((#8954,#8955,#8956,#8957),(#8958,
#8959,#8960,#8961),(#8962,#8963,#8964,#8965),(#8966,#8967,#8968,#8969)),
 .UNSPECIFIED.,.F.,.F.,.F.,(4,4),(4,4),(0.,1.),(0.,0.599082705451722),
 .UNSPECIFIED.);
#4489=B_SPLINE_SURFACE_WITH_KNOTS('',3,3,((#9026,#9027,#9028,#9029),(#9030,
#9031,#9032,#9033),(#9034,#9035,#9036,#9037),(#9038,#9039,#9040,#9041),
(#9042,#9043,#9044,#9045),(#9046,#9047,#9048,#9049),(#9050,#9051,#9052,
#9053),(#9054,#9055,#9056,#9057),(#9058,#9059,#9060,#9061),(#9062,#9063,
#9064,#9065)),.UNSPECIFIED.,.F.,.F.,.F.,(4,1,1,1,1,1,1,4),(4,4),(-0.00834928919513825,
0.0636756600330859,0.13570060926131,0.279750507717758,0.567850304630655,
0.711900203087103,0.855950101543552,1.),(-7.24250000000001,20.7275),
 .UNSPECIFIED.);
#4490=B_SPLINE_SURFACE_WITH_KNOTS('',3,3,((#9142,#9143,#9144,#9145,#9146,
#9147,#9148,#9149,#9150,#9151,#9152,#9153,#9154,#9155,#9156),(#9157,#9158,
#9159,#9160,#9161,#9162,#9163,#9164,#9165,#9166,#9167,#9168,#9169,#9170,
#9171),(#9172,#9173,#9174,#9175,#9176,#9177,#9178,#9179,#9180,#9181,#9182,
#9183,#9184,#9185,#9186),(#9187,#9188,#9189,#9190,#9191,#9192,#9193,#9194,
#9195,#9196,#9197,#9198,#9199,#9200,#9201)),.UNSPECIFIED.,.F.,.F.,.F.,(4,
4),(4,2,1,2,1,2,1,1,1,4),(0.,1.),(0.163540659959221,0.16546161998584,0.330627586432598,
0.495793552879357,0.620280484099617,0.744767415319878,0.860192539028427,
0.975617662736976,1.09104278644553,1.20646791015407),.UNSPECIFIED.);
#4491=B_SPLINE_SURFACE_WITH_KNOTS('',3,3,((#9221,#9222,#9223,#9224),(#9225,
#9226,#9227,#9228),(#9229,#9230,#9231,#9232),(#9233,#9234,#9235,#9236)),
 .UNSPECIFIED.,.F.,.F.,.F.,(4,4),(4,4),(0.,1.),(5.85297120875392,31.6229712087539),
 .UNSPECIFIED.);
#4492=B_SPLINE_SURFACE_WITH_KNOTS('',3,3,((#9243,#9244,#9245,#9246,#9247,
#9248,#9249,#9250,#9251,#9252,#9253,#9254,#9255,#9256,#9257),(#9258,#9259,
#9260,#9261,#9262,#9263,#9264,#9265,#9266,#9267,#9268,#9269,#9270,#9271,
#9272),(#9273,#9274,#9275,#9276,#9277,#9278,#9279,#9280,#9281,#9282,#9283,
#9284,#9285,#9286,#9287),(#9288,#9289,#9290,#9291,#9292,#9293,#9294,#9295,
#9296,#9297,#9298,#9299,#9300,#9301,#9302)),.UNSPECIFIED.,.F.,.F.,.F.,(4,
4),(4,2,1,1,2,1,1,1,1,1,4),(0.,1.),(1.20646791015074,1.2769129959672,1.43382335128418,
1.59073370660116,1.66918888425966,1.77655946387664,1.83024475368513,1.85708739858937,
1.88393004349362,1.9913006231106,2.20604178234457),.UNSPECIFIED.);
#4493=B_SPLINE_SURFACE_WITH_KNOTS('',3,3,((#9320,#9321,#9322,#9323),(#9324,
#9325,#9326,#9327),(#9328,#9329,#9330,#9331),(#9332,#9333,#9334,#9335)),
 .UNSPECIFIED.,.F.,.F.,.F.,(4,4),(4,4),(0.,1.),(2.20604178234457,2.20783515958146),
 .UNSPECIFIED.);
#4494=B_SPLINE_SURFACE_WITH_KNOTS('',3,3,((#9342,#9343,#9344,#9345),(#9346,
#9347,#9348,#9349),(#9350,#9351,#9352,#9353),(#9354,#9355,#9356,#9357)),
 .UNSPECIFIED.,.F.,.F.,.F.,(4,4),(4,4),(0.,1.),(0.0495662346241179,0.208339633875326),
 .UNSPECIFIED.);
#4495=B_SPLINE_SURFACE_WITH_KNOTS('',3,3,((#9390,#9391,#9392,#9393),(#9394,
#9395,#9396,#9397),(#9398,#9399,#9400,#9401),(#9402,#9403,#9404,#9405)),
 .UNSPECIFIED.,.F.,.F.,.F.,(4,4),(4,4),(0.,1.),(1.77355324590372E-15,0.157446735385636),
 .UNSPECIFIED.);
#4496=B_SPLINE_SURFACE_WITH_KNOTS('',3,3,((#9414,#9415,#9416,#9417),(#9418,
#9419,#9420,#9421),(#9422,#9423,#9424,#9425),(#9426,#9427,#9428,#9429)),
 .UNSPECIFIED.,.F.,.F.,.F.,(4,4),(4,4),(0.,1.),(0.161568700408398,0.163540659959224),
 .UNSPECIFIED.);
#4497=B_SPLINE_SURFACE_WITH_KNOTS('',3,3,((#9529,#9530,#9531,#9532),(#9533,
#9534,#9535,#9536),(#9537,#9538,#9539,#9540),(#9541,#9542,#9543,#9544)),
 .UNSPECIFIED.,.F.,.F.,.F.,(4,4),(4,4),(0.,1.),(-1.5707963267949,-1.56353347489809),
 .UNSPECIFIED.);
#4498=B_SPLINE_SURFACE_WITH_KNOTS('',3,3,((#9547,#9548,#9549,#9550,#9551,
#9552),(#9553,#9554,#9555,#9556,#9557,#9558),(#9559,#9560,#9561,#9562,#9563,
#9564),(#9565,#9566,#9567,#9568,#9569,#9570)),.UNSPECIFIED.,.F.,.F.,.F.,
(4,4),(4,1,1,4),(0.,1.),(6.47630097698008E-16,0.670085774956325,1.11680962492721,
1.56353347489809),.UNSPECIFIED.);
#4499=B_SPLINE_SURFACE_WITH_KNOTS('',3,3,((#9574,#9575,#9576,#9577,#9578,
#9579),(#9580,#9581,#9582,#9583,#9584,#9585),(#9586,#9587,#9588,#9589,#9590,
#9591),(#9592,#9593,#9594,#9595,#9596,#9597)),.UNSPECIFIED.,.F.,.F.,.F.,
(4,4),(4,1,1,4),(0.,1.),(-1.56353347486005,-0.893447699920032,-0.446723849960017,
-1.99840144432528E-15),.UNSPECIFIED.);
#4500=B_SPLINE_SURFACE_WITH_KNOTS('',3,3,((#9599,#9600,#9601,#9602),(#9603,
#9604,#9605,#9606),(#9607,#9608,#9609,#9610),(#9611,#9612,#9613,#9614)),
 .UNSPECIFIED.,.F.,.F.,.F.,(4,4),(4,4),(0.,1.),(1.56353347486005,1.5707963267949),
 .UNSPECIFIED.);
#4501=B_SPLINE_SURFACE_WITH_KNOTS('',3,3,((#9618,#9619,#9620,#9621),(#9622,
#9623,#9624,#9625),(#9626,#9627,#9628,#9629),(#9630,#9631,#9632,#9633)),
 .UNSPECIFIED.,.F.,.F.,.F.,(4,4),(4,4),(0.,1.),(2.00341416576239,2.01216303211498),
 .UNSPECIFIED.);
#4502=B_SPLINE_SURFACE_WITH_KNOTS('',3,3,((#9635,#9636,#9637,#9638,#9639,
#9640),(#9641,#9642,#9643,#9644,#9645,#9646),(#9647,#9648,#9649,#9650,#9651,
#9652),(#9653,#9654,#9655,#9656,#9657,#9658)),.UNSPECIFIED.,.F.,.F.,.F.,
(4,4),(4,1,1,4),(0.,1.),(-3.14159265358979,-2.46839422782054,-2.01959527730772,
-1.57079632679489),.UNSPECIFIED.);
#4503=B_SPLINE_SURFACE_WITH_KNOTS('',3,3,((#9662,#9663,#9664,#9665,#9666,
#9667),(#9668,#9669,#9670,#9671,#9672,#9673),(#9674,#9675,#9676,#9677,#9678,
#9679),(#9680,#9681,#9682,#9683,#9684,#9685)),.UNSPECIFIED.,.F.,.F.,.F.,
(4,4),(4,1,1,4),(0.,1.),(-1.5707963267949,-0.897597901025653,-0.448798950512825,
3.55542991173241E-15),.UNSPECIFIED.);
#4504=B_SPLINE_SURFACE_WITH_KNOTS('',3,3,((#9687,#9688,#9689,#9690),(#9691,
#9692,#9693,#9694),(#9695,#9696,#9697,#9698),(#9699,#9700,#9701,#9702)),
 .UNSPECIFIED.,.F.,.F.,.F.,(4,4),(4,4),(0.,1.),(-5.97216303211499,-5.9634141657624),
 .UNSPECIFIED.);
#4505=ADVANCED_FACE('',(#934),#4474,.T.);
#4506=ADVANCED_FACE('',(#935),#862,.F.);
#4507=ADVANCED_FACE('',(#936),#863,.F.);
#4508=ADVANCED_FACE('',(#937),#768,.F.);
#4509=ADVANCED_FACE('',(#938),#864,.F.);
#4510=ADVANCED_FACE('',(#939),#865,.F.);
#4511=ADVANCED_FACE('',(#940),#4475,.T.);
#4512=ADVANCED_FACE('',(#941),#769,.T.);
#4513=ADVANCED_FACE('',(#942),#770,.F.);
#4514=ADVANCED_FACE('',(#943,#47),#61,.F.);
#4515=ADVANCED_FACE('',(#944),#771,.F.);
#4516=ADVANCED_FACE('',(#945),#772,.T.);
#4517=ADVANCED_FACE('',(#946),#773,.T.);
#4518=ADVANCED_FACE('',(#947),#62,.T.);
#4519=ADVANCED_FACE('',(#948),#866,.T.);
#4520=ADVANCED_FACE('',(#949,#48),#63,.T.);
#4521=ADVANCED_FACE('',(#950),#774,.F.);
#4522=ADVANCED_FACE('',(#951),#867,.T.);
#4523=ADVANCED_FACE('',(#952),#868,.T.);
#4524=ADVANCED_FACE('',(#953),#869,.T.);
#4525=ADVANCED_FACE('',(#954),#870,.T.);
#4526=ADVANCED_FACE('',(#955,#49),#64,.T.);
#4527=ADVANCED_FACE('',(#956),#775,.F.);
#4528=ADVANCED_FACE('',(#957),#871,.T.);
#4529=ADVANCED_FACE('',(#958),#872,.T.);
#4530=ADVANCED_FACE('',(#959),#873,.T.);
#4531=ADVANCED_FACE('',(#960),#874,.T.);
#4532=ADVANCED_FACE('',(#961,#50),#65,.T.);
#4533=ADVANCED_FACE('',(#962),#776,.F.);
#4534=ADVANCED_FACE('',(#963),#875,.T.);
#4535=ADVANCED_FACE('',(#964),#876,.T.);
#4536=ADVANCED_FACE('',(#965),#877,.T.);
#4537=ADVANCED_FACE('',(#966),#878,.T.);
#4538=ADVANCED_FACE('',(#967),#777,.F.);
#4539=ADVANCED_FACE('',(#968,#51),#66,.T.);
#4540=ADVANCED_FACE('',(#969),#879,.T.);
#4541=ADVANCED_FACE('',(#970),#880,.T.);
#4542=ADVANCED_FACE('',(#971),#881,.T.);
#4543=ADVANCED_FACE('',(#972),#778,.F.);
#4544=ADVANCED_FACE('',(#973),#779,.T.);
#4545=ADVANCED_FACE('',(#974),#780,.F.);
#4546=ADVANCED_FACE('',(#975),#882,.T.);
#4547=ADVANCED_FACE('',(#976),#781,.F.);
#4548=ADVANCED_FACE('',(#977,#52),#67,.T.);
#4549=ADVANCED_FACE('',(#978),#883,.T.);
#4550=ADVANCED_FACE('',(#979),#782,.F.);
#4551=ADVANCED_FACE('',(#980,#53),#68,.T.);
#4552=ADVANCED_FACE('',(#981),#884,.T.);
#4553=ADVANCED_FACE('',(#982),#885,.T.);
#4554=ADVANCED_FACE('',(#983),#886,.T.);
#4555=ADVANCED_FACE('',(#984),#783,.F.);
#4556=ADVANCED_FACE('',(#985),#784,.T.);
#4557=ADVANCED_FACE('',(#986),#785,.F.);
#4558=ADVANCED_FACE('',(#987),#887,.T.);
#4559=ADVANCED_FACE('',(#988),#888,.T.);
#4560=ADVANCED_FACE('',(#989),#889,.T.);
#4561=ADVANCED_FACE('',(#990),#786,.F.);
#4562=ADVANCED_FACE('',(#991),#787,.T.);
#4563=ADVANCED_FACE('',(#992),#788,.F.);
#4564=ADVANCED_FACE('',(#993),#890,.T.);
#4565=ADVANCED_FACE('',(#994),#891,.T.);
#4566=ADVANCED_FACE('',(#995),#892,.T.);
#4567=ADVANCED_FACE('',(#996),#789,.F.);
#4568=ADVANCED_FACE('',(#997),#790,.T.);
#4569=ADVANCED_FACE('',(#998),#791,.F.);
#4570=ADVANCED_FACE('',(#999),#893,.F.);
#4571=ADVANCED_FACE('',(#1000),#4476,.T.);
#4572=ADVANCED_FACE('',(#1001),#894,.F.);
#4573=ADVANCED_FACE('',(#1002),#895,.F.);
#4574=ADVANCED_FACE('',(#1003),#792,.F.);
#4575=ADVANCED_FACE('',(#1004),#896,.F.);
#4576=ADVANCED_FACE('',(#1005),#897,.F.);
#4577=ADVANCED_FACE('',(#1006),#793,.F.);
#4578=ADVANCED_FACE('',(#1007),#898,.F.);
#4579=ADVANCED_FACE('',(#1008),#899,.F.);
#4580=ADVANCED_FACE('',(#1009),#794,.F.);
#4581=ADVANCED_FACE('',(#1010),#900,.F.);
#4582=ADVANCED_FACE('',(#1011),#901,.F.);
#4583=ADVANCED_FACE('',(#1012),#4477,.T.);
#4584=ADVANCED_FACE('',(#1013),#902,.F.);
#4585=ADVANCED_FACE('',(#1014),#903,.F.);
#4586=ADVANCED_FACE('',(#1015),#795,.F.);
#4587=ADVANCED_FACE('',(#1016),#904,.F.);
#4588=ADVANCED_FACE('',(#1017),#905,.F.);
#4589=ADVANCED_FACE('',(#1018),#906,.F.);
#4590=ADVANCED_FACE('',(#1019),#796,.F.);
#4591=ADVANCED_FACE('',(#1020),#907,.F.);
#4592=ADVANCED_FACE('',(#1021),#797,.F.);
#4593=ADVANCED_FACE('',(#1022),#908,.F.);
#4594=ADVANCED_FACE('',(#1023),#798,.F.);
#4595=ADVANCED_FACE('',(#1024),#909,.F.);
#4596=ADVANCED_FACE('',(#1025),#799,.F.);
#4597=ADVANCED_FACE('',(#1026),#910,.F.);
#4598=ADVANCED_FACE('',(#1027),#800,.F.);
#4599=ADVANCED_FACE('',(#1028),#911,.F.);
#4600=ADVANCED_FACE('',(#1029),#912,.F.);
#4601=ADVANCED_FACE('',(#1030),#913,.F.);
#4602=ADVANCED_FACE('',(#1031),#801,.F.);
#4603=ADVANCED_FACE('',(#1032),#914,.F.);
#4604=ADVANCED_FACE('',(#1033),#915,.F.);
#4605=ADVANCED_FACE('',(#1034),#916,.F.);
#4606=ADVANCED_FACE('',(#1035),#802,.F.);
#4607=ADVANCED_FACE('',(#1036),#917,.F.);
#4608=ADVANCED_FACE('',(#1037),#918,.F.);
#4609=ADVANCED_FACE('',(#1038),#919,.F.);
#4610=ADVANCED_FACE('',(#1039),#803,.F.);
#4611=ADVANCED_FACE('',(#1040),#920,.F.);
#4612=ADVANCED_FACE('',(#1041),#921,.F.);
#4613=ADVANCED_FACE('',(#1042),#922,.F.);
#4614=ADVANCED_FACE('',(#1043),#804,.F.);
#4615=ADVANCED_FACE('',(#1044),#923,.F.);
#4616=ADVANCED_FACE('',(#1045),#805,.F.);
#4617=ADVANCED_FACE('',(#1046),#924,.F.);
#4618=ADVANCED_FACE('',(#1047),#806,.F.);
#4619=ADVANCED_FACE('',(#1048),#925,.F.);
#4620=ADVANCED_FACE('',(#1049),#807,.F.);
#4621=ADVANCED_FACE('',(#1050),#926,.F.);
#4622=ADVANCED_FACE('',(#1051),#808,.F.);
#4623=ADVANCED_FACE('',(#1052),#927,.F.);
#4624=ADVANCED_FACE('',(#1053),#928,.F.);
#4625=ADVANCED_FACE('',(#1054),#929,.F.);
#4626=ADVANCED_FACE('',(#1055),#809,.F.);
#4627=ADVANCED_FACE('',(#1056),#930,.F.);
#4628=ADVANCED_FACE('',(#1057),#69,.T.);
#4629=ADVANCED_FACE('',(#1058),#810,.F.);
#4630=ADVANCED_FACE('',(#1059),#70,.T.);
#4631=ADVANCED_FACE('',(#1060),#811,.T.);
#4632=ADVANCED_FACE('',(#1061),#71,.T.);
#4633=ADVANCED_FACE('',(#1062),#812,.F.);
#4634=ADVANCED_FACE('',(#1063),#72,.T.);
#4635=ADVANCED_FACE('',(#1064),#813,.F.);
#4636=ADVANCED_FACE('',(#1065),#814,.F.);
#4637=ADVANCED_FACE('',(#1066),#815,.T.);
#4638=ADVANCED_FACE('',(#1067),#816,.F.);
#4639=ADVANCED_FACE('',(#1068),#817,.F.);
#4640=ADVANCED_FACE('',(#1069),#818,.T.);
#4641=ADVANCED_FACE('',(#1070),#73,.T.);
#4642=ADVANCED_FACE('',(#1071),#819,.F.);
#4643=ADVANCED_FACE('',(#1072),#820,.F.);
#4644=ADVANCED_FACE('',(#1073),#821,.T.);
#4645=ADVANCED_FACE('',(#1074),#931,.T.);
#4646=ADVANCED_FACE('',(#1075),#932,.T.);
#4647=ADVANCED_FACE('',(#1076),#933,.T.);
#4648=ADVANCED_FACE('',(#1077),#822,.F.);
#4649=ADVANCED_FACE('',(#1078),#823,.T.);
#4650=ADVANCED_FACE('',(#1079),#824,.F.);
#4651=ADVANCED_FACE('',(#1080),#825,.F.);
#4652=ADVANCED_FACE('',(#1081),#4478,.T.);
#4653=ADVANCED_FACE('',(#1082),#826,.T.);
#4654=ADVANCED_FACE('',(#1083),#74,.F.);
#4655=ADVANCED_FACE('',(#1084),#827,.F.);
#4656=ADVANCED_FACE('',(#1085),#4479,.T.);
#4657=ADVANCED_FACE('',(#1086),#828,.T.);
#4658=ADVANCED_FACE('',(#1087),#75,.F.);
#4659=ADVANCED_FACE('',(#1088),#829,.F.);
#4660=ADVANCED_FACE('',(#1089),#4480,.T.);
#4661=ADVANCED_FACE('',(#1090),#76,.F.);
#4662=ADVANCED_FACE('',(#1091),#77,.T.);
#4663=ADVANCED_FACE('',(#1092),#4481,.T.);
#4664=ADVANCED_FACE('',(#1093),#830,.F.);
#4665=ADVANCED_FACE('',(#1094),#831,.T.);
#4666=ADVANCED_FACE('',(#1095),#832,.T.);
#4667=ADVANCED_FACE('',(#1096),#833,.F.);
#4668=ADVANCED_FACE('',(#1097),#78,.F.);
#4669=ADVANCED_FACE('',(#1098),#834,.F.);
#4670=ADVANCED_FACE('',(#1099),#79,.F.);
#4671=ADVANCED_FACE('',(#1100),#80,.F.);
#4672=ADVANCED_FACE('',(#1101),#81,.F.);
#4673=ADVANCED_FACE('',(#1102),#82,.F.);
#4674=ADVANCED_FACE('',(#1103),#83,.T.);
#4675=ADVANCED_FACE('',(#1104),#84,.T.);
#4676=ADVANCED_FACE('',(#1105),#15,.F.);
#4677=ADVANCED_FACE('',(#1106),#85,.T.);
#4678=ADVANCED_FACE('',(#1107),#16,.F.);
#4679=ADVANCED_FACE('',(#1108),#835,.F.);
#4680=ADVANCED_FACE('',(#1109),#86,.F.);
#4681=ADVANCED_FACE('',(#1110,#54,#55,#56,#57),#87,.F.);
#4682=ADVANCED_FACE('',(#1111),#88,.T.);
#4683=ADVANCED_FACE('',(#1112),#17,.F.);
#4684=ADVANCED_FACE('',(#1113),#89,.T.);
#4685=ADVANCED_FACE('',(#1114),#18,.F.);
#4686=ADVANCED_FACE('',(#1115),#836,.F.);
#4687=ADVANCED_FACE('',(#1116),#90,.F.);
#4688=ADVANCED_FACE('',(#1117),#91,.T.);
#4689=ADVANCED_FACE('',(#1118),#19,.F.);
#4690=ADVANCED_FACE('',(#1119),#92,.T.);
#4691=ADVANCED_FACE('',(#1120),#20,.F.);
#4692=ADVANCED_FACE('',(#1121),#837,.F.);
#4693=ADVANCED_FACE('',(#1122),#93,.F.);
#4694=ADVANCED_FACE('',(#1123),#94,.T.);
#4695=ADVANCED_FACE('',(#1124),#21,.F.);
#4696=ADVANCED_FACE('',(#1125),#95,.T.);
#4697=ADVANCED_FACE('',(#1126),#22,.F.);
#4698=ADVANCED_FACE('',(#1127),#838,.F.);
#4699=ADVANCED_FACE('',(#1128),#96,.F.);
#4700=ADVANCED_FACE('',(#1129),#839,.F.);
#4701=ADVANCED_FACE('',(#1130),#97,.F.);
#4702=ADVANCED_FACE('',(#1131),#98,.T.);
#4703=ADVANCED_FACE('',(#1132),#23,.F.);
#4704=ADVANCED_FACE('',(#1133),#24,.F.);
#4705=ADVANCED_FACE('',(#1134),#25,.F.);
#4706=ADVANCED_FACE('',(#1135),#26,.F.);
#4707=ADVANCED_FACE('',(#1136),#27,.F.);
#4708=ADVANCED_FACE('',(#1137),#28,.F.);
#4709=ADVANCED_FACE('',(#1138),#29,.F.);
#4710=ADVANCED_FACE('',(#1139),#30,.F.);
#4711=ADVANCED_FACE('',(#1140),#840,.F.);
#4712=ADVANCED_FACE('',(#1141),#841,.F.);
#4713=ADVANCED_FACE('',(#1142,#58),#99,.T.);
#4714=ADVANCED_FACE('',(#1143),#100,.T.);
#4715=ADVANCED_FACE('',(#1144),#101,.T.);
#4716=ADVANCED_FACE('',(#1145,#59),#102,.T.);
#4717=ADVANCED_FACE('',(#1146),#103,.T.);
#4718=ADVANCED_FACE('',(#1147),#104,.T.);
#4719=ADVANCED_FACE('',(#1148),#105,.T.);
#4720=ADVANCED_FACE('',(#1149),#106,.T.);
#4721=ADVANCED_FACE('',(#1150),#842,.F.);
#4722=ADVANCED_FACE('',(#1151),#843,.F.);
#4723=ADVANCED_FACE('',(#1152),#844,.F.);
#4724=ADVANCED_FACE('',(#1153),#845,.F.);
#4725=ADVANCED_FACE('',(#1154),#846,.F.);
#4726=ADVANCED_FACE('',(#1155),#847,.F.);
#4727=ADVANCED_FACE('',(#1156),#848,.T.);
#4728=ADVANCED_FACE('',(#1157),#107,.T.);
#4729=ADVANCED_FACE('',(#1158),#849,.F.);
#4730=ADVANCED_FACE('',(#1159),#108,.T.);
#4731=ADVANCED_FACE('',(#1160),#850,.F.);
#4732=ADVANCED_FACE('',(#1161),#851,.F.);
#4733=ADVANCED_FACE('',(#1162),#852,.F.);
#4734=ADVANCED_FACE('',(#1163),#109,.T.);
#4735=ADVANCED_FACE('',(#1164),#4482,.T.);
#4736=ADVANCED_FACE('',(#1165),#4483,.T.);
#4737=ADVANCED_FACE('',(#1166),#4484,.T.);
#4738=ADVANCED_FACE('',(#1167),#4485,.T.);
#4739=ADVANCED_FACE('',(#1168),#4486,.T.);
#4740=ADVANCED_FACE('',(#1169),#4487,.T.);
#4741=ADVANCED_FACE('',(#1170),#4488,.T.);
#4742=ADVANCED_FACE('',(#1171),#31,.T.);
#4743=ADVANCED_FACE('',(#1172),#110,.T.);
#4744=ADVANCED_FACE('',(#1173),#32,.F.);
#4745=ADVANCED_FACE('',(#1174),#111,.T.);
#4746=ADVANCED_FACE('',(#1175),#33,.F.);
#4747=ADVANCED_FACE('',(#1176),#112,.T.);
#4748=ADVANCED_FACE('',(#1177),#34,.F.);
#4749=ADVANCED_FACE('',(#1178),#113,.T.);
#4750=ADVANCED_FACE('',(#1179),#35,.F.);
#4751=ADVANCED_FACE('',(#1180),#114,.T.);
#4752=ADVANCED_FACE('',(#1181),#36,.T.);
#4753=ADVANCED_FACE('',(#1182),#115,.T.);
#4754=ADVANCED_FACE('',(#1183),#116,.T.);
#4755=ADVANCED_FACE('',(#1184),#4489,.T.);
#4756=ADVANCED_FACE('',(#1185),#117,.T.);
#4757=ADVANCED_FACE('',(#1186),#4490,.T.);
#4758=ADVANCED_FACE('',(#1187),#4491,.T.);
#4759=ADVANCED_FACE('',(#1188),#4492,.T.);
#4760=ADVANCED_FACE('',(#1189),#4493,.T.);
#4761=ADVANCED_FACE('',(#1190),#4494,.T.);
#4762=ADVANCED_FACE('',(#1191),#118,.T.);
#4763=ADVANCED_FACE('',(#1192),#37,.T.);
#4764=ADVANCED_FACE('',(#1193),#119,.F.);
#4765=ADVANCED_FACE('',(#1194),#853,.F.);
#4766=ADVANCED_FACE('',(#1195),#854,.F.);
#4767=ADVANCED_FACE('',(#1196),#120,.T.);
#4768=ADVANCED_FACE('',(#1197),#38,.T.);
#4769=ADVANCED_FACE('',(#1198),#4495,.T.);
#4770=ADVANCED_FACE('',(#1199),#4496,.T.);
#4771=ADVANCED_FACE('',(#1200),#121,.T.);
#4772=ADVANCED_FACE('',(#1201),#122,.T.);
#4773=ADVANCED_FACE('',(#1202),#123,.T.);
#4774=ADVANCED_FACE('',(#1203),#124,.T.);
#4775=ADVANCED_FACE('',(#1204),#855,.T.);
#4776=ADVANCED_FACE('',(#1205),#125,.T.);
#4777=ADVANCED_FACE('',(#1206),#856,.T.);
#4778=ADVANCED_FACE('',(#1207),#126,.T.);
#4779=ADVANCED_FACE('',(#1208),#857,.T.);
#4780=ADVANCED_FACE('',(#1209,#60),#127,.T.);
#4781=ADVANCED_FACE('',(#1210),#858,.T.);
#4782=ADVANCED_FACE('',(#1211),#128,.T.);
#4783=ADVANCED_FACE('',(#1212),#859,.F.);
#4784=ADVANCED_FACE('',(#1213),#129,.F.);
#4785=ADVANCED_FACE('',(#1214),#860,.F.);
#4786=ADVANCED_FACE('',(#1215),#130,.F.);
#4787=ADVANCED_FACE('',(#1216),#861,.F.);
#4788=ADVANCED_FACE('',(#1217),#131,.F.);
#4789=ADVANCED_FACE('',(#1218),#4497,.T.);
#4790=ADVANCED_FACE('',(#1219),#4498,.T.);
#4791=ADVANCED_FACE('',(#1220),#132,.T.);
#4792=ADVANCED_FACE('',(#1221),#4499,.T.);
#4793=ADVANCED_FACE('',(#1222),#4500,.T.);
#4794=ADVANCED_FACE('',(#1223),#133,.T.);
#4795=ADVANCED_FACE('',(#1224),#4501,.T.);
#4796=ADVANCED_FACE('',(#1225),#4502,.T.);
#4797=ADVANCED_FACE('',(#1226),#134,.T.);
#4798=ADVANCED_FACE('',(#1227),#4503,.T.);
#4799=ADVANCED_FACE('',(#1228),#4504,.T.);
#4800=ADVANCED_FACE('',(#1229),#135,.T.);
#4801=CLOSED_SHELL('',(#4505,#4506,#4507,#4508,#4509,#4510,#4511,#4512,
#4513,#4514,#4515,#4516,#4517,#4518,#4519,#4520,#4521,#4522,#4523,#4524,
#4525,#4526,#4527,#4528,#4529,#4530,#4531,#4532,#4533,#4534,#4535,#4536,
#4537,#4538,#4539,#4540,#4541,#4542,#4543,#4544,#4545,#4546,#4547,#4548,
#4549,#4550,#4551,#4552,#4553,#4554,#4555,#4556,#4557,#4558,#4559,#4560,
#4561,#4562,#4563,#4564,#4565,#4566,#4567,#4568,#4569,#4570,#4571,#4572,
#4573,#4574,#4575,#4576,#4577,#4578,#4579,#4580,#4581,#4582,#4583,#4584,
#4585,#4586,#4587,#4588,#4589,#4590,#4591,#4592,#4593,#4594,#4595,#4596,
#4597,#4598,#4599,#4600,#4601,#4602,#4603,#4604,#4605,#4606,#4607,#4608,
#4609,#4610,#4611,#4612,#4613,#4614,#4615,#4616,#4617,#4618,#4619,#4620,
#4621,#4622,#4623,#4624,#4625,#4626,#4627,#4628,#4629,#4630,#4631,#4632,
#4633,#4634,#4635,#4636,#4637,#4638,#4639,#4640,#4641,#4642,#4643,#4644,
#4645,#4646,#4647,#4648,#4649,#4650,#4651,#4652,#4653,#4654,#4655,#4656,
#4657,#4658,#4659,#4660,#4661,#4662,#4663,#4664,#4665,#4666,#4667,#4668,
#4669,#4670,#4671,#4672,#4673,#4674,#4675,#4676,#4677,#4678,#4679,#4680,
#4681,#4682,#4683,#4684,#4685,#4686,#4687,#4688,#4689,#4690,#4691,#4692,
#4693,#4694,#4695,#4696,#4697,#4698,#4699,#4700,#4701,#4702,#4703,#4704,
#4705,#4706,#4707,#4708,#4709,#4710,#4711,#4712,#4713,#4714,#4715,#4716,
#4717,#4718,#4719,#4720,#4721,#4722,#4723,#4724,#4725,#4726,#4727,#4728,
#4729,#4730,#4731,#4732,#4733,#4734,#4735,#4736,#4737,#4738,#4739,#4740,
#4741,#4742,#4743,#4744,#4745,#4746,#4747,#4748,#4749,#4750,#4751,#4752,
#4753,#4754,#4755,#4756,#4757,#4758,#4759,#4760,#4761,#4762,#4763,#4764,
#4765,#4766,#4767,#4768,#4769,#4770,#4771,#4772,#4773,#4774,#4775,#4776,
#4777,#4778,#4779,#4780,#4781,#4782,#4783,#4784,#4785,#4786,#4787,#4788,
#4789,#4790,#4791,#4792,#4793,#4794,#4795,#4796,#4797,#4798,#4799,#4800));
#4802=AXIS2_PLACEMENT_3D('',#6882,#5390,#5391);
#4803=AXIS2_PLACEMENT_3D('',#6917,#5392,#5393);
#4804=AXIS2_PLACEMENT_3D('',#6935,#5394,#5395);
#4805=AXIS2_PLACEMENT_3D('',#6938,#5396,#5397);
#4806=AXIS2_PLACEMENT_3D('',#6939,#5398,#5399);
#4807=AXIS2_PLACEMENT_3D('',#6940,#5400,#5401);
#4808=AXIS2_PLACEMENT_3D('',#6941,#5402,#5403);
#4809=AXIS2_PLACEMENT_3D('',#6944,#5404,#5405);
#4810=AXIS2_PLACEMENT_3D('',#6945,#5406,#5407);
#4811=AXIS2_PLACEMENT_3D('',#6946,#5408,#5409);
#4812=AXIS2_PLACEMENT_3D('',#6947,#5410,#5411);
#4813=AXIS2_PLACEMENT_3D('',#6950,#5412,#5413);
#4814=AXIS2_PLACEMENT_3D('',#6953,#5416,#5417);
#4815=AXIS2_PLACEMENT_3D('',#6956,#5418,#5419);
#4816=AXIS2_PLACEMENT_3D('',#6957,#5420,#5421);
#4817=AXIS2_PLACEMENT_3D('',#6958,#5422,#5423);
#4818=AXIS2_PLACEMENT_3D('',#6959,#5424,#5425);
#4819=AXIS2_PLACEMENT_3D('',#6962,#5426,#5427);
#4820=AXIS2_PLACEMENT_3D('',#6963,#5428,#5429);
#4821=AXIS2_PLACEMENT_3D('',#6964,#5430,#5431);
#4822=AXIS2_PLACEMENT_3D('',#7022,#5432,#5433);
#4823=AXIS2_PLACEMENT_3D('',#7026,#5435,#5436);
#4824=AXIS2_PLACEMENT_3D('',#7028,#5438,#5439);
#4825=AXIS2_PLACEMENT_3D('',#7031,#5441,#5442);
#4826=AXIS2_PLACEMENT_3D('',#7032,#5443,#5444);
#4827=AXIS2_PLACEMENT_3D('',#7040,#5448,#5449);
#4828=AXIS2_PLACEMENT_3D('',#7044,#5451,#5452);
#4829=AXIS2_PLACEMENT_3D('',#7048,#5454,#5455);
#4830=AXIS2_PLACEMENT_3D('',#7051,#5457,#5458);
#4831=AXIS2_PLACEMENT_3D('',#7052,#5459,#5460);
#4832=AXIS2_PLACEMENT_3D('',#7055,#5462,#5463);
#4833=AXIS2_PLACEMENT_3D('',#7056,#5464,#5465);
#4834=AXIS2_PLACEMENT_3D('',#7059,#5467,#5468);
#4835=AXIS2_PLACEMENT_3D('',#7060,#5469,#5470);
#4836=AXIS2_PLACEMENT_3D('',#7063,#5473,#5474);
#4837=AXIS2_PLACEMENT_3D('',#7169,#5500,#5501);
#4838=AXIS2_PLACEMENT_3D('',#7171,#5502,#5503);
#4839=AXIS2_PLACEMENT_3D('',#7173,#5504,#5505);
#4840=AXIS2_PLACEMENT_3D('',#7175,#5506,#5507);
#4841=AXIS2_PLACEMENT_3D('',#7176,#5508,#5509);
#4842=AXIS2_PLACEMENT_3D('',#7177,#5510,#5511);
#4843=AXIS2_PLACEMENT_3D('',#7179,#5512,#5513);
#4844=AXIS2_PLACEMENT_3D('',#7181,#5514,#5515);
#4845=AXIS2_PLACEMENT_3D('',#7182,#5516,#5517);
#4846=AXIS2_PLACEMENT_3D('',#7183,#5518,#5519);
#4847=AXIS2_PLACEMENT_3D('',#7186,#5521,#5522);
#4848=AXIS2_PLACEMENT_3D('',#7187,#5523,#5524);
#4849=AXIS2_PLACEMENT_3D('',#7189,#5525,#5526);
#4850=AXIS2_PLACEMENT_3D('',#7190,#5527,#5528);
#4851=AXIS2_PLACEMENT_3D('',#7191,#5529,#5530);
#4852=AXIS2_PLACEMENT_3D('',#7193,#5531,#5532);
#4853=AXIS2_PLACEMENT_3D('',#7194,#5533,#5534);
#4854=AXIS2_PLACEMENT_3D('',#7195,#5535,#5536);
#4855=AXIS2_PLACEMENT_3D('',#7196,#5537,#5538);
#4856=AXIS2_PLACEMENT_3D('',#7197,#5539,#5540);
#4857=AXIS2_PLACEMENT_3D('',#7199,#5541,#5542);
#4858=AXIS2_PLACEMENT_3D('',#7201,#5543,#5544);
#4859=AXIS2_PLACEMENT_3D('',#7203,#5545,#5546);
#4860=AXIS2_PLACEMENT_3D('',#7204,#5547,#5548);
#4861=AXIS2_PLACEMENT_3D('',#7205,#5549,#5550);
#4862=AXIS2_PLACEMENT_3D('',#7207,#5551,#5552);
#4863=AXIS2_PLACEMENT_3D('',#7209,#5553,#5554);
#4864=AXIS2_PLACEMENT_3D('',#7210,#5555,#5556);
#4865=AXIS2_PLACEMENT_3D('',#7211,#5557,#5558);
#4866=AXIS2_PLACEMENT_3D('',#7214,#5560,#5561);
#4867=AXIS2_PLACEMENT_3D('',#7215,#5562,#5563);
#4868=AXIS2_PLACEMENT_3D('',#7217,#5564,#5565);
#4869=AXIS2_PLACEMENT_3D('',#7218,#5566,#5567);
#4870=AXIS2_PLACEMENT_3D('',#7219,#5568,#5569);
#4871=AXIS2_PLACEMENT_3D('',#7221,#5570,#5571);
#4872=AXIS2_PLACEMENT_3D('',#7222,#5572,#5573);
#4873=AXIS2_PLACEMENT_3D('',#7223,#5574,#5575);
#4874=AXIS2_PLACEMENT_3D('',#7224,#5576,#5577);
#4875=AXIS2_PLACEMENT_3D('',#7225,#5578,#5579);
#4876=AXIS2_PLACEMENT_3D('',#7227,#5580,#5581);
#4877=AXIS2_PLACEMENT_3D('',#7229,#5582,#5583);
#4878=AXIS2_PLACEMENT_3D('',#7231,#5584,#5585);
#4879=AXIS2_PLACEMENT_3D('',#7232,#5586,#5587);
#4880=AXIS2_PLACEMENT_3D('',#7233,#5588,#5589);
#4881=AXIS2_PLACEMENT_3D('',#7235,#5590,#5591);
#4882=AXIS2_PLACEMENT_3D('',#7237,#5592,#5593);
#4883=AXIS2_PLACEMENT_3D('',#7238,#5594,#5595);
#4884=AXIS2_PLACEMENT_3D('',#7239,#5596,#5597);
#4885=AXIS2_PLACEMENT_3D('',#7242,#5599,#5600);
#4886=AXIS2_PLACEMENT_3D('',#7243,#5601,#5602);
#4887=AXIS2_PLACEMENT_3D('',#7245,#5603,#5604);
#4888=AXIS2_PLACEMENT_3D('',#7246,#5605,#5606);
#4889=AXIS2_PLACEMENT_3D('',#7247,#5607,#5608);
#4890=AXIS2_PLACEMENT_3D('',#7249,#5609,#5610);
#4891=AXIS2_PLACEMENT_3D('',#7250,#5611,#5612);
#4892=AXIS2_PLACEMENT_3D('',#7251,#5613,#5614);
#4893=AXIS2_PLACEMENT_3D('',#7252,#5615,#5616);
#4894=AXIS2_PLACEMENT_3D('',#7253,#5617,#5618);
#4895=AXIS2_PLACEMENT_3D('',#7255,#5619,#5620);
#4896=AXIS2_PLACEMENT_3D('',#7257,#5621,#5622);
#4897=AXIS2_PLACEMENT_3D('',#7259,#5623,#5624);
#4898=AXIS2_PLACEMENT_3D('',#7260,#5625,#5626);
#4899=AXIS2_PLACEMENT_3D('',#7261,#5627,#5628);
#4900=AXIS2_PLACEMENT_3D('',#7264,#5630,#5631);
#4901=AXIS2_PLACEMENT_3D('',#7265,#5632,#5633);
#4902=AXIS2_PLACEMENT_3D('',#7268,#5634,#5635);
#4903=AXIS2_PLACEMENT_3D('',#7272,#5637,#5638);
#4904=AXIS2_PLACEMENT_3D('',#7273,#5639,#5640);
#4905=AXIS2_PLACEMENT_3D('',#7274,#5641,#5642);
#4906=AXIS2_PLACEMENT_3D('',#7276,#5643,#5644);
#4907=AXIS2_PLACEMENT_3D('',#7282,#5645,#5646);
#4908=AXIS2_PLACEMENT_3D('',#7283,#5647,#5648);
#4909=AXIS2_PLACEMENT_3D('',#7285,#5649,#5650);
#4910=AXIS2_PLACEMENT_3D('',#7286,#5651,#5652);
#4911=AXIS2_PLACEMENT_3D('',#7287,#5653,#5654);
#4912=AXIS2_PLACEMENT_3D('',#7293,#5655,#5656);
#4913=AXIS2_PLACEMENT_3D('',#7294,#5657,#5658);
#4914=AXIS2_PLACEMENT_3D('',#7298,#5660,#5661);
#4915=AXIS2_PLACEMENT_3D('',#7300,#5663,#5664);
#4916=AXIS2_PLACEMENT_3D('',#7303,#5666,#5667);
#4917=AXIS2_PLACEMENT_3D('',#7304,#5668,#5669);
#4918=AXIS2_PLACEMENT_3D('',#7307,#5671,#5672);
#4919=AXIS2_PLACEMENT_3D('',#7308,#5673,#5674);
#4920=AXIS2_PLACEMENT_3D('',#7310,#5675,#5676);
#4921=AXIS2_PLACEMENT_3D('',#7312,#5677,#5678);
#4922=AXIS2_PLACEMENT_3D('',#7314,#5679,#5680);
#4923=AXIS2_PLACEMENT_3D('',#7315,#5681,#5682);
#4924=AXIS2_PLACEMENT_3D('',#7316,#5683,#5684);
#4925=AXIS2_PLACEMENT_3D('',#7319,#5686,#5687);
#4926=AXIS2_PLACEMENT_3D('',#7320,#5688,#5689);
#4927=AXIS2_PLACEMENT_3D('',#7323,#5690,#5691);
#4928=AXIS2_PLACEMENT_3D('',#7327,#5693,#5694);
#4929=AXIS2_PLACEMENT_3D('',#7328,#5695,#5696);
#4930=AXIS2_PLACEMENT_3D('',#7329,#5697,#5698);
#4931=AXIS2_PLACEMENT_3D('',#7331,#5699,#5700);
#4932=AXIS2_PLACEMENT_3D('',#7333,#5701,#5702);
#4933=AXIS2_PLACEMENT_3D('',#7335,#5703,#5704);
#4934=AXIS2_PLACEMENT_3D('',#7336,#5705,#5706);
#4935=AXIS2_PLACEMENT_3D('',#7337,#5707,#5708);
#4936=AXIS2_PLACEMENT_3D('',#7340,#5710,#5711);
#4937=AXIS2_PLACEMENT_3D('',#7341,#5712,#5713);
#4938=AXIS2_PLACEMENT_3D('',#7344,#5714,#5715);
#4939=AXIS2_PLACEMENT_3D('',#7348,#5717,#5718);
#4940=AXIS2_PLACEMENT_3D('',#7349,#5719,#5720);
#4941=AXIS2_PLACEMENT_3D('',#7350,#5721,#5722);
#4942=AXIS2_PLACEMENT_3D('',#7352,#5723,#5724);
#4943=AXIS2_PLACEMENT_3D('',#7358,#5725,#5726);
#4944=AXIS2_PLACEMENT_3D('',#7359,#5727,#5728);
#4945=AXIS2_PLACEMENT_3D('',#7361,#5729,#5730);
#4946=AXIS2_PLACEMENT_3D('',#7362,#5731,#5732);
#4947=AXIS2_PLACEMENT_3D('',#7363,#5733,#5734);
#4948=AXIS2_PLACEMENT_3D('',#7369,#5735,#5736);
#4949=AXIS2_PLACEMENT_3D('',#7370,#5737,#5738);
#4950=AXIS2_PLACEMENT_3D('',#7374,#5740,#5741);
#4951=AXIS2_PLACEMENT_3D('',#7376,#5743,#5744);
#4952=AXIS2_PLACEMENT_3D('',#7379,#5746,#5747);
#4953=AXIS2_PLACEMENT_3D('',#7380,#5748,#5749);
#4954=AXIS2_PLACEMENT_3D('',#7383,#5751,#5752);
#4955=AXIS2_PLACEMENT_3D('',#7384,#5753,#5754);
#4956=AXIS2_PLACEMENT_3D('',#7386,#5755,#5756);
#4957=AXIS2_PLACEMENT_3D('',#7392,#5757,#5758);
#4958=AXIS2_PLACEMENT_3D('',#7393,#5759,#5760);
#4959=AXIS2_PLACEMENT_3D('',#7395,#5761,#5762);
#4960=AXIS2_PLACEMENT_3D('',#7396,#5763,#5764);
#4961=AXIS2_PLACEMENT_3D('',#7397,#5765,#5766);
#4962=AXIS2_PLACEMENT_3D('',#7403,#5767,#5768);
#4963=AXIS2_PLACEMENT_3D('',#7404,#5769,#5770);
#4964=AXIS2_PLACEMENT_3D('',#7408,#5772,#5773);
#4965=AXIS2_PLACEMENT_3D('',#7410,#5775,#5776);
#4966=AXIS2_PLACEMENT_3D('',#7413,#5778,#5779);
#4967=AXIS2_PLACEMENT_3D('',#7414,#5780,#5781);
#4968=AXIS2_PLACEMENT_3D('',#7417,#5783,#5784);
#4969=AXIS2_PLACEMENT_3D('',#7418,#5785,#5786);
#4970=AXIS2_PLACEMENT_3D('',#7421,#5787,#5788);
#4971=AXIS2_PLACEMENT_3D('',#7423,#5789,#5790);
#4972=AXIS2_PLACEMENT_3D('',#7429,#5791,#5792);
#4973=AXIS2_PLACEMENT_3D('',#7430,#5793,#5794);
#4974=AXIS2_PLACEMENT_3D('',#7433,#5795,#5796);
#4975=AXIS2_PLACEMENT_3D('',#7434,#5797,#5798);
#4976=AXIS2_PLACEMENT_3D('',#7435,#5799,#5800);
#4977=AXIS2_PLACEMENT_3D('',#7436,#5801,#5802);
#4978=AXIS2_PLACEMENT_3D('',#7443,#5803,#5804);
#4979=AXIS2_PLACEMENT_3D('',#7444,#5805,#5806);
#4980=AXIS2_PLACEMENT_3D('',#7445,#5807,#5808);
#4981=AXIS2_PLACEMENT_3D('',#7449,#5810,#5811);
#4982=AXIS2_PLACEMENT_3D('',#7451,#5813,#5814);
#4983=AXIS2_PLACEMENT_3D('',#7454,#5816,#5817);
#4984=AXIS2_PLACEMENT_3D('',#7455,#5818,#5819);
#4985=AXIS2_PLACEMENT_3D('',#7458,#5821,#5822);
#4986=AXIS2_PLACEMENT_3D('',#7459,#5823,#5824);
#4987=AXIS2_PLACEMENT_3D('',#7462,#5825,#5826);
#4988=AXIS2_PLACEMENT_3D('',#7464,#5827,#5828);
#4989=AXIS2_PLACEMENT_3D('',#7466,#5829,#5830);
#4990=AXIS2_PLACEMENT_3D('',#7467,#5831,#5832);
#4991=AXIS2_PLACEMENT_3D('',#7626,#5833,#5834);
#4992=AXIS2_PLACEMENT_3D('',#7653,#5835,#5836);
#4993=AXIS2_PLACEMENT_3D('',#7656,#5837,#5838);
#4994=AXIS2_PLACEMENT_3D('',#7657,#5839,#5840);
#4995=AXIS2_PLACEMENT_3D('',#7658,#5841,#5842);
#4996=AXIS2_PLACEMENT_3D('',#7659,#5843,#5844);
#4997=AXIS2_PLACEMENT_3D('',#7661,#5845,#5846);
#4998=AXIS2_PLACEMENT_3D('',#7662,#5847,#5848);
#4999=AXIS2_PLACEMENT_3D('',#7663,#5849,#5850);
#5000=AXIS2_PLACEMENT_3D('',#7664,#5851,#5852);
#5001=AXIS2_PLACEMENT_3D('',#7666,#5853,#5854);
#5002=AXIS2_PLACEMENT_3D('',#7668,#5856,#5857);
#5003=AXIS2_PLACEMENT_3D('',#7670,#5858,#5859);
#5004=AXIS2_PLACEMENT_3D('',#7671,#5860,#5861);
#5005=AXIS2_PLACEMENT_3D('',#7672,#5862,#5863);
#5006=AXIS2_PLACEMENT_3D('',#7674,#5864,#5865);
#5007=AXIS2_PLACEMENT_3D('',#7675,#5866,#5867);
#5008=AXIS2_PLACEMENT_3D('',#7676,#5868,#5869);
#5009=AXIS2_PLACEMENT_3D('',#7678,#5870,#5871);
#5010=AXIS2_PLACEMENT_3D('',#7680,#5873,#5874);
#5011=AXIS2_PLACEMENT_3D('',#7682,#5875,#5876);
#5012=AXIS2_PLACEMENT_3D('',#7683,#5877,#5878);
#5013=AXIS2_PLACEMENT_3D('',#7684,#5879,#5880);
#5014=AXIS2_PLACEMENT_3D('',#7686,#5881,#5882);
#5015=AXIS2_PLACEMENT_3D('',#7687,#5883,#5884);
#5016=AXIS2_PLACEMENT_3D('',#7688,#5885,#5886);
#5017=AXIS2_PLACEMENT_3D('',#7690,#5887,#5888);
#5018=AXIS2_PLACEMENT_3D('',#7692,#5890,#5891);
#5019=AXIS2_PLACEMENT_3D('',#7695,#5892,#5893);
#5020=AXIS2_PLACEMENT_3D('',#7696,#5894,#5895);
#5021=AXIS2_PLACEMENT_3D('',#7697,#5896,#5897);
#5022=AXIS2_PLACEMENT_3D('',#7698,#5898,#5899);
#5023=AXIS2_PLACEMENT_3D('',#7701,#5900,#5901);
#5024=AXIS2_PLACEMENT_3D('',#7702,#5902,#5903);
#5025=AXIS2_PLACEMENT_3D('',#7703,#5904,#5905);
#5026=AXIS2_PLACEMENT_3D('',#7832,#5906,#5907);
#5027=AXIS2_PLACEMENT_3D('',#7854,#5908,#5909);
#5028=AXIS2_PLACEMENT_3D('',#7857,#5910,#5911);
#5029=AXIS2_PLACEMENT_3D('',#7858,#5912,#5913);
#5030=AXIS2_PLACEMENT_3D('',#7859,#5914,#5915);
#5031=AXIS2_PLACEMENT_3D('',#7860,#5916,#5917);
#5032=AXIS2_PLACEMENT_3D('',#7862,#5918,#5919);
#5033=AXIS2_PLACEMENT_3D('',#7863,#5920,#5921);
#5034=AXIS2_PLACEMENT_3D('',#7864,#5922,#5923);
#5035=AXIS2_PLACEMENT_3D('',#7865,#5924,#5925);
#5036=AXIS2_PLACEMENT_3D('',#7867,#5926,#5927);
#5037=AXIS2_PLACEMENT_3D('',#7869,#5929,#5930);
#5038=AXIS2_PLACEMENT_3D('',#7872,#5931,#5932);
#5039=AXIS2_PLACEMENT_3D('',#7873,#5933,#5934);
#5040=AXIS2_PLACEMENT_3D('',#7874,#5935,#5936);
#5041=AXIS2_PLACEMENT_3D('',#7875,#5937,#5938);
#5042=AXIS2_PLACEMENT_3D('',#7878,#5939,#5940);
#5043=AXIS2_PLACEMENT_3D('',#7879,#5941,#5942);
#5044=AXIS2_PLACEMENT_3D('',#7880,#5943,#5944);
#5045=AXIS2_PLACEMENT_3D('',#7881,#5945,#5946);
#5046=AXIS2_PLACEMENT_3D('',#7883,#5947,#5948);
#5047=AXIS2_PLACEMENT_3D('',#7884,#5949,#5950);
#5048=AXIS2_PLACEMENT_3D('',#7885,#5951,#5952);
#5049=AXIS2_PLACEMENT_3D('',#7886,#5953,#5954);
#5050=AXIS2_PLACEMENT_3D('',#7888,#5955,#5956);
#5051=AXIS2_PLACEMENT_3D('',#7890,#5958,#5959);
#5052=AXIS2_PLACEMENT_3D('',#7893,#5960,#5961);
#5053=AXIS2_PLACEMENT_3D('',#7894,#5962,#5963);
#5054=AXIS2_PLACEMENT_3D('',#7895,#5964,#5965);
#5055=AXIS2_PLACEMENT_3D('',#7896,#5966,#5967);
#5056=AXIS2_PLACEMENT_3D('',#7899,#5968,#5969);
#5057=AXIS2_PLACEMENT_3D('',#7902,#5972,#5973);
#5058=AXIS2_PLACEMENT_3D('',#7905,#5974,#5975);
#5059=AXIS2_PLACEMENT_3D('',#7906,#5976,#5977);
#5060=AXIS2_PLACEMENT_3D('',#7907,#5978,#5979);
#5061=AXIS2_PLACEMENT_3D('',#7908,#5980,#5981);
#5062=AXIS2_PLACEMENT_3D('',#7911,#5982,#5983);
#5063=AXIS2_PLACEMENT_3D('',#7914,#5986,#5987);
#5064=AXIS2_PLACEMENT_3D('',#7917,#5988,#5989);
#5065=AXIS2_PLACEMENT_3D('',#7918,#5990,#5991);
#5066=AXIS2_PLACEMENT_3D('',#7919,#5992,#5993);
#5067=AXIS2_PLACEMENT_3D('',#7920,#5994,#5995);
#5068=AXIS2_PLACEMENT_3D('',#7923,#5996,#5997);
#5069=AXIS2_PLACEMENT_3D('',#7926,#6000,#6001);
#5070=AXIS2_PLACEMENT_3D('',#7929,#6002,#6003);
#5071=AXIS2_PLACEMENT_3D('',#7930,#6004,#6005);
#5072=AXIS2_PLACEMENT_3D('',#7931,#6006,#6007);
#5073=AXIS2_PLACEMENT_3D('',#7932,#6008,#6009);
#5074=AXIS2_PLACEMENT_3D('',#7934,#6010,#6011);
#5075=AXIS2_PLACEMENT_3D('',#7937,#6014,#6015);
#5076=AXIS2_PLACEMENT_3D('',#7939,#6016,#6017);
#5077=AXIS2_PLACEMENT_3D('',#7940,#6018,#6019);
#5078=AXIS2_PLACEMENT_3D('',#7941,#6020,#6021);
#5079=AXIS2_PLACEMENT_3D('',#7943,#6022,#6023);
#5080=AXIS2_PLACEMENT_3D('',#7944,#6024,#6025);
#5081=AXIS2_PLACEMENT_3D('',#7945,#6026,#6027);
#5082=AXIS2_PLACEMENT_3D('',#7947,#6028,#6029);
#5083=AXIS2_PLACEMENT_3D('',#7948,#6030,#6031);
#5084=AXIS2_PLACEMENT_3D('',#7949,#6032,#6033);
#5085=AXIS2_PLACEMENT_3D('',#7951,#6034,#6035);
#5086=AXIS2_PLACEMENT_3D('',#7954,#6038,#6039);
#5087=AXIS2_PLACEMENT_3D('',#7956,#6040,#6041);
#5088=AXIS2_PLACEMENT_3D('',#7957,#6042,#6043);
#5089=AXIS2_PLACEMENT_3D('',#7958,#6044,#6045);
#5090=AXIS2_PLACEMENT_3D('',#7960,#6046,#6047);
#5091=AXIS2_PLACEMENT_3D('',#7961,#6048,#6049);
#5092=AXIS2_PLACEMENT_3D('',#7962,#6050,#6051);
#5093=AXIS2_PLACEMENT_3D('',#7964,#6052,#6053);
#5094=AXIS2_PLACEMENT_3D('',#7965,#6054,#6055);
#5095=AXIS2_PLACEMENT_3D('',#7966,#6056,#6057);
#5096=AXIS2_PLACEMENT_3D('',#7968,#6058,#6059);
#5097=AXIS2_PLACEMENT_3D('',#7971,#6062,#6063);
#5098=AXIS2_PLACEMENT_3D('',#7973,#6064,#6065);
#5099=AXIS2_PLACEMENT_3D('',#7974,#6066,#6067);
#5100=AXIS2_PLACEMENT_3D('',#7975,#6068,#6069);
#5101=AXIS2_PLACEMENT_3D('',#7977,#6070,#6071);
#5102=AXIS2_PLACEMENT_3D('',#7978,#6072,#6073);
#5103=AXIS2_PLACEMENT_3D('',#7979,#6074,#6075);
#5104=AXIS2_PLACEMENT_3D('',#7981,#6076,#6077);
#5105=AXIS2_PLACEMENT_3D('',#7982,#6078,#6079);
#5106=AXIS2_PLACEMENT_3D('',#7983,#6080,#6081);
#5107=AXIS2_PLACEMENT_3D('',#7985,#6082,#6083);
#5108=AXIS2_PLACEMENT_3D('',#7988,#6086,#6087);
#5109=AXIS2_PLACEMENT_3D('',#7990,#6088,#6089);
#5110=AXIS2_PLACEMENT_3D('',#7991,#6090,#6091);
#5111=AXIS2_PLACEMENT_3D('',#7992,#6092,#6093);
#5112=AXIS2_PLACEMENT_3D('',#7994,#6094,#6095);
#5113=AXIS2_PLACEMENT_3D('',#7995,#6096,#6097);
#5114=AXIS2_PLACEMENT_3D('',#7996,#6098,#6099);
#5115=AXIS2_PLACEMENT_3D('',#7998,#6100,#6101);
#5116=AXIS2_PLACEMENT_3D('',#7999,#6102,#6103);
#5117=AXIS2_PLACEMENT_3D('',#8000,#6104,#6105);
#5118=AXIS2_PLACEMENT_3D('',#8003,#6106,#6107);
#5119=AXIS2_PLACEMENT_3D('',#8006,#6110,#6111);
#5120=AXIS2_PLACEMENT_3D('',#8009,#6112,#6113);
#5121=AXIS2_PLACEMENT_3D('',#8010,#6114,#6115);
#5122=AXIS2_PLACEMENT_3D('',#8011,#6116,#6117);
#5123=AXIS2_PLACEMENT_3D('',#8012,#6118,#6119);
#5124=AXIS2_PLACEMENT_3D('',#8015,#6120,#6121);
#5125=AXIS2_PLACEMENT_3D('',#8018,#6124,#6125);
#5126=AXIS2_PLACEMENT_3D('',#8021,#6126,#6127);
#5127=AXIS2_PLACEMENT_3D('',#8022,#6128,#6129);
#5128=AXIS2_PLACEMENT_3D('',#8023,#6130,#6131);
#5129=AXIS2_PLACEMENT_3D('',#8024,#6132,#6133);
#5130=AXIS2_PLACEMENT_3D('',#8027,#6134,#6135);
#5131=AXIS2_PLACEMENT_3D('',#8030,#6138,#6139);
#5132=AXIS2_PLACEMENT_3D('',#8033,#6140,#6141);
#5133=AXIS2_PLACEMENT_3D('',#8034,#6142,#6143);
#5134=AXIS2_PLACEMENT_3D('',#8035,#6144,#6145);
#5135=AXIS2_PLACEMENT_3D('',#8036,#6146,#6147);
#5136=AXIS2_PLACEMENT_3D('',#8039,#6148,#6149);
#5137=AXIS2_PLACEMENT_3D('',#8042,#6152,#6153);
#5138=AXIS2_PLACEMENT_3D('',#8044,#6154,#6155);
#5139=AXIS2_PLACEMENT_3D('',#8045,#6156,#6157);
#5140=AXIS2_PLACEMENT_3D('',#8046,#6158,#6159);
#5141=AXIS2_PLACEMENT_3D('',#8047,#6160,#6161);
#5142=AXIS2_PLACEMENT_3D('',#8049,#6162,#6163);
#5143=AXIS2_PLACEMENT_3D('',#8051,#6165,#6166);
#5144=AXIS2_PLACEMENT_3D('',#8054,#6167,#6168);
#5145=AXIS2_PLACEMENT_3D('',#8055,#6169,#6170);
#5146=AXIS2_PLACEMENT_3D('',#8056,#6171,#6172);
#5147=AXIS2_PLACEMENT_3D('',#8057,#6173,#6174);
#5148=AXIS2_PLACEMENT_3D('',#8060,#6175,#6176);
#5149=AXIS2_PLACEMENT_3D('',#8061,#6177,#6178);
#5150=AXIS2_PLACEMENT_3D('',#8062,#6179,#6180);
#5151=AXIS2_PLACEMENT_3D('',#8063,#6181,#6182);
#5152=AXIS2_PLACEMENT_3D('',#8065,#6183,#6184);
#5153=AXIS2_PLACEMENT_3D('',#8066,#6185,#6186);
#5154=AXIS2_PLACEMENT_3D('',#8067,#6187,#6188);
#5155=AXIS2_PLACEMENT_3D('',#8068,#6189,#6190);
#5156=AXIS2_PLACEMENT_3D('',#8070,#6191,#6192);
#5157=AXIS2_PLACEMENT_3D('',#8072,#6194,#6195);
#5158=AXIS2_PLACEMENT_3D('',#8073,#6196,#6197);
#5159=AXIS2_PLACEMENT_3D('',#8074,#6198,#6199);
#5160=AXIS2_PLACEMENT_3D('',#8075,#6200,#6201);
#5161=AXIS2_PLACEMENT_3D('',#8085,#6207,#6208);
#5162=AXIS2_PLACEMENT_3D('',#8089,#6210,#6211);
#5163=AXIS2_PLACEMENT_3D('',#8091,#6213,#6214);
#5164=AXIS2_PLACEMENT_3D('',#8109,#6219,#6220);
#5165=AXIS2_PLACEMENT_3D('',#8112,#6222,#6223);
#5166=AXIS2_PLACEMENT_3D('',#8113,#6224,#6225);
#5167=AXIS2_PLACEMENT_3D('',#8121,#6230,#6231);
#5168=AXIS2_PLACEMENT_3D('',#8124,#6233,#6234);
#5169=AXIS2_PLACEMENT_3D('',#8125,#6235,#6236);
#5170=AXIS2_PLACEMENT_3D('',#8137,#6243,#6244);
#5171=AXIS2_PLACEMENT_3D('',#8138,#6245,#6246);
#5172=AXIS2_PLACEMENT_3D('',#8139,#6247,#6248);
#5173=AXIS2_PLACEMENT_3D('',#8141,#6250,#6251);
#5174=AXIS2_PLACEMENT_3D('',#8143,#6253,#6254);
#5175=AXIS2_PLACEMENT_3D('',#8144,#6255,#6256);
#5176=AXIS2_PLACEMENT_3D('',#8146,#6258,#6259);
#5177=AXIS2_PLACEMENT_3D('',#8148,#6261,#6262);
#5178=AXIS2_PLACEMENT_3D('',#8164,#6269,#6270);
#5179=AXIS2_PLACEMENT_3D('',#8165,#6271,#6272);
#5180=AXIS2_PLACEMENT_3D('',#8167,#6274,#6275);
#5181=AXIS2_PLACEMENT_3D('',#8169,#6277,#6278);
#5182=AXIS2_PLACEMENT_3D('',#8172,#6279,#6280);
#5183=AXIS2_PLACEMENT_3D('',#8173,#6281,#6282);
#5184=AXIS2_PLACEMENT_3D('',#8174,#6283,#6284);
#5185=AXIS2_PLACEMENT_3D('',#8175,#6285,#6286);
#5186=AXIS2_PLACEMENT_3D('',#8178,#6287,#6288);
#5187=AXIS2_PLACEMENT_3D('',#8179,#6289,#6290);
#5188=AXIS2_PLACEMENT_3D('',#8180,#6291,#6292);
#5189=AXIS2_PLACEMENT_3D('',#8181,#6293,#6294);
#5190=AXIS2_PLACEMENT_3D('',#8182,#6295,#6296);
#5191=AXIS2_PLACEMENT_3D('',#8183,#6297,#6298);
#5192=AXIS2_PLACEMENT_3D('',#8184,#6299,#6300);
#5193=AXIS2_PLACEMENT_3D('',#8186,#6302,#6303);
#5194=AXIS2_PLACEMENT_3D('',#8188,#6305,#6306);
#5195=AXIS2_PLACEMENT_3D('',#8189,#6307,#6308);
#5196=AXIS2_PLACEMENT_3D('',#8192,#6309,#6310);
#5197=AXIS2_PLACEMENT_3D('',#8196,#6312,#6313);
#5198=AXIS2_PLACEMENT_3D('',#8228,#6315,#6316);
#5199=AXIS2_PLACEMENT_3D('',#8229,#6317,#6318);
#5200=AXIS2_PLACEMENT_3D('',#8230,#6319,#6320);
#5201=AXIS2_PLACEMENT_3D('',#8233,#6322,#6323);
#5202=AXIS2_PLACEMENT_3D('',#8234,#6324,#6325);
#5203=AXIS2_PLACEMENT_3D('',#8238,#6328,#6329);
#5204=AXIS2_PLACEMENT_3D('',#8240,#6330,#6331);
#5205=AXIS2_PLACEMENT_3D('',#8243,#6333,#6334);
#5206=AXIS2_PLACEMENT_3D('',#8274,#6335,#6336);
#5207=AXIS2_PLACEMENT_3D('',#8275,#6337,#6338);
#5208=AXIS2_PLACEMENT_3D('',#8278,#6340,#6341);
#5209=AXIS2_PLACEMENT_3D('',#8279,#6342,#6343);
#5210=AXIS2_PLACEMENT_3D('',#8283,#6346,#6347);
#5211=AXIS2_PLACEMENT_3D('',#8285,#6348,#6349);
#5212=AXIS2_PLACEMENT_3D('',#8288,#6351,#6352);
#5213=AXIS2_PLACEMENT_3D('',#8319,#6353,#6354);
#5214=AXIS2_PLACEMENT_3D('',#8320,#6355,#6356);
#5215=AXIS2_PLACEMENT_3D('',#8326,#6360,#6361);
#5216=AXIS2_PLACEMENT_3D('',#8329,#6363,#6364);
#5217=AXIS2_PLACEMENT_3D('',#8361,#6365,#6366);
#5218=AXIS2_PLACEMENT_3D('',#8362,#6367,#6368);
#5219=AXIS2_PLACEMENT_3D('',#8363,#6369,#6370);
#5220=AXIS2_PLACEMENT_3D('',#8364,#6371,#6372);
#5221=AXIS2_PLACEMENT_3D('',#8366,#6374,#6375);
#5222=AXIS2_PLACEMENT_3D('',#8368,#6377,#6378);
#5223=AXIS2_PLACEMENT_3D('',#8370,#6380,#6381);
#5224=AXIS2_PLACEMENT_3D('',#8374,#6383,#6384);
#5225=AXIS2_PLACEMENT_3D('',#8376,#6386,#6387);
#5226=AXIS2_PLACEMENT_3D('',#8380,#6390,#6391);
#5227=AXIS2_PLACEMENT_3D('',#8382,#6392,#6393);
#5228=AXIS2_PLACEMENT_3D('',#8384,#6395,#6396);
#5229=AXIS2_PLACEMENT_3D('',#8388,#6399,#6400);
#5230=AXIS2_PLACEMENT_3D('',#8392,#6403,#6404);
#5231=AXIS2_PLACEMENT_3D('',#8393,#6405,#6406);
#5232=AXIS2_PLACEMENT_3D('',#8394,#6407,#6408);
#5233=AXIS2_PLACEMENT_3D('',#8395,#6409,#6410);
#5234=AXIS2_PLACEMENT_3D('',#8404,#6415,#6416);
#5235=AXIS2_PLACEMENT_3D('',#8408,#6418,#6419);
#5236=AXIS2_PLACEMENT_3D('',#8409,#6420,#6421);
#5237=AXIS2_PLACEMENT_3D('',#8410,#6422,#6423);
#5238=AXIS2_PLACEMENT_3D('',#8416,#6427,#6428);
#5239=AXIS2_PLACEMENT_3D('',#8417,#6429,#6430);
#5240=AXIS2_PLACEMENT_3D('',#8418,#6431,#6432);
#5241=AXIS2_PLACEMENT_3D('',#8419,#6433,#6434);
#5242=AXIS2_PLACEMENT_3D('',#8423,#6436,#6437);
#5243=AXIS2_PLACEMENT_3D('',#8425,#6439,#6440);
#5244=AXIS2_PLACEMENT_3D('',#8429,#6443,#6444);
#5245=AXIS2_PLACEMENT_3D('',#8498,#6450,#6451);
#5246=AXIS2_PLACEMENT_3D('',#8501,#6453,#6454);
#5247=AXIS2_PLACEMENT_3D('',#8506,#6456,#6457);
#5248=AXIS2_PLACEMENT_3D('',#8509,#6459,#6460);
#5249=AXIS2_PLACEMENT_3D('',#8514,#6462,#6463);
#5250=AXIS2_PLACEMENT_3D('',#8517,#6465,#6466);
#5251=AXIS2_PLACEMENT_3D('',#8518,#6467,#6468);
#5252=AXIS2_PLACEMENT_3D('',#8524,#6472,#6473);
#5253=AXIS2_PLACEMENT_3D('',#8527,#6475,#6476);
#5254=AXIS2_PLACEMENT_3D('',#8528,#6477,#6478);
#5255=AXIS2_PLACEMENT_3D('',#8532,#6481,#6482);
#5256=AXIS2_PLACEMENT_3D('',#8533,#6483,#6484);
#5257=AXIS2_PLACEMENT_3D('',#8534,#6485,#6486);
#5258=AXIS2_PLACEMENT_3D('',#8538,#6488,#6489);
#5259=AXIS2_PLACEMENT_3D('',#8540,#6491,#6492);
#5260=AXIS2_PLACEMENT_3D('',#8544,#6495,#6496);
#5261=AXIS2_PLACEMENT_3D('',#8550,#6500,#6501);
#5262=AXIS2_PLACEMENT_3D('',#8553,#6503,#6504);
#5263=AXIS2_PLACEMENT_3D('',#8554,#6505,#6506);
#5264=AXIS2_PLACEMENT_3D('',#8558,#6509,#6510);
#5265=AXIS2_PLACEMENT_3D('',#8559,#6511,#6512);
#5266=AXIS2_PLACEMENT_3D('',#8560,#6513,#6514);
#5267=AXIS2_PLACEMENT_3D('',#8564,#6516,#6517);
#5268=AXIS2_PLACEMENT_3D('',#8566,#6519,#6520);
#5269=AXIS2_PLACEMENT_3D('',#8570,#6523,#6524);
#5270=AXIS2_PLACEMENT_3D('',#8576,#6528,#6529);
#5271=AXIS2_PLACEMENT_3D('',#8579,#6531,#6532);
#5272=AXIS2_PLACEMENT_3D('',#8580,#6533,#6534);
#5273=AXIS2_PLACEMENT_3D('',#8584,#6537,#6538);
#5274=AXIS2_PLACEMENT_3D('',#8585,#6539,#6540);
#5275=AXIS2_PLACEMENT_3D('',#8586,#6541,#6542);
#5276=AXIS2_PLACEMENT_3D('',#8590,#6544,#6545);
#5277=AXIS2_PLACEMENT_3D('',#8592,#6547,#6548);
#5278=AXIS2_PLACEMENT_3D('',#8596,#6551,#6552);
#5279=AXIS2_PLACEMENT_3D('',#8599,#6554,#6555);
#5280=AXIS2_PLACEMENT_3D('',#8600,#6556,#6557);
#5281=AXIS2_PLACEMENT_3D('',#8602,#6559,#6560);
#5282=AXIS2_PLACEMENT_3D('',#8603,#6561,#6562);
#5283=AXIS2_PLACEMENT_3D('',#8606,#6564,#6565);
#5284=AXIS2_PLACEMENT_3D('',#8609,#6567,#6568);
#5285=AXIS2_PLACEMENT_3D('',#8612,#6570,#6571);
#5286=AXIS2_PLACEMENT_3D('',#8614,#6572,#6573);
#5287=AXIS2_PLACEMENT_3D('',#8617,#6575,#6576);
#5288=AXIS2_PLACEMENT_3D('',#8619,#6577,#6578);
#5289=AXIS2_PLACEMENT_3D('',#8622,#6580,#6581);
#5290=AXIS2_PLACEMENT_3D('',#8625,#6583,#6584);
#5291=AXIS2_PLACEMENT_3D('',#8628,#6586,#6587);
#5292=AXIS2_PLACEMENT_3D('',#8631,#6589,#6590);
#5293=AXIS2_PLACEMENT_3D('',#8633,#6591,#6592);
#5294=AXIS2_PLACEMENT_3D('',#8635,#6594,#6595);
#5295=AXIS2_PLACEMENT_3D('',#8637,#6596,#6597);
#5296=AXIS2_PLACEMENT_3D('',#8639,#6599,#6600);
#5297=AXIS2_PLACEMENT_3D('',#8640,#6601,#6602);
#5298=AXIS2_PLACEMENT_3D('',#8645,#6604,#6605);
#5299=AXIS2_PLACEMENT_3D('',#8648,#6607,#6608);
#5300=AXIS2_PLACEMENT_3D('',#8649,#6609,#6610);
#5301=AXIS2_PLACEMENT_3D('',#8653,#6612,#6613);
#5302=AXIS2_PLACEMENT_3D('',#8654,#6614,#6615);
#5303=AXIS2_PLACEMENT_3D('',#8655,#6616,#6617);
#5304=AXIS2_PLACEMENT_3D('',#8656,#6618,#6619);
#5305=AXIS2_PLACEMENT_3D('',#8657,#6620,#6621);
#5306=AXIS2_PLACEMENT_3D('',#8658,#6622,#6623);
#5307=AXIS2_PLACEMENT_3D('',#8659,#6624,#6625);
#5308=AXIS2_PLACEMENT_3D('',#8660,#6626,#6627);
#5309=AXIS2_PLACEMENT_3D('',#8661,#6628,#6629);
#5310=AXIS2_PLACEMENT_3D('',#8662,#6630,#6631);
#5311=AXIS2_PLACEMENT_3D('',#8664,#6632,#6633);
#5312=AXIS2_PLACEMENT_3D('',#8667,#6635,#6636);
#5313=AXIS2_PLACEMENT_3D('',#8668,#6637,#6638);
#5314=AXIS2_PLACEMENT_3D('',#8669,#6639,#6640);
#5315=AXIS2_PLACEMENT_3D('',#8671,#6642,#6643);
#5316=AXIS2_PLACEMENT_3D('',#8674,#6646,#6647);
#5317=AXIS2_PLACEMENT_3D('',#8676,#6649,#6650);
#5318=AXIS2_PLACEMENT_3D('',#8689,#6651,#6652);
#5319=AXIS2_PLACEMENT_3D('',#8704,#6654,#6655);
#5320=AXIS2_PLACEMENT_3D('',#8708,#6657,#6658);
#5321=AXIS2_PLACEMENT_3D('',#8710,#6660,#6661);
#5322=AXIS2_PLACEMENT_3D('',#8714,#6664,#6665);
#5323=AXIS2_PLACEMENT_3D('',#8716,#6666,#6667);
#5324=AXIS2_PLACEMENT_3D('',#8718,#6669,#6670);
#5325=AXIS2_PLACEMENT_3D('',#8722,#6673,#6674);
#5326=AXIS2_PLACEMENT_3D('',#8723,#6675,#6676);
#5327=AXIS2_PLACEMENT_3D('',#8724,#6677,#6678);
#5328=AXIS2_PLACEMENT_3D('',#8725,#6679,#6680);
#5329=AXIS2_PLACEMENT_3D('',#8726,#6681,#6682);
#5330=AXIS2_PLACEMENT_3D('',#8727,#6683,#6684);
#5331=AXIS2_PLACEMENT_3D('',#8728,#6685,#6686);
#5332=AXIS2_PLACEMENT_3D('',#8976,#6696,#6697);
#5333=AXIS2_PLACEMENT_3D('',#8980,#6699,#6700);
#5334=AXIS2_PLACEMENT_3D('',#8982,#6702,#6703);
#5335=AXIS2_PLACEMENT_3D('',#8986,#6706,#6707);
#5336=AXIS2_PLACEMENT_3D('',#8988,#6708,#6709);
#5337=AXIS2_PLACEMENT_3D('',#8990,#6711,#6712);
#5338=AXIS2_PLACEMENT_3D('',#8994,#6715,#6716);
#5339=AXIS2_PLACEMENT_3D('',#8996,#6717,#6718);
#5340=AXIS2_PLACEMENT_3D('',#8998,#6720,#6721);
#5341=AXIS2_PLACEMENT_3D('',#9002,#6724,#6725);
#5342=AXIS2_PLACEMENT_3D('',#9004,#6726,#6727);
#5343=AXIS2_PLACEMENT_3D('',#9006,#6729,#6730);
#5344=AXIS2_PLACEMENT_3D('',#9010,#6733,#6734);
#5345=AXIS2_PLACEMENT_3D('',#9012,#6735,#6736);
#5346=AXIS2_PLACEMENT_3D('',#9014,#6738,#6739);
#5347=AXIS2_PLACEMENT_3D('',#9018,#6742,#6743);
#5348=AXIS2_PLACEMENT_3D('',#9020,#6744,#6745);
#5349=AXIS2_PLACEMENT_3D('',#9022,#6747,#6748);
#5350=AXIS2_PLACEMENT_3D('',#9024,#6750,#6751);
#5351=AXIS2_PLACEMENT_3D('',#9132,#6753,#6754);
#5352=AXIS2_PLACEMENT_3D('',#9136,#6756,#6757);
#5353=AXIS2_PLACEMENT_3D('',#9140,#6759,#6760);
#5354=AXIS2_PLACEMENT_3D('',#9364,#6768,#6769);
#5355=AXIS2_PLACEMENT_3D('',#9368,#6772,#6773);
#5356=AXIS2_PLACEMENT_3D('',#9371,#6775,#6776);
#5357=AXIS2_PLACEMENT_3D('',#9372,#6777,#6778);
#5358=AXIS2_PLACEMENT_3D('',#9378,#6782,#6783);
#5359=AXIS2_PLACEMENT_3D('',#9379,#6784,#6785);
#5360=AXIS2_PLACEMENT_3D('',#9380,#6786,#6787);
#5361=AXIS2_PLACEMENT_3D('',#9381,#6788,#6789);
#5362=AXIS2_PLACEMENT_3D('',#9382,#6790,#6791);
#5363=AXIS2_PLACEMENT_3D('',#9386,#6794,#6795);
#5364=AXIS2_PLACEMENT_3D('',#9389,#6797,#6798);
#5365=AXIS2_PLACEMENT_3D('',#9434,#6801,#6802);
#5366=AXIS2_PLACEMENT_3D('',#9436,#6804,#6805);
#5367=AXIS2_PLACEMENT_3D('',#9438,#6806,#6807);
#5368=AXIS2_PLACEMENT_3D('',#9440,#6809,#6810);
#5369=AXIS2_PLACEMENT_3D('',#9442,#6811,#6812);
#5370=AXIS2_PLACEMENT_3D('',#9444,#6814,#6815);
#5371=AXIS2_PLACEMENT_3D('',#9446,#6816,#6817);
#5372=AXIS2_PLACEMENT_3D('',#9448,#6819,#6820);
#5373=AXIS2_PLACEMENT_3D('',#9459,#6823,#6824);
#5374=AXIS2_PLACEMENT_3D('',#9463,#6827,#6828);
#5375=AXIS2_PLACEMENT_3D('',#9472,#6830,#6831);
#5376=AXIS2_PLACEMENT_3D('',#9481,#6834,#6835);
#5377=AXIS2_PLACEMENT_3D('',#9495,#6837,#6838);
#5378=AXIS2_PLACEMENT_3D('',#9499,#6841,#6842);
#5379=AXIS2_PLACEMENT_3D('',#9513,#6844,#6845);
#5380=AXIS2_PLACEMENT_3D('',#9520,#6847,#6848);
#5381=AXIS2_PLACEMENT_3D('',#9522,#6850,#6851);
#5382=AXIS2_PLACEMENT_3D('',#9523,#6852,#6853);
#5383=AXIS2_PLACEMENT_3D('',#9525,#6855,#6856);
#5384=AXIS2_PLACEMENT_3D('',#9526,#6857,#6858);
#5385=AXIS2_PLACEMENT_3D('',#9528,#6860,#6861);
#5386=AXIS2_PLACEMENT_3D('',#9572,#6865,#6866);
#5387=AXIS2_PLACEMENT_3D('',#9616,#6870,#6871);
#5388=AXIS2_PLACEMENT_3D('',#9660,#6875,#6876);
#5389=AXIS2_PLACEMENT_3D('',#9704,#6880,#6881);
#5390=DIRECTION('axis',(0.,0.,1.));
#5391=DIRECTION('refdir',(1.,0.,0.));
#5392=DIRECTION('center_axis',(0.923076923076902,0.383151806958401,0.0335214395184826));
#5393=DIRECTION('ref_axis',(-0.384615384615435,0.919564336700052,0.0804514548439914));
#5394=DIRECTION('center_axis',(2.1013685008678E-15,-0.0871557427476582,
0.996194698091746));
#5395=DIRECTION('ref_axis',(1.,0.,-2.10531180965956E-15));
#5396=DIRECTION('center_axis',(0.633333333333332,0.770934274066064,0.0674480093043688));
#5397=DIRECTION('ref_axis',(-0.773879117749595,0.630923308791437,0.0551986370735186));
#5398=DIRECTION('center_axis',(-2.1013685008678E-15,0.0871557427476582,
-0.996194698091746));
#5399=DIRECTION('ref_axis',(0.551672979658188,-0.830886651484215,-0.0726931626798854));
#5400=DIRECTION('center_axis',(2.1013685008678E-15,-0.0871557427476582,
0.996194698091746));
#5401=DIRECTION('ref_axis',(0.551672979658189,-0.830886651484215,-0.0726931626798854));
#5402=DIRECTION('center_axis',(-2.1013685008678E-15,0.0871557427476582,
-0.996194698091746));
#5403=DIRECTION('ref_axis',(-1.,0.,2.1316282072803E-15));
#5404=DIRECTION('center_axis',(1.,0.,0.));
#5405=DIRECTION('ref_axis',(0.,0.996194698091746,0.087155742747658));
#5406=DIRECTION('center_axis',(2.1013685008678E-15,-0.0871557427476582,
0.996194698091746));
#5407=DIRECTION('ref_axis',(-0.428174419288838,0.90025727756754,0.0787623060438718));
#5408=DIRECTION('center_axis',(-2.1013685008678E-15,0.0871557427476582,
-0.996194698091746));
#5409=DIRECTION('ref_axis',(-0.428174419288838,0.90025727756754,0.0787623060438718));
#5410=DIRECTION('center_axis',(-1.,-1.83146332479666E-16,2.0933721593015E-15));
#5411=DIRECTION('ref_axis',(0.,0.642787609686539,0.766044443118978));
#5412=DIRECTION('center_axis',(1.,0.,0.));
#5413=DIRECTION('ref_axis',(0.,0.996194698091745,0.0871557427476614));
#5414=DIRECTION('',(-1.,-1.83146332479666E-16,2.0933721593015E-15));
#5415=DIRECTION('',(1.,1.83146332479666E-16,-2.0933721593015E-15));
#5416=DIRECTION('center_axis',(-2.1013685008678E-15,0.0871557427476582,
-0.996194698091746));
#5417=DIRECTION('ref_axis',(-1.,0.,2.1316282072803E-15));
#5418=DIRECTION('center_axis',(0.633333333333332,-0.770934274066063,-0.067448009304369));
#5419=DIRECTION('ref_axis',(0.773879117749594,0.630923308791438,0.0551986370735175));
#5420=DIRECTION('center_axis',(2.1013685008678E-15,-0.0871557427476582,
0.996194698091746));
#5421=DIRECTION('ref_axis',(0.428174419288837,0.90025727756754,0.07876230604387));
#5422=DIRECTION('center_axis',(-2.1013685008678E-15,0.0871557427476582,
-0.996194698091746));
#5423=DIRECTION('ref_axis',(0.428174419288837,0.90025727756754,0.07876230604387));
#5424=DIRECTION('center_axis',(-2.1013685008678E-15,0.0871557427476582,
-0.996194698091746));
#5425=DIRECTION('ref_axis',(-1.,0.,2.10531180965956E-15));
#5426=DIRECTION('center_axis',(0.923076923076929,-0.383151806958349,-0.0335214395183273));
#5427=DIRECTION('ref_axis',(0.38461538461537,0.919564336700079,0.0804514548439914));
#5428=DIRECTION('center_axis',(-2.1013685008678E-15,0.0871557427476582,
-0.996194698091746));
#5429=DIRECTION('ref_axis',(-0.551672979658189,-0.830886651484215,-0.0726931626798831));
#5430=DIRECTION('center_axis',(2.1013685008678E-15,-0.0871557427476582,
0.996194698091746));
#5431=DIRECTION('ref_axis',(-0.551672979658189,-0.830886651484215,-0.0726931626798831));
#5432=DIRECTION('center_axis',(0.,0.0871557427476582,-0.996194698091746));
#5433=DIRECTION('ref_axis',(0.,0.996194698091746,0.0871557427476582));
#5434=DIRECTION('',(0.,0.0871557427476582,-0.996194698091746));
#5435=DIRECTION('center_axis',(0.,0.0871557427476582,-0.996194698091746));
#5436=DIRECTION('ref_axis',(-0.428174419288838,-0.90025727756754,-0.0787623060438709));
#5437=DIRECTION('',(0.,-0.0871557427476582,0.996194698091746));
#5438=DIRECTION('center_axis',(0.,0.0871557427476582,-0.996194698091746));
#5439=DIRECTION('ref_axis',(0.707106781186548,0.704416026402759,0.0616284167162194));
#5440=DIRECTION('',(0.,0.0871557427476582,-0.996194698091746));
#5441=DIRECTION('center_axis',(0.,-0.0871557427476582,0.996194698091746));
#5442=DIRECTION('ref_axis',(0.428174419288837,0.90025727756754,0.0787623060438709));
#5443=DIRECTION('center_axis',(0.,0.996194698091746,0.0871557427476582));
#5444=DIRECTION('ref_axis',(-1.,0.,0.));
#5445=DIRECTION('',(0.,-0.0871557427476582,0.996194698091746));
#5446=DIRECTION('',(-1.,0.,0.));
#5447=DIRECTION('',(1.83625928274644E-33,-0.0871557427476582,0.996194698091746));
#5448=DIRECTION('center_axis',(0.,-0.996194698091746,-0.0871557427476582));
#5449=DIRECTION('ref_axis',(1.,0.,0.));
#5450=DIRECTION('',(1.,-4.72011279642717E-16,5.39511361380956E-15));
#5451=DIRECTION('center_axis',(0.,-0.996194698091746,-0.0871557427476582));
#5452=DIRECTION('ref_axis',(4.5102147458236E-48,0.0871557427476582,-0.996194698091746));
#5453=DIRECTION('',(3.17206578464331E-14,0.0871557427476582,-0.996194698091746));
#5454=DIRECTION('center_axis',(0.,-0.996194698091746,-0.0871557427476582));
#5455=DIRECTION('ref_axis',(-0.707106781186559,-0.0616284167162184,0.704416026402747));
#5456=DIRECTION('',(-1.,-1.98408526852971E-16,2.26781983924329E-15));
#5457=DIRECTION('center_axis',(0.,-0.996194698091746,-0.0871557427476582));
#5458=DIRECTION('ref_axis',(0.707106781186549,-0.0616284167162192,0.704416026402757));
#5459=DIRECTION('center_axis',(0.,0.0871557427476582,-0.996194698091746));
#5460=DIRECTION('ref_axis',(-0.707106781186548,0.704416026402759,0.0616284167162194));
#5461=DIRECTION('',(0.,-0.0871557427476582,0.996194698091746));
#5462=DIRECTION('center_axis',(0.,-0.0871557427476582,0.996194698091746));
#5463=DIRECTION('ref_axis',(-0.428174419288837,0.90025727756754,0.0787623060438709));
#5464=DIRECTION('center_axis',(0.,-0.0871557427476582,0.996194698091746));
#5465=DIRECTION('ref_axis',(0.,0.996194698091746,0.0871557427476582));
#5466=DIRECTION('',(0.,0.0871557427476582,-0.996194698091746));
#5467=DIRECTION('center_axis',(0.,0.0871557427476582,-0.996194698091746));
#5468=DIRECTION('ref_axis',(0.428174419288838,-0.900257277567539,-0.0787623060438708));
#5469=DIRECTION('center_axis',(-1.,-2.31903367485013E-16,2.08910647147139E-15));
#5470=DIRECTION('ref_axis',(0.,-0.64278760968654,-0.766044443118978));
#5471=DIRECTION('',(-1.,-2.31903367485013E-16,2.08910647147139E-15));
#5472=DIRECTION('',(1.,2.31903367485013E-16,-2.08910647147139E-15));
#5473=DIRECTION('center_axis',(4.89432789581625E-17,-0.996194698091746,
-0.0871557427476582));
#5474=DIRECTION('ref_axis',(-1.,-4.87570350053467E-17,-4.26568783010448E-18));
#5475=DIRECTION('',(-1.,-4.87570350053467E-17,-4.26568783010448E-18));
#5476=DIRECTION('',(0.,0.0871557427476582,-0.996194698091746));
#5477=DIRECTION('',(1.,4.87570350053467E-17,4.26568783010448E-18));
#5478=DIRECTION('',(0.,-0.0871557427476582,0.996194698091746));
#5479=DIRECTION('',(-1.,-4.87570350053467E-17,-4.26568783010448E-18));
#5480=DIRECTION('',(0.,0.0871557427476582,-0.996194698091746));
#5481=DIRECTION('',(1.,4.87570350053467E-17,4.26568783010448E-18));
#5482=DIRECTION('',(0.,-0.0871557427476582,0.996194698091746));
#5483=DIRECTION('',(-1.,-4.87570350053467E-17,-4.26568783010448E-18));
#5484=DIRECTION('',(0.,0.0871557427476582,-0.996194698091746));
#5485=DIRECTION('',(1.,4.87570350053467E-17,4.26568783010448E-18));
#5486=DIRECTION('',(0.,-0.0871557427476582,0.996194698091746));
#5487=DIRECTION('',(1.,4.87570350053467E-17,4.26568783010448E-18));
#5488=DIRECTION('',(0.,-0.0871557427476582,0.996194698091746));
#5489=DIRECTION('',(1.,4.87570350053467E-17,4.26568783010448E-18));
#5490=DIRECTION('',(0.,-0.0871557427476582,0.996194698091746));
#5491=DIRECTION('',(-1.,-4.87570350053467E-17,-4.26568783010448E-18));
#5492=DIRECTION('',(0.,0.0871557427476582,-0.996194698091746));
#5493=DIRECTION('',(1.,4.87570350053467E-17,4.26568783010448E-18));
#5494=DIRECTION('',(0.,-0.0871557427476582,0.996194698091746));
#5495=DIRECTION('',(-1.,-4.87570350053467E-17,-4.26568783010448E-18));
#5496=DIRECTION('',(0.,0.0871557427476582,-0.996194698091746));
#5497=DIRECTION('',(1.,4.87570350053467E-17,4.26568783010448E-18));
#5498=DIRECTION('',(0.,-0.0871557427476582,0.996194698091746));
#5499=DIRECTION('',(-1.,-4.87570350053467E-17,-4.26568783010448E-18));
#5500=DIRECTION('center_axis',(0.,0.0871557427476582,-0.996194698091746));
#5501=DIRECTION('ref_axis',(-1.,0.,0.));
#5502=DIRECTION('center_axis',(0.,-0.0871557427476582,0.996194698091746));
#5503=DIRECTION('ref_axis',(-1.,9.99607530324492E-17,8.74543268785394E-18));
#5504=DIRECTION('center_axis',(-2.16862409966856E-16,-0.996194698091746,
-0.0871557427476582));
#5505=DIRECTION('ref_axis',(1.,-2.17690789142188E-16,0.));
#5506=DIRECTION('center_axis',(0.,0.0871557427476582,-0.996194698091746));
#5507=DIRECTION('ref_axis',(-1.,1.00725879250265E-16,0.));
#5508=DIRECTION('center_axis',(0.,0.0871557427476582,-0.996194698091746));
#5509=DIRECTION('ref_axis',(-1.,1.00725879250265E-16,0.));
#5510=DIRECTION('center_axis',(0.,-0.0871557427476582,0.996194698091746));
#5511=DIRECTION('ref_axis',(1.,0.,0.));
#5512=DIRECTION('center_axis',(0.,-0.0871557427476582,0.996194698091746));
#5513=DIRECTION('ref_axis',(0.654653670707978,0.753052408157664,0.0658835487546927));
#5514=DIRECTION('center_axis',(0.,0.0871557427476582,-0.996194698091746));
#5515=DIRECTION('ref_axis',(0.,-0.996194698091746,-0.0871557427476582));
#5516=DIRECTION('center_axis',(0.,-0.0871557427476582,0.996194698091746));
#5517=DIRECTION('ref_axis',(-0.654653670707979,0.753052408157664,0.0658835487546927));
#5518=DIRECTION('center_axis',(0.,0.0871557427476582,-0.996194698091746));
#5519=DIRECTION('ref_axis',(1.,0.,0.));
#5520=DIRECTION('',(0.,0.0871557427476582,-0.996194698091746));
#5521=DIRECTION('center_axis',(0.,0.0871557427476582,-0.996194698091746));
#5522=DIRECTION('ref_axis',(1.,0.,0.));
#5523=DIRECTION('center_axis',(0.,-0.0871557427476582,0.996194698091746));
#5524=DIRECTION('ref_axis',(1.,0.,0.));
#5525=DIRECTION('center_axis',(0.142857142857144,0.985977046471795,0.0862618140630549));
#5526=DIRECTION('ref_axis',(0.,-0.0871557427476579,0.996194698091746));
#5527=DIRECTION('center_axis',(0.,0.0871557427476582,-0.996194698091746));
#5528=DIRECTION('ref_axis',(-0.654653670707979,0.753052408157664,0.0658835487546927));
#5529=DIRECTION('center_axis',(0.,-0.0871557427476582,0.996194698091746));
#5530=DIRECTION('ref_axis',(1.,0.,0.));
#5531=DIRECTION('center_axis',(0.142857142857142,-0.985977046471795,-0.0862618140630549));
#5532=DIRECTION('ref_axis',(0.,-0.0871557427476579,0.996194698091746));
#5533=DIRECTION('center_axis',(0.,-0.0871557427476582,0.996194698091746));
#5534=DIRECTION('ref_axis',(0.,-0.996194698091745,-0.0871557427476582));
#5535=DIRECTION('center_axis',(0.,0.0871557427476582,-0.996194698091746));
#5536=DIRECTION('ref_axis',(-1.,0.,0.));
#5537=DIRECTION('center_axis',(0.,0.0871557427476582,-0.996194698091746));
#5538=DIRECTION('ref_axis',(0.654653670707979,0.753052408157664,0.0658835487546927));
#5539=DIRECTION('center_axis',(0.,0.0871557427476582,-0.996194698091746));
#5540=DIRECTION('ref_axis',(-1.,0.,0.));
#5541=DIRECTION('center_axis',(0.,-0.0871557427476582,0.996194698091746));
#5542=DIRECTION('ref_axis',(-1.,9.99607530324504E-17,8.74543268785404E-18));
#5543=DIRECTION('center_axis',(-2.16862409966855E-16,-0.996194698091746,
-0.0871557427476582));
#5544=DIRECTION('ref_axis',(1.,-2.17690789142187E-16,0.));
#5545=DIRECTION('center_axis',(0.,0.0871557427476582,-0.996194698091746));
#5546=DIRECTION('ref_axis',(-1.,1.00725879250267E-16,0.));
#5547=DIRECTION('center_axis',(0.,0.0871557427476582,-0.996194698091746));
#5548=DIRECTION('ref_axis',(-1.,1.00725879250267E-16,0.));
#5549=DIRECTION('center_axis',(0.,-0.0871557427476582,0.996194698091746));
#5550=DIRECTION('ref_axis',(1.,0.,0.));
#5551=DIRECTION('center_axis',(0.,-0.0871557427476582,0.996194698091746));
#5552=DIRECTION('ref_axis',(0.654653670707977,0.753052408157666,0.0658835487546928));
#5553=DIRECTION('center_axis',(0.,0.0871557427476582,-0.996194698091746));
#5554=DIRECTION('ref_axis',(0.,-0.996194698091746,-0.0871557427476582));
#5555=DIRECTION('center_axis',(0.,-0.0871557427476582,0.996194698091746));
#5556=DIRECTION('ref_axis',(-0.654653670707977,0.753052408157666,0.0658835487546929));
#5557=DIRECTION('center_axis',(0.,0.0871557427476582,-0.996194698091746));
#5558=DIRECTION('ref_axis',(1.,0.,0.));
#5559=DIRECTION('',(0.,0.0871557427476582,-0.996194698091746));
#5560=DIRECTION('center_axis',(0.,0.0871557427476582,-0.996194698091746));
#5561=DIRECTION('ref_axis',(1.,0.,0.));
#5562=DIRECTION('center_axis',(0.,-0.0871557427476582,0.996194698091746));
#5563=DIRECTION('ref_axis',(1.,0.,0.));
#5564=DIRECTION('center_axis',(0.14285714285714,0.985977046471796,0.086261814063055));
#5565=DIRECTION('ref_axis',(0.,-0.0871557427476579,0.996194698091746));
#5566=DIRECTION('center_axis',(0.,0.0871557427476582,-0.996194698091746));
#5567=DIRECTION('ref_axis',(-0.654653670707977,0.753052408157666,0.0658835487546928));
#5568=DIRECTION('center_axis',(0.,-0.0871557427476582,0.996194698091746));
#5569=DIRECTION('ref_axis',(1.,0.,0.));
#5570=DIRECTION('center_axis',(0.142857142857142,-0.985977046471795,-0.0862618140630549));
#5571=DIRECTION('ref_axis',(0.,-0.0871557427476579,0.996194698091746));
#5572=DIRECTION('center_axis',(0.,-0.0871557427476582,0.996194698091746));
#5573=DIRECTION('ref_axis',(0.,-0.996194698091745,-0.0871557427476582));
#5574=DIRECTION('center_axis',(0.,0.0871557427476582,-0.996194698091746));
#5575=DIRECTION('ref_axis',(-1.,0.,0.));
#5576=DIRECTION('center_axis',(0.,0.0871557427476582,-0.996194698091746));
#5577=DIRECTION('ref_axis',(0.654653670707977,0.753052408157666,0.0658835487546928));
#5578=DIRECTION('center_axis',(0.,0.0871557427476582,-0.996194698091746));
#5579=DIRECTION('ref_axis',(-1.,0.,0.));
#5580=DIRECTION('center_axis',(0.,-0.0871557427476582,0.996194698091746));
#5581=DIRECTION('ref_axis',(-1.,-1.9270161470034E-16,-1.68592067294203E-17));
#5582=DIRECTION('center_axis',(-2.16862409966855E-16,-0.996194698091746,
-0.0871557427476582));
#5583=DIRECTION('ref_axis',(1.,-2.17690789142187E-16,0.));
#5584=DIRECTION('center_axis',(0.,0.0871557427476582,-0.996194698091746));
#5585=DIRECTION('ref_axis',(-1.,-1.90259994139392E-16,-4.47670574445628E-17));
#5586=DIRECTION('center_axis',(0.,0.0871557427476582,-0.996194698091746));
#5587=DIRECTION('ref_axis',(-1.,-1.90259994139392E-16,-4.47670574445628E-17));
#5588=DIRECTION('center_axis',(0.,-0.0871557427476582,0.996194698091746));
#5589=DIRECTION('ref_axis',(1.,0.,0.));
#5590=DIRECTION('center_axis',(0.,-0.0871557427476582,0.996194698091746));
#5591=DIRECTION('ref_axis',(0.654653670707976,0.753052408157666,0.0658835487546929));
#5592=DIRECTION('center_axis',(0.,0.0871557427476582,-0.996194698091746));
#5593=DIRECTION('ref_axis',(0.,-0.996194698091746,-0.0871557427476582));
#5594=DIRECTION('center_axis',(0.,-0.0871557427476582,0.996194698091746));
#5595=DIRECTION('ref_axis',(-0.654653670707976,0.753052408157666,0.0658835487546929));
#5596=DIRECTION('center_axis',(0.,0.0871557427476582,-0.996194698091746));
#5597=DIRECTION('ref_axis',(1.,0.,0.));
#5598=DIRECTION('',(0.,0.0871557427476582,-0.996194698091746));
#5599=DIRECTION('center_axis',(0.,0.0871557427476582,-0.996194698091746));
#5600=DIRECTION('ref_axis',(1.,0.,0.));
#5601=DIRECTION('center_axis',(0.,-0.0871557427476582,0.996194698091746));
#5602=DIRECTION('ref_axis',(1.,0.,0.));
#5603=DIRECTION('center_axis',(0.142857142857146,0.985977046471795,0.0862618140630547));
#5604=DIRECTION('ref_axis',(0.,-0.0871557427476577,0.996194698091746));
#5605=DIRECTION('center_axis',(0.,0.0871557427476582,-0.996194698091746));
#5606=DIRECTION('ref_axis',(-0.654653670707976,0.753052408157667,0.0658835487546929));
#5607=DIRECTION('center_axis',(0.,-0.0871557427476582,0.996194698091746));
#5608=DIRECTION('ref_axis',(1.,0.,0.));
#5609=DIRECTION('center_axis',(0.142857142857145,-0.985977046471795,-0.0862618140630549));
#5610=DIRECTION('ref_axis',(0.,-0.0871557427476579,0.996194698091746));
#5611=DIRECTION('center_axis',(0.,-0.0871557427476582,0.996194698091746));
#5612=DIRECTION('ref_axis',(0.,-0.996194698091746,-0.0871557427476582));
#5613=DIRECTION('center_axis',(0.,0.0871557427476582,-0.996194698091746));
#5614=DIRECTION('ref_axis',(-1.,0.,0.));
#5615=DIRECTION('center_axis',(0.,0.0871557427476582,-0.996194698091746));
#5616=DIRECTION('ref_axis',(0.654653670707976,0.753052408157666,0.0658835487546928));
#5617=DIRECTION('center_axis',(0.,0.0871557427476582,-0.996194698091746));
#5618=DIRECTION('ref_axis',(-1.,0.,0.));
#5619=DIRECTION('center_axis',(0.,-0.0871557427476582,0.996194698091746));
#5620=DIRECTION('ref_axis',(-1.,2.23134412810883E-15,1.9521731563466E-16));
#5621=DIRECTION('center_axis',(0.,-0.996194698091746,-0.0871557427476582));
#5622=DIRECTION('ref_axis',(1.,0.,0.));
#5623=DIRECTION('center_axis',(0.,0.0871557427476582,-0.996194698091746));
#5624=DIRECTION('ref_axis',(-1.,2.23275699004757E-15,1.79068229778251E-16));
#5625=DIRECTION('center_axis',(0.,0.0871557427476582,-0.996194698091746));
#5626=DIRECTION('ref_axis',(-1.,2.23275699004757E-15,1.79068229778251E-16));
#5627=DIRECTION('center_axis',(0.,0.0871557427476582,-0.996194698091746));
#5628=DIRECTION('ref_axis',(1.,0.,0.));
#5629=DIRECTION('',(0.,0.0871557427476582,-0.996194698091746));
#5630=DIRECTION('center_axis',(0.,0.0871557427476582,-0.996194698091746));
#5631=DIRECTION('ref_axis',(1.,0.,0.));
#5632=DIRECTION('center_axis',(0.,-0.0871557427476582,0.996194698091746));
#5633=DIRECTION('ref_axis',(1.,0.,0.));
#5634=DIRECTION('center_axis',(0.,-0.0871557427476582,0.996194698091746));
#5635=DIRECTION('ref_axis',(0.654653670707977,-0.753052408157666,-0.0658835487546928));
#5636=DIRECTION('',(-1.,0.,0.));
#5637=DIRECTION('center_axis',(0.,-0.0871557427476582,0.996194698091746));
#5638=DIRECTION('ref_axis',(-0.654653670707977,-0.753052408157666,-0.0658835487546928));
#5639=DIRECTION('center_axis',(0.,0.0871557427476582,-0.996194698091746));
#5640=DIRECTION('ref_axis',(0.,0.996194698091746,0.0871557427476582));
#5641=DIRECTION('center_axis',(0.,0.0871557427476582,-0.996194698091746));
#5642=DIRECTION('ref_axis',(-1.,0.,0.));
#5643=DIRECTION('center_axis',(0.142857142857153,-0.985977046471795,-0.0862618140630483));
#5644=DIRECTION('ref_axis',(0.989743318610786,0.142313528298831,0.0124508203925221));
#5645=DIRECTION('center_axis',(0.,0.0871557427476582,-0.996194698091746));
#5646=DIRECTION('ref_axis',(-0.654653670707977,-0.753052408157666,-0.0658835487546928));
#5647=DIRECTION('center_axis',(0.,-0.0871557427476582,0.996194698091746));
#5648=DIRECTION('ref_axis',(1.,0.,0.));
#5649=DIRECTION('center_axis',(0.142857142857136,0.985977046471797,0.0862618140630485));
#5650=DIRECTION('ref_axis',(-0.989743318610788,0.142313528298814,0.0124508203925222));
#5651=DIRECTION('center_axis',(0.,-0.0871557427476582,0.996194698091746));
#5652=DIRECTION('ref_axis',(0.,0.996194698091745,0.0871557427476582));
#5653=DIRECTION('center_axis',(0.,-0.0871557427476582,0.996194698091746));
#5654=DIRECTION('ref_axis',(1.,0.,0.));
#5655=DIRECTION('center_axis',(0.,0.0871557427476582,-0.996194698091746));
#5656=DIRECTION('ref_axis',(0.654653670707977,-0.753052408157666,-0.0658835487546928));
#5657=DIRECTION('center_axis',(0.,-0.0871557427476582,0.996194698091746));
#5658=DIRECTION('ref_axis',(0.,0.996194698091746,0.0871557427476582));
#5659=DIRECTION('',(0.,0.0871557427476582,-0.996194698091746));
#5660=DIRECTION('center_axis',(0.,-0.0871557427476582,0.996194698091746));
#5661=DIRECTION('ref_axis',(0.654653670707976,-0.753052408157666,-0.0658835487546929));
#5662=DIRECTION('',(0.,-0.0871557427476582,0.996194698091746));
#5663=DIRECTION('center_axis',(0.,0.0871557427476582,-0.996194698091746));
#5664=DIRECTION('ref_axis',(1.,0.,0.));
#5665=DIRECTION('',(0.,-0.0871557427476582,0.996194698091746));
#5666=DIRECTION('center_axis',(0.,0.0871557427476582,-0.996194698091746));
#5667=DIRECTION('ref_axis',(0.,0.996194698091745,0.0871557427476582));
#5668=DIRECTION('center_axis',(0.,0.0871557427476582,-0.996194698091746));
#5669=DIRECTION('ref_axis',(0.,0.996194698091746,0.0871557427476582));
#5670=DIRECTION('',(0.,0.0871557427476582,-0.996194698091746));
#5671=DIRECTION('center_axis',(0.,-0.0871557427476582,0.996194698091746));
#5672=DIRECTION('ref_axis',(-0.654653670707976,-0.753052408157667,-0.0658835487546929));
#5673=DIRECTION('center_axis',(0.,0.0871557427476582,-0.996194698091746));
#5674=DIRECTION('ref_axis',(-1.,0.,0.));
#5675=DIRECTION('center_axis',(0.,-0.0871557427476582,0.996194698091746));
#5676=DIRECTION('ref_axis',(-1.,2.10916987440248E-15,1.84528453460614E-16));
#5677=DIRECTION('center_axis',(0.,-0.996194698091746,-0.0871557427476582));
#5678=DIRECTION('ref_axis',(1.,0.,0.));
#5679=DIRECTION('center_axis',(0.,0.0871557427476582,-0.996194698091746));
#5680=DIRECTION('ref_axis',(-1.,2.109647582075E-15,1.7906822977825E-16));
#5681=DIRECTION('center_axis',(0.,0.0871557427476582,-0.996194698091746));
#5682=DIRECTION('ref_axis',(-1.,2.109647582075E-15,1.7906822977825E-16));
#5683=DIRECTION('center_axis',(0.,0.0871557427476582,-0.996194698091746));
#5684=DIRECTION('ref_axis',(1.,0.,0.));
#5685=DIRECTION('',(0.,0.0871557427476582,-0.996194698091746));
#5686=DIRECTION('center_axis',(0.,0.0871557427476582,-0.996194698091746));
#5687=DIRECTION('ref_axis',(1.,0.,0.));
#5688=DIRECTION('center_axis',(0.,-0.0871557427476582,0.996194698091746));
#5689=DIRECTION('ref_axis',(1.,0.,0.));
#5690=DIRECTION('center_axis',(0.,-0.0871557427476582,0.996194698091746));
#5691=DIRECTION('ref_axis',(0.654653670707979,-0.753052408157664,-0.0658835487546927));
#5692=DIRECTION('',(-1.,0.,0.));
#5693=DIRECTION('center_axis',(0.,-0.0871557427476582,0.996194698091746));
#5694=DIRECTION('ref_axis',(-0.654653670707979,-0.753052408157664,-0.0658835487546927));
#5695=DIRECTION('center_axis',(0.,0.0871557427476582,-0.996194698091746));
#5696=DIRECTION('ref_axis',(0.,0.996194698091746,0.0871557427476582));
#5697=DIRECTION('center_axis',(0.,0.0871557427476582,-0.996194698091746));
#5698=DIRECTION('ref_axis',(-1.,0.,0.));
#5699=DIRECTION('center_axis',(0.,-0.0871557427476582,0.996194698091746));
#5700=DIRECTION('ref_axis',(-1.,2.23134412810883E-15,1.9521731563466E-16));
#5701=DIRECTION('center_axis',(0.,-0.996194698091746,-0.0871557427476582));
#5702=DIRECTION('ref_axis',(1.,0.,0.));
#5703=DIRECTION('center_axis',(0.,0.0871557427476582,-0.996194698091746));
#5704=DIRECTION('ref_axis',(-1.,2.23275699004758E-15,1.79068229778252E-16));
#5705=DIRECTION('center_axis',(0.,0.0871557427476582,-0.996194698091746));
#5706=DIRECTION('ref_axis',(-1.,2.23275699004758E-15,1.79068229778252E-16));
#5707=DIRECTION('center_axis',(0.,0.0871557427476582,-0.996194698091746));
#5708=DIRECTION('ref_axis',(1.,0.,0.));
#5709=DIRECTION('',(0.,0.0871557427476582,-0.996194698091746));
#5710=DIRECTION('center_axis',(0.,0.0871557427476582,-0.996194698091746));
#5711=DIRECTION('ref_axis',(1.,0.,0.));
#5712=DIRECTION('center_axis',(0.,-0.0871557427476582,0.996194698091746));
#5713=DIRECTION('ref_axis',(1.,0.,0.));
#5714=DIRECTION('center_axis',(0.,-0.0871557427476582,0.996194698091746));
#5715=DIRECTION('ref_axis',(0.65465367070798,-0.753052408157663,-0.0658835487546926));
#5716=DIRECTION('',(-1.,0.,0.));
#5717=DIRECTION('center_axis',(0.,-0.0871557427476582,0.996194698091746));
#5718=DIRECTION('ref_axis',(-0.65465367070798,-0.753052408157663,-0.0658835487546926));
#5719=DIRECTION('center_axis',(0.,0.0871557427476582,-0.996194698091746));
#5720=DIRECTION('ref_axis',(0.,0.996194698091746,0.0871557427476582));
#5721=DIRECTION('center_axis',(0.,0.0871557427476582,-0.996194698091746));
#5722=DIRECTION('ref_axis',(-1.,0.,0.));
#5723=DIRECTION('center_axis',(0.142857142857141,-0.985977046471796,-0.0862618140630484));
#5724=DIRECTION('ref_axis',(0.989743318610787,0.142313528298819,0.0124508203925226));
#5725=DIRECTION('center_axis',(0.,0.0871557427476582,-0.996194698091746));
#5726=DIRECTION('ref_axis',(-0.65465367070798,-0.753052408157663,-0.0658835487546926));
#5727=DIRECTION('center_axis',(0.,-0.0871557427476582,0.996194698091746));
#5728=DIRECTION('ref_axis',(1.,0.,0.));
#5729=DIRECTION('center_axis',(0.142857142857136,0.985977046471797,0.0862618140630485));
#5730=DIRECTION('ref_axis',(-0.989743318610788,0.142313528298814,0.0124508203925222));
#5731=DIRECTION('center_axis',(0.,-0.0871557427476582,0.996194698091746));
#5732=DIRECTION('ref_axis',(0.,0.996194698091745,0.0871557427476582));
#5733=DIRECTION('center_axis',(0.,-0.0871557427476582,0.996194698091746));
#5734=DIRECTION('ref_axis',(1.,0.,0.));
#5735=DIRECTION('center_axis',(0.,0.0871557427476582,-0.996194698091746));
#5736=DIRECTION('ref_axis',(0.65465367070798,-0.753052408157663,-0.0658835487546926));
#5737=DIRECTION('center_axis',(0.,-0.0871557427476582,0.996194698091746));
#5738=DIRECTION('ref_axis',(0.,0.996194698091746,0.0871557427476582));
#5739=DIRECTION('',(0.,0.0871557427476582,-0.996194698091746));
#5740=DIRECTION('center_axis',(0.,-0.0871557427476582,0.996194698091746));
#5741=DIRECTION('ref_axis',(0.65465367070798,-0.753052408157663,-0.0658835487546926));
#5742=DIRECTION('',(0.,-0.0871557427476582,0.996194698091746));
#5743=DIRECTION('center_axis',(0.,0.0871557427476582,-0.996194698091746));
#5744=DIRECTION('ref_axis',(1.,0.,0.));
#5745=DIRECTION('',(0.,-0.0871557427476582,0.996194698091746));
#5746=DIRECTION('center_axis',(0.,0.0871557427476582,-0.996194698091746));
#5747=DIRECTION('ref_axis',(0.,0.996194698091745,0.0871557427476582));
#5748=DIRECTION('center_axis',(0.,0.0871557427476582,-0.996194698091746));
#5749=DIRECTION('ref_axis',(0.,0.996194698091746,0.0871557427476582));
#5750=DIRECTION('',(0.,0.0871557427476582,-0.996194698091746));
#5751=DIRECTION('center_axis',(0.,-0.0871557427476582,0.996194698091746));
#5752=DIRECTION('ref_axis',(-0.65465367070798,-0.753052408157663,-0.0658835487546926));
#5753=DIRECTION('center_axis',(0.,0.0871557427476582,-0.996194698091746));
#5754=DIRECTION('ref_axis',(-1.,0.,0.));
#5755=DIRECTION('center_axis',(0.142857142857153,-0.985977046471795,-0.0862618140630483));
#5756=DIRECTION('ref_axis',(0.989743318610786,0.142313528298831,0.0124508203925221));
#5757=DIRECTION('center_axis',(0.,0.0871557427476582,-0.996194698091746));
#5758=DIRECTION('ref_axis',(-0.654653670707979,-0.753052408157664,-0.0658835487546927));
#5759=DIRECTION('center_axis',(0.,-0.0871557427476582,0.996194698091746));
#5760=DIRECTION('ref_axis',(1.,0.,0.));
#5761=DIRECTION('center_axis',(0.142857142857136,0.985977046471797,0.0862618140630485));
#5762=DIRECTION('ref_axis',(-0.989743318610788,0.142313528298814,0.0124508203925222));
#5763=DIRECTION('center_axis',(0.,-0.0871557427476582,0.996194698091746));
#5764=DIRECTION('ref_axis',(0.,0.996194698091745,0.0871557427476582));
#5765=DIRECTION('center_axis',(0.,-0.0871557427476582,0.996194698091746));
#5766=DIRECTION('ref_axis',(1.,0.,0.));
#5767=DIRECTION('center_axis',(0.,0.0871557427476582,-0.996194698091746));
#5768=DIRECTION('ref_axis',(0.654653670707979,-0.753052408157664,-0.0658835487546927));
#5769=DIRECTION('center_axis',(0.,-0.0871557427476582,0.996194698091746));
#5770=DIRECTION('ref_axis',(0.,0.996194698091746,0.0871557427476582));
#5771=DIRECTION('',(0.,0.0871557427476582,-0.996194698091746));
#5772=DIRECTION('center_axis',(0.,-0.0871557427476582,0.996194698091746));
#5773=DIRECTION('ref_axis',(0.654653670707978,-0.753052408157665,-0.0658835487546928));
#5774=DIRECTION('',(0.,-0.0871557427476582,0.996194698091746));
#5775=DIRECTION('center_axis',(0.,0.0871557427476582,-0.996194698091746));
#5776=DIRECTION('ref_axis',(1.,0.,0.));
#5777=DIRECTION('',(0.,-0.0871557427476582,0.996194698091746));
#5778=DIRECTION('center_axis',(0.,0.0871557427476582,-0.996194698091746));
#5779=DIRECTION('ref_axis',(0.,0.996194698091745,0.0871557427476582));
#5780=DIRECTION('center_axis',(0.,0.0871557427476582,-0.996194698091746));
#5781=DIRECTION('ref_axis',(0.,0.996194698091746,0.0871557427476582));
#5782=DIRECTION('',(0.,0.0871557427476582,-0.996194698091746));
#5783=DIRECTION('center_axis',(0.,-0.0871557427476582,0.996194698091746));
#5784=DIRECTION('ref_axis',(-0.654653670707978,-0.753052408157665,-0.0658835487546928));
#5785=DIRECTION('center_axis',(0.,0.0871557427476582,-0.996194698091746));
#5786=DIRECTION('ref_axis',(-1.,0.,0.));
#5787=DIRECTION('center_axis',(0.142857142857153,-0.985977046471795,-0.0862618140630483));
#5788=DIRECTION('ref_axis',(0.989743318610786,0.142313528298831,0.0124508203925221));
#5789=DIRECTION('center_axis',(0.,-0.0871557427476582,0.996194698091746));
#5790=DIRECTION('ref_axis',(-0.654653670707979,-0.753052408157664,-0.0658835487546927));
#5791=DIRECTION('center_axis',(0.,0.0871557427476582,-0.996194698091746));
#5792=DIRECTION('ref_axis',(-0.654653670707979,-0.753052408157664,-0.0658835487546927));
#5793=DIRECTION('center_axis',(0.,-0.0871557427476582,0.996194698091746));
#5794=DIRECTION('ref_axis',(1.,0.,0.));
#5795=DIRECTION('center_axis',(0.142857142857136,0.985977046471797,0.0862618140630485));
#5796=DIRECTION('ref_axis',(-0.989743318610788,0.142313528298814,0.0124508203925222));
#5797=DIRECTION('center_axis',(0.,0.0871557427476582,-0.996194698091746));
#5798=DIRECTION('ref_axis',(0.,0.996194698091746,0.0871557427476582));
#5799=DIRECTION('center_axis',(0.,-0.0871557427476582,0.996194698091746));
#5800=DIRECTION('ref_axis',(0.,0.996194698091745,0.0871557427476582));
#5801=DIRECTION('center_axis',(0.,-0.0871557427476582,0.996194698091746));
#5802=DIRECTION('ref_axis',(1.,0.,0.));
#5803=DIRECTION('center_axis',(0.,-0.0871557427476582,0.996194698091746));
#5804=DIRECTION('ref_axis',(0.654653670707979,-0.753052408157664,-0.0658835487546927));
#5805=DIRECTION('center_axis',(0.,0.0871557427476582,-0.996194698091746));
#5806=DIRECTION('ref_axis',(0.654653670707979,-0.753052408157664,-0.0658835487546927));
#5807=DIRECTION('center_axis',(0.,-0.0871557427476582,0.996194698091746));
#5808=DIRECTION('ref_axis',(0.,0.996194698091746,0.0871557427476582));
#5809=DIRECTION('',(0.,0.0871557427476582,-0.996194698091746));
#5810=DIRECTION('center_axis',(0.,-0.0871557427476582,0.996194698091746));
#5811=DIRECTION('ref_axis',(0.654653670707978,-0.753052408157665,-0.0658835487546928));
#5812=DIRECTION('',(0.,-0.0871557427476582,0.996194698091746));
#5813=DIRECTION('center_axis',(0.,0.0871557427476582,-0.996194698091746));
#5814=DIRECTION('ref_axis',(-1.,0.,0.));
#5815=DIRECTION('',(0.,-0.0871557427476582,0.996194698091746));
#5816=DIRECTION('center_axis',(0.,0.0871557427476582,-0.996194698091746));
#5817=DIRECTION('ref_axis',(0.,0.996194698091745,0.0871557427476582));
#5818=DIRECTION('center_axis',(0.,0.0871557427476582,-0.996194698091746));
#5819=DIRECTION('ref_axis',(0.,0.996194698091746,0.0871557427476582));
#5820=DIRECTION('',(0.,0.0871557427476582,-0.996194698091746));
#5821=DIRECTION('center_axis',(0.,-0.0871557427476582,0.996194698091746));
#5822=DIRECTION('ref_axis',(-0.654653670707978,-0.753052408157665,-0.0658835487546928));
#5823=DIRECTION('center_axis',(0.,0.0871557427476582,-0.996194698091746));
#5824=DIRECTION('ref_axis',(-1.,0.,0.));
#5825=DIRECTION('center_axis',(0.14285714285714,0.985977046471796,0.086261814063053));
#5826=DIRECTION('ref_axis',(0.,0.0871557427476559,-0.996194698091746));
#5827=DIRECTION('center_axis',(0.,0.0871557427476582,-0.996194698091746));
#5828=DIRECTION('ref_axis',(0.875981047146181,-0.480510054191842,-0.0420391824520135));
#5829=DIRECTION('center_axis',(-0.670588235294121,-0.739006891164544,-0.064654725244422));
#5830=DIRECTION('ref_axis',(-0.741829777432206,0.668036444602704,0.0584456157249006));
#5831=DIRECTION('center_axis',(0.,-0.0871557427476582,0.996194698091746));
#5832=DIRECTION('ref_axis',(0.875981047146181,-0.480510054191842,-0.0420391824520135));
#5833=DIRECTION('center_axis',(-0.670588235294162,0.739006891164506,0.0646547252444452));
#5834=DIRECTION('ref_axis',(0.741829777432169,0.668036444602744,0.0584456157249033));
#5835=DIRECTION('center_axis',(0.,0.0871557427476582,-0.996194698091746));
#5836=DIRECTION('ref_axis',(-1.,0.,0.));
#5837=DIRECTION('center_axis',(-0.142857142857143,0.985977046471795,0.0862618140630573));
#5838=DIRECTION('ref_axis',(0.989743318610787,0.142313528298821,0.0124508203925221));
#5839=DIRECTION('center_axis',(0.,-0.0871557427476582,0.996194698091746));
#5840=DIRECTION('ref_axis',(-0.875981047146181,-0.480510054191842,-0.0420391824520136));
#5841=DIRECTION('center_axis',(0.,0.0871557427476582,-0.996194698091746));
#5842=DIRECTION('ref_axis',(-0.875981047146181,-0.480510054191842,-0.0420391824520136));
#5843=DIRECTION('center_axis',(0.,-0.0871557427476582,0.996194698091746));
#5844=DIRECTION('ref_axis',(1.,0.,0.));
#5845=DIRECTION('center_axis',(-1.,0.,0.));
#5846=DIRECTION('ref_axis',(0.,0.996194698091746,0.0871557427476578));
#5847=DIRECTION('center_axis',(0.,0.0871557427476582,-0.996194698091746));
#5848=DIRECTION('ref_axis',(0.654653670707979,0.753052408157665,0.0658835487546927));
#5849=DIRECTION('center_axis',(0.,-0.0871557427476582,0.996194698091746));
#5850=DIRECTION('ref_axis',(0.654653670707978,0.753052408157664,0.0658835487546927));
#5851=DIRECTION('center_axis',(-1.,-4.87570350053467E-17,-4.26568783010448E-18));
#5852=DIRECTION('ref_axis',(0.,0.76604444311898,-0.642787609686537));
#5853=DIRECTION('center_axis',(-1.,0.,0.));
#5854=DIRECTION('ref_axis',(0.,0.996194698091746,0.087155742747658));
#5855=DIRECTION('',(1.,4.87570350053467E-17,4.26568783010448E-18));
#5856=DIRECTION('center_axis',(0.,0.0871557427476582,-0.996194698091746));
#5857=DIRECTION('ref_axis',(-1.,0.,0.));
#5858=DIRECTION('center_axis',(-0.63333333333333,0.770934274066065,0.0674480093043702));
#5859=DIRECTION('ref_axis',(0.773879117749596,0.630923308791436,0.055198637073517));
#5860=DIRECTION('center_axis',(0.,-0.0871557427476582,0.996194698091746));
#5861=DIRECTION('ref_axis',(-0.428174419288838,-0.900257277567539,-0.0787623060438709));
#5862=DIRECTION('center_axis',(0.,-0.0871557427476582,0.996194698091746));
#5863=DIRECTION('ref_axis',(1.,0.,0.));
#5864=DIRECTION('center_axis',(-1.,0.,0.));
#5865=DIRECTION('ref_axis',(0.,0.996194698091745,0.0871557427476598));
#5866=DIRECTION('center_axis',(0.,0.0871557427476582,-0.996194698091746));
#5867=DIRECTION('ref_axis',(0.428174419288837,0.90025727756754,0.0787623060438709));
#5868=DIRECTION('center_axis',(-1.,0.,0.));
#5869=DIRECTION('ref_axis',(0.,0.766044443118977,-0.642787609686541));
#5870=DIRECTION('center_axis',(-1.,0.,0.));
#5871=DIRECTION('ref_axis',(0.,0.996194698091746,0.0871557427476586));
#5872=DIRECTION('',(1.,0.,0.));
#5873=DIRECTION('center_axis',(0.,-0.0871557427476582,0.996194698091746));
#5874=DIRECTION('ref_axis',(1.,0.,0.));
#5875=DIRECTION('center_axis',(-0.633333333333332,-0.770934274066064,-0.0674480093043682));
#5876=DIRECTION('ref_axis',(-0.773879117749595,0.630923308791437,0.0551986370735192));
#5877=DIRECTION('center_axis',(0.,0.0871557427476582,-0.996194698091746));
#5878=DIRECTION('ref_axis',(-0.428174419288837,0.90025727756754,0.0787623060438709));
#5879=DIRECTION('center_axis',(0.,0.0871557427476582,-0.996194698091746));
#5880=DIRECTION('ref_axis',(-1.,0.,0.));
#5881=DIRECTION('center_axis',(-1.,0.,0.));
#5882=DIRECTION('ref_axis',(0.,0.996194698091746,0.0871557427476577));
#5883=DIRECTION('center_axis',(0.,-0.0871557427476582,0.996194698091746));
#5884=DIRECTION('ref_axis',(0.428174419288838,-0.900257277567539,-0.0787623060438709));
#5885=DIRECTION('center_axis',(-1.,-4.87570350053467E-17,-4.26568783010448E-18));
#5886=DIRECTION('ref_axis',(0.,0.76604444311898,-0.642787609686537));
#5887=DIRECTION('center_axis',(-1.,0.,0.));
#5888=DIRECTION('ref_axis',(0.,0.996194698091746,0.0871557427476577));
#5889=DIRECTION('',(1.,4.87570350053467E-17,4.26568783010448E-18));
#5890=DIRECTION('center_axis',(0.,-0.0871557427476582,0.996194698091746));
#5891=DIRECTION('ref_axis',(1.,0.,0.));
#5892=DIRECTION('center_axis',(-0.142857142857143,-0.985977046471795,-0.0862618140630551));
#5893=DIRECTION('ref_axis',(-0.989743318610787,0.142313528298821,0.0124508203925244));
#5894=DIRECTION('center_axis',(0.,0.0871557427476582,-0.996194698091746));
#5895=DIRECTION('ref_axis',(-0.654653670707977,0.753052408157666,0.0658835487546929));
#5896=DIRECTION('center_axis',(0.,-0.0871557427476582,0.996194698091746));
#5897=DIRECTION('ref_axis',(-0.654653670707977,0.753052408157666,0.0658835487546928));
#5898=DIRECTION('center_axis',(0.,0.0871557427476582,-0.996194698091746));
#5899=DIRECTION('ref_axis',(-1.,0.,0.));
#5900=DIRECTION('center_axis',(-0.670588235294123,-0.739006891164541,-0.0646547252444384));
#5901=DIRECTION('ref_axis',(-0.741829777432205,0.668036444602705,0.0584456157249027));
#5902=DIRECTION('center_axis',(0.,-0.0871557427476582,0.996194698091746));
#5903=DIRECTION('ref_axis',(0.87598104714618,-0.480510054191843,-0.0420391824520137));
#5904=DIRECTION('center_axis',(0.,0.0871557427476582,-0.996194698091746));
#5905=DIRECTION('ref_axis',(0.87598104714618,-0.480510054191843,-0.0420391824520137));
#5906=DIRECTION('center_axis',(-0.670588235294124,0.739006891164541,0.0646547252444333));
#5907=DIRECTION('ref_axis',(0.741829777432204,0.668036444602706,0.0584456157248982));
#5908=DIRECTION('center_axis',(0.,0.0871557427476582,-0.996194698091746));
#5909=DIRECTION('ref_axis',(-1.,0.,0.));
#5910=DIRECTION('center_axis',(-0.142857142857142,0.985977046471795,0.0862618140630551));
#5911=DIRECTION('ref_axis',(0.989743318610787,0.14231352829882,0.0124508203925222));
#5912=DIRECTION('center_axis',(0.,-0.0871557427476582,0.996194698091746));
#5913=DIRECTION('ref_axis',(-0.87598104714618,-0.480510054191843,-0.0420391824520137));
#5914=DIRECTION('center_axis',(0.,0.0871557427476582,-0.996194698091746));
#5915=DIRECTION('ref_axis',(-0.87598104714618,-0.480510054191843,-0.0420391824520137));
#5916=DIRECTION('center_axis',(0.,-0.0871557427476582,0.996194698091746));
#5917=DIRECTION('ref_axis',(1.,0.,0.));
#5918=DIRECTION('center_axis',(-1.,0.,0.));
#5919=DIRECTION('ref_axis',(0.,0.996194698091746,0.0871557427476578));
#5920=DIRECTION('center_axis',(0.,0.0871557427476582,-0.996194698091746));
#5921=DIRECTION('ref_axis',(0.654653670707977,0.753052408157666,0.0658835487546929));
#5922=DIRECTION('center_axis',(0.,-0.0871557427476582,0.996194698091746));
#5923=DIRECTION('ref_axis',(0.654653670707977,0.753052408157666,0.0658835487546929));
#5924=DIRECTION('center_axis',(-1.,-4.87570350053467E-17,-4.26568783010448E-18));
#5925=DIRECTION('ref_axis',(0.,0.76604444311898,-0.642787609686537));
#5926=DIRECTION('center_axis',(-1.,0.,0.));
#5927=DIRECTION('ref_axis',(0.,0.996194698091745,0.0871557427476598));
#5928=DIRECTION('',(1.,4.87570350053467E-17,4.26568783010448E-18));
#5929=DIRECTION('center_axis',(0.,-0.0871557427476582,0.996194698091746));
#5930=DIRECTION('ref_axis',(1.,0.,0.));
#5931=DIRECTION('center_axis',(-0.142857142857147,-0.985977046471795,-0.0862618140630549));
#5932=DIRECTION('ref_axis',(-0.989743318610787,0.142313528298825,0.0124508203925223));
#5933=DIRECTION('center_axis',(0.,0.0871557427476582,-0.996194698091746));
#5934=DIRECTION('ref_axis',(-0.654653670707976,0.753052408157666,0.0658835487546929));
#5935=DIRECTION('center_axis',(0.,-0.0871557427476582,0.996194698091746));
#5936=DIRECTION('ref_axis',(-0.654653670707976,0.753052408157667,0.0658835487546929));
#5937=DIRECTION('center_axis',(0.,0.0871557427476582,-0.996194698091746));
#5938=DIRECTION('ref_axis',(-1.,0.,0.));
#5939=DIRECTION('center_axis',(-0.142857142857145,0.985977046471795,0.0862618140630551));
#5940=DIRECTION('ref_axis',(0.989743318610787,0.142313528298822,0.0124508203925223));
#5941=DIRECTION('center_axis',(0.,-0.0871557427476582,0.996194698091746));
#5942=DIRECTION('ref_axis',(0.,-0.996194698091746,-0.0871557427476582));
#5943=DIRECTION('center_axis',(0.,0.0871557427476582,-0.996194698091746));
#5944=DIRECTION('ref_axis',(0.,-0.996194698091746,-0.0871557427476582));
#5945=DIRECTION('center_axis',(0.,-0.0871557427476582,0.996194698091746));
#5946=DIRECTION('ref_axis',(1.,0.,0.));
#5947=DIRECTION('center_axis',(-1.,0.,0.));
#5948=DIRECTION('ref_axis',(0.,0.996194698091746,0.0871557427476578));
#5949=DIRECTION('center_axis',(0.,0.0871557427476582,-0.996194698091746));
#5950=DIRECTION('ref_axis',(0.654653670707975,0.753052408157667,0.0658835487546929));
#5951=DIRECTION('center_axis',(0.,-0.0871557427476582,0.996194698091746));
#5952=DIRECTION('ref_axis',(0.654653670707975,0.753052408157667,0.065883548754693));
#5953=DIRECTION('center_axis',(-1.,-4.87570350053467E-17,-4.26568783010448E-18));
#5954=DIRECTION('ref_axis',(0.,0.76604444311898,-0.642787609686537));
#5955=DIRECTION('center_axis',(-1.,0.,0.));
#5956=DIRECTION('ref_axis',(0.,0.996194698091745,0.0871557427476598));
#5957=DIRECTION('',(1.,4.87570350053467E-17,4.26568783010448E-18));
#5958=DIRECTION('center_axis',(0.,0.0871557427476582,-0.996194698091746));
#5959=DIRECTION('ref_axis',(-1.,0.,0.));
#5960=DIRECTION('center_axis',(1.93524624653513E-16,-0.996194698091746,
-0.0871557427476581));
#5961=DIRECTION('ref_axis',(-1.,0.,-2.2204460492503E-15));
#5962=DIRECTION('center_axis',(0.,0.0871557427476582,-0.996194698091746));
#5963=DIRECTION('ref_axis',(-0.707106781186548,0.704416026402759,0.0616284167162194));
#5964=DIRECTION('center_axis',(0.,-0.0871557427476582,0.996194698091746));
#5965=DIRECTION('ref_axis',(-0.707106781186548,0.704416026402758,0.0616284167162194));
#5966=DIRECTION('center_axis',(1.20453559920089E-16,-0.996194698091746,
-0.0871557427476582));
#5967=DIRECTION('ref_axis',(-0.707106781186544,0.0616284167162143,-0.704416026402763));
#5968=DIRECTION('center_axis',(-1.76959726532955E-14,-0.996194698091745,
-0.0871557427476685));
#5969=DIRECTION('ref_axis',(-1.,1.77635683940026E-14,0.));
#5970=DIRECTION('',(-1.20453559920089E-16,0.996194698091746,0.0871557427476582));
#5971=DIRECTION('',(1.20453559920089E-16,-0.996194698091746,-0.0871557427476582));
#5972=DIRECTION('center_axis',(0.,0.0871557427476582,-0.996194698091746));
#5973=DIRECTION('ref_axis',(-1.,0.,0.));
#5974=DIRECTION('center_axis',(1.,2.21199658166191E-15,1.93524624653498E-16));
#5975=DIRECTION('ref_axis',(2.2204460492503E-15,-0.996194698091746,-0.0871557427476593));
#5976=DIRECTION('center_axis',(0.,0.0871557427476582,-0.996194698091746));
#5977=DIRECTION('ref_axis',(-0.707106781186547,-0.704416026402759,-0.0616284167162194));
#5978=DIRECTION('center_axis',(0.,-0.0871557427476582,0.996194698091746));
#5979=DIRECTION('ref_axis',(-0.707106781186547,-0.704416026402759,-0.0616284167162195));
#5980=DIRECTION('center_axis',(1.,8.60071574886775E-16,7.52465126234807E-17));
#5981=DIRECTION('ref_axis',(0.,-0.642787609686545,-0.766044443118973));
#5982=DIRECTION('center_axis',(1.,-4.42399316332366E-15,-3.87049249306981E-16));
#5983=DIRECTION('ref_axis',(-4.44089209850044E-15,-0.996194698091745,-0.0871557427476606));
#5984=DIRECTION('',(-1.,-8.60071574886775E-16,-7.52465126234807E-17));
#5985=DIRECTION('',(1.,8.60071574886775E-16,7.52465126234807E-17));
#5986=DIRECTION('center_axis',(0.,0.0871557427476582,-0.996194698091746));
#5987=DIRECTION('ref_axis',(-1.,0.,0.));
#5988=DIRECTION('center_axis',(1.76959726532954E-14,-0.996194698091748,
-0.0871557427476333));
#5989=DIRECTION('ref_axis',(-1.,-1.77635683940025E-14,0.));
#5990=DIRECTION('center_axis',(0.,-0.0871557427476582,0.996194698091746));
#5991=DIRECTION('ref_axis',(0.707106781186541,0.704416026402765,0.0616284167162199));
#5992=DIRECTION('center_axis',(0.,0.0871557427476582,-0.996194698091746));
#5993=DIRECTION('ref_axis',(0.707106781186541,0.704416026402765,0.06162841671622));
#5994=DIRECTION('center_axis',(0.,-0.996194698091746,-0.0871557427476582));
#5995=DIRECTION('ref_axis',(-0.707106781186554,0.0616284167162014,-0.704416026402754));
#5996=DIRECTION('center_axis',(0.,-0.996194698091746,-0.0871557427476513));
#5997=DIRECTION('ref_axis',(-1.,0.,0.));
#5998=DIRECTION('',(0.,0.996194698091746,0.0871557427476582));
#5999=DIRECTION('',(0.,-0.996194698091746,-0.0871557427476582));
#6000=DIRECTION('center_axis',(0.,0.0871557427476582,-0.996194698091746));
#6001=DIRECTION('ref_axis',(-1.,0.,0.));
#6002=DIRECTION('center_axis',(1.,0.,0.));
#6003=DIRECTION('ref_axis',(0.,-0.996194698091746,-0.0871557427476562));
#6004=DIRECTION('center_axis',(0.,0.0871557427476582,-0.996194698091746));
#6005=DIRECTION('ref_axis',(-0.707106781186545,-0.704416026402761,-0.0616284167162196));
#6006=DIRECTION('center_axis',(0.,-0.0871557427476582,0.996194698091746));
#6007=DIRECTION('ref_axis',(-0.707106781186545,-0.704416026402761,-0.0616284167162196));
#6008=DIRECTION('center_axis',(1.,0.,0.));
#6009=DIRECTION('ref_axis',(0.,-0.642787609686542,-0.766044443118976));
#6010=DIRECTION('center_axis',(1.,0.,0.));
#6011=DIRECTION('ref_axis',(0.,-0.996194698091746,-0.0871557427476593));
#6012=DIRECTION('',(-1.,0.,0.));
#6013=DIRECTION('',(1.,0.,0.));
#6014=DIRECTION('center_axis',(0.,-0.0871557427476582,0.996194698091746));
#6015=DIRECTION('ref_axis',(1.,0.,0.));
#6016=DIRECTION('center_axis',(0.142857142857137,0.985977046471797,0.0862618140630485));
#6017=DIRECTION('ref_axis',(0.989743318610788,-0.142313528298815,-0.0124508203925223));
#6018=DIRECTION('center_axis',(0.,0.0871557427476582,-0.996194698091746));
#6019=DIRECTION('ref_axis',(0.654653670707976,-0.753052408157666,-0.0658835487546929));
#6020=DIRECTION('center_axis',(0.,0.0871557427476582,-0.996194698091746));
#6021=DIRECTION('ref_axis',(-1.,0.,0.));
#6022=DIRECTION('center_axis',(0.142857142857136,-0.985977046471797,-0.0862618140630481));
#6023=DIRECTION('ref_axis',(-0.989743318610788,-0.142313528298814,-0.0124508203925222));
#6024=DIRECTION('center_axis',(0.,-0.0871557427476582,0.996194698091746));
#6025=DIRECTION('ref_axis',(0.,0.996194698091746,0.0871557427476582));
#6026=DIRECTION('center_axis',(0.,-0.0871557427476582,0.996194698091746));
#6027=DIRECTION('ref_axis',(1.,0.,0.));
#6028=DIRECTION('center_axis',(1.,0.,0.));
#6029=DIRECTION('ref_axis',(0.,-0.996194698091746,-0.0871557427476593));
#6030=DIRECTION('center_axis',(0.,0.0871557427476582,-0.996194698091746));
#6031=DIRECTION('ref_axis',(-0.654653670707976,-0.753052408157667,-0.0658835487546929));
#6032=DIRECTION('center_axis',(1.,0.,0.));
#6033=DIRECTION('ref_axis',(0.,-0.642787609686542,-0.766044443118976));
#6034=DIRECTION('center_axis',(1.,0.,0.));
#6035=DIRECTION('ref_axis',(0.,-0.996194698091746,-0.0871557427476593));
#6036=DIRECTION('',(-1.,0.,0.));
#6037=DIRECTION('',(1.,0.,0.));
#6038=DIRECTION('center_axis',(0.,-0.0871557427476582,0.996194698091746));
#6039=DIRECTION('ref_axis',(1.,0.,0.));
#6040=DIRECTION('center_axis',(0.142857142857136,0.985977046471797,0.0862618140630485));
#6041=DIRECTION('ref_axis',(0.989743318610788,-0.142313528298814,-0.0124508203925222));
#6042=DIRECTION('center_axis',(0.,0.0871557427476582,-0.996194698091746));
#6043=DIRECTION('ref_axis',(0.65465367070798,-0.753052408157664,-0.0658835487546926));
#6044=DIRECTION('center_axis',(0.,0.0871557427476582,-0.996194698091746));
#6045=DIRECTION('ref_axis',(-1.,0.,0.));
#6046=DIRECTION('center_axis',(0.142857142857136,-0.985977046471797,-0.0862618140630481));
#6047=DIRECTION('ref_axis',(-0.989743318610788,-0.142313528298814,-0.0124508203925222));
#6048=DIRECTION('center_axis',(0.,-0.0871557427476582,0.996194698091746));
#6049=DIRECTION('ref_axis',(0.,0.996194698091746,0.0871557427476582));
#6050=DIRECTION('center_axis',(0.,-0.0871557427476582,0.996194698091746));
#6051=DIRECTION('ref_axis',(1.,0.,0.));
#6052=DIRECTION('center_axis',(1.,0.,0.));
#6053=DIRECTION('ref_axis',(0.,-0.996194698091746,-0.0871557427476564));
#6054=DIRECTION('center_axis',(0.,0.0871557427476582,-0.996194698091746));
#6055=DIRECTION('ref_axis',(-0.65465367070798,-0.753052408157664,-0.0658835487546926));
#6056=DIRECTION('center_axis',(1.,0.,0.));
#6057=DIRECTION('ref_axis',(0.,-0.642787609686542,-0.766044443118976));
#6058=DIRECTION('center_axis',(1.,0.,0.));
#6059=DIRECTION('ref_axis',(0.,-0.996194698091746,-0.0871557427476593));
#6060=DIRECTION('',(-1.,0.,0.));
#6061=DIRECTION('',(1.,0.,0.));
#6062=DIRECTION('center_axis',(0.,-0.0871557427476582,0.996194698091746));
#6063=DIRECTION('ref_axis',(1.,0.,0.));
#6064=DIRECTION('center_axis',(0.142857142857136,0.985977046471797,0.0862618140630485));
#6065=DIRECTION('ref_axis',(0.989743318610788,-0.142313528298814,-0.0124508203925222));
#6066=DIRECTION('center_axis',(0.,0.0871557427476582,-0.996194698091746));
#6067=DIRECTION('ref_axis',(0.654653670707978,-0.753052408157665,-0.0658835487546928));
#6068=DIRECTION('center_axis',(0.,0.0871557427476582,-0.996194698091746));
#6069=DIRECTION('ref_axis',(-1.,0.,0.));
#6070=DIRECTION('center_axis',(0.142857142857136,-0.985977046471797,-0.0862618140630481));
#6071=DIRECTION('ref_axis',(-0.989743318610788,-0.142313528298814,-0.0124508203925222));
#6072=DIRECTION('center_axis',(0.,-0.0871557427476582,0.996194698091746));
#6073=DIRECTION('ref_axis',(0.,0.996194698091746,0.0871557427476582));
#6074=DIRECTION('center_axis',(0.,-0.0871557427476582,0.996194698091746));
#6075=DIRECTION('ref_axis',(1.,0.,0.));
#6076=DIRECTION('center_axis',(1.,0.,0.));
#6077=DIRECTION('ref_axis',(0.,-0.996194698091746,-0.0871557427476564));
#6078=DIRECTION('center_axis',(0.,0.0871557427476582,-0.996194698091746));
#6079=DIRECTION('ref_axis',(-0.654653670707978,-0.753052408157665,-0.0658835487546928));
#6080=DIRECTION('center_axis',(1.,0.,0.));
#6081=DIRECTION('ref_axis',(0.,-0.642787609686542,-0.766044443118976));
#6082=DIRECTION('center_axis',(1.,0.,0.));
#6083=DIRECTION('ref_axis',(0.,-0.996194698091746,-0.0871557427476593));
#6084=DIRECTION('',(-1.,0.,0.));
#6085=DIRECTION('',(1.,0.,0.));
#6086=DIRECTION('center_axis',(0.,-0.0871557427476582,0.996194698091746));
#6087=DIRECTION('ref_axis',(1.,0.,0.));
#6088=DIRECTION('center_axis',(0.142857142857136,0.985977046471797,0.0862618140630485));
#6089=DIRECTION('ref_axis',(0.989743318610788,-0.142313528298814,-0.0124508203925222));
#6090=DIRECTION('center_axis',(0.,0.0871557427476582,-0.996194698091746));
#6091=DIRECTION('ref_axis',(0.654653670707978,-0.753052408157665,-0.0658835487546928));
#6092=DIRECTION('center_axis',(0.,0.0871557427476582,-0.996194698091746));
#6093=DIRECTION('ref_axis',(-1.,0.,0.));
#6094=DIRECTION('center_axis',(0.142857142857136,-0.985977046471797,-0.0862618140630481));
#6095=DIRECTION('ref_axis',(-0.989743318610788,-0.142313528298814,-0.0124508203925222));
#6096=DIRECTION('center_axis',(0.,-0.0871557427476582,0.996194698091746));
#6097=DIRECTION('ref_axis',(0.,0.996194698091746,0.0871557427476582));
#6098=DIRECTION('center_axis',(0.,-0.0871557427476582,0.996194698091746));
#6099=DIRECTION('ref_axis',(1.,0.,0.));
#6100=DIRECTION('center_axis',(1.,0.,0.));
#6101=DIRECTION('ref_axis',(0.,-0.996194698091746,-0.0871557427476564));
#6102=DIRECTION('center_axis',(0.,0.0871557427476582,-0.996194698091746));
#6103=DIRECTION('ref_axis',(-0.654653670707978,-0.753052408157665,-0.0658835487546928));
#6104=DIRECTION('center_axis',(1.,0.,0.));
#6105=DIRECTION('ref_axis',(0.,-0.642787609686542,-0.766044443118976));
#6106=DIRECTION('center_axis',(1.,0.,0.));
#6107=DIRECTION('ref_axis',(0.,-0.996194698091745,-0.0871557427476637));
#6108=DIRECTION('',(-1.,0.,0.));
#6109=DIRECTION('',(1.,0.,0.));
#6110=DIRECTION('center_axis',(0.,0.0871557427476582,-0.996194698091746));
#6111=DIRECTION('ref_axis',(-1.,0.,0.));
#6112=DIRECTION('center_axis',(0.,0.996194698091746,0.0871557427476513));
#6113=DIRECTION('ref_axis',(1.,0.,0.));
#6114=DIRECTION('center_axis',(0.,0.0871557427476582,-0.996194698091746));
#6115=DIRECTION('ref_axis',(0.707106781186545,-0.704416026402761,-0.0616284167162196));
#6116=DIRECTION('center_axis',(0.,-0.0871557427476582,0.996194698091746));
#6117=DIRECTION('ref_axis',(0.707106781186545,-0.704416026402761,-0.0616284167162196));
#6118=DIRECTION('center_axis',(-2.3606070955485E-15,0.996194698091746,0.0871557427476582));
#6119=DIRECTION('ref_axis',(0.707106781186579,0.0616284167161992,-0.704416026402729));
#6120=DIRECTION('center_axis',(0.,0.996194698091746,0.0871557427476513));
#6121=DIRECTION('ref_axis',(1.,0.,0.));
#6122=DIRECTION('',(2.3606070955485E-15,-0.996194698091746,-0.0871557427476582));
#6123=DIRECTION('',(-2.3606070955485E-15,0.996194698091746,0.0871557427476582));
#6124=DIRECTION('center_axis',(0.,0.0871557427476582,-0.996194698091746));
#6125=DIRECTION('ref_axis',(-1.,0.,0.));
#6126=DIRECTION('center_axis',(1.,0.,0.));
#6127=DIRECTION('ref_axis',(0.,-0.996194698091745,-0.0871557427476639));
#6128=DIRECTION('center_axis',(0.,-0.0871557427476582,0.996194698091746));
#6129=DIRECTION('ref_axis',(-0.707106781186541,0.704416026402765,0.0616284167162199));
#6130=DIRECTION('center_axis',(0.,0.0871557427476582,-0.996194698091746));
#6131=DIRECTION('ref_axis',(-0.707106781186541,0.704416026402765,0.0616284167162199));
#6132=DIRECTION('center_axis',(1.,8.60071574886775E-16,7.52465126234807E-17));
#6133=DIRECTION('ref_axis',(0.,-0.642787609686545,-0.766044443118973));
#6134=DIRECTION('center_axis',(1.,7.07838906131483E-14,6.19278798890905E-15));
#6135=DIRECTION('ref_axis',(7.10542735759766E-14,-0.996194698091745,-0.0871557427476633));
#6136=DIRECTION('',(-1.,-8.60071574886775E-16,-7.52465126234807E-17));
#6137=DIRECTION('',(1.,8.60071574886775E-16,7.52465126234807E-17));
#6138=DIRECTION('center_axis',(0.,0.0871557427476582,-0.996194698091746));
#6139=DIRECTION('ref_axis',(-1.,0.,0.));
#6140=DIRECTION('center_axis',(0.,0.996194698091746,0.0871557427476513));
#6141=DIRECTION('ref_axis',(1.,0.,0.));
#6142=DIRECTION('center_axis',(0.,0.0871557427476582,-0.996194698091746));
#6143=DIRECTION('ref_axis',(0.707106781186547,-0.704416026402759,-0.0616284167162194));
#6144=DIRECTION('center_axis',(0.,-0.0871557427476582,0.996194698091746));
#6145=DIRECTION('ref_axis',(0.707106781186547,-0.704416026402759,-0.0616284167162194));
#6146=DIRECTION('center_axis',(-1.31217495061884E-15,0.996194698091746,
0.0871557427476582));
#6147=DIRECTION('ref_axis',(0.707106781186528,0.0616284167162287,-0.704416026402778));
#6148=DIRECTION('center_axis',(2.0184719570084E-15,0.996194698091746,0.0871557427476517));
#6149=DIRECTION('ref_axis',(1.,-2.22044604925028E-15,2.22044604925028E-15));
#6150=DIRECTION('',(1.31217495061884E-15,-0.996194698091746,-0.0871557427476582));
#6151=DIRECTION('',(-1.31217495061884E-15,0.996194698091746,0.0871557427476582));
#6152=DIRECTION('center_axis',(0.,0.0871557427476582,-0.996194698091746));
#6153=DIRECTION('ref_axis',(-1.,0.,0.));
#6154=DIRECTION('center_axis',(-1.,0.,0.));
#6155=DIRECTION('ref_axis',(0.,0.996194698091746,0.0871557427476568));
#6156=DIRECTION('center_axis',(0.,0.0871557427476582,-0.996194698091746));
#6157=DIRECTION('ref_axis',(0.707106781186547,0.70441602640276,0.0616284167162195));
#6158=DIRECTION('center_axis',(0.,-0.0871557427476582,0.996194698091746));
#6159=DIRECTION('ref_axis',(0.707106781186547,0.704416026402759,0.0616284167162195));
#6160=DIRECTION('center_axis',(-1.,-4.87570350053467E-17,-4.26568783010448E-18));
#6161=DIRECTION('ref_axis',(0.,0.76604444311898,-0.642787609686537));
#6162=DIRECTION('center_axis',(-1.,0.,0.));
#6163=DIRECTION('ref_axis',(0.,0.996194698091746,0.0871557427476576));
#6164=DIRECTION('',(1.,4.87570350053467E-17,4.26568783010448E-18));
#6165=DIRECTION('center_axis',(0.,-0.0871557427476582,0.996194698091746));
#6166=DIRECTION('ref_axis',(1.,0.,0.));
#6167=DIRECTION('center_axis',(-0.14285714285714,-0.985977046471796,-0.0862618140630552));
#6168=DIRECTION('ref_axis',(-0.989743318610787,0.142313528298818,0.0124508203925244));
#6169=DIRECTION('center_axis',(0.,0.0871557427476582,-0.996194698091746));
#6170=DIRECTION('ref_axis',(-0.654653670707979,0.753052408157665,0.0658835487546927));
#6171=DIRECTION('center_axis',(0.,-0.0871557427476582,0.996194698091746));
#6172=DIRECTION('ref_axis',(-0.654653670707978,0.753052408157664,0.0658835487546927));
#6173=DIRECTION('center_axis',(0.,0.0871557427476582,-0.996194698091746));
#6174=DIRECTION('ref_axis',(-1.,0.,0.));
#6175=DIRECTION('center_axis',(-0.142857142857142,0.985977046471796,0.0862618140630553));
#6176=DIRECTION('ref_axis',(0.989743318610787,0.14231352829882,0.0124508203925222));
#6177=DIRECTION('center_axis',(0.,-0.0871557427476582,0.996194698091746));
#6178=DIRECTION('ref_axis',(0.,-0.996194698091746,-0.0871557427476582));
#6179=DIRECTION('center_axis',(0.,0.0871557427476582,-0.996194698091746));
#6180=DIRECTION('ref_axis',(0.,-0.996194698091745,-0.0871557427476582));
#6181=DIRECTION('center_axis',(0.,-0.0871557427476582,0.996194698091746));
#6182=DIRECTION('ref_axis',(1.,0.,0.));
#6183=DIRECTION('center_axis',(-1.,0.,0.));
#6184=DIRECTION('ref_axis',(0.,0.996194698091746,0.0871557427476578));
#6185=DIRECTION('center_axis',(0.,0.0871557427476582,-0.996194698091746));
#6186=DIRECTION('ref_axis',(0.654653670707979,0.753052408157665,0.0658835487546927));
#6187=DIRECTION('center_axis',(0.,-0.0871557427476582,0.996194698091746));
#6188=DIRECTION('ref_axis',(0.654653670707978,0.753052408157664,0.0658835487546927));
#6189=DIRECTION('center_axis',(-1.,-4.87570350053467E-17,-4.26568783010448E-18));
#6190=DIRECTION('ref_axis',(0.,0.76604444311898,-0.642787609686537));
#6191=DIRECTION('center_axis',(-1.,0.,0.));
#6192=DIRECTION('ref_axis',(0.,0.996194698091746,0.0871557427476576));
#6193=DIRECTION('',(1.,4.87570350053467E-17,4.26568783010448E-18));
#6194=DIRECTION('center_axis',(0.,-0.0871557427476582,0.996194698091746));
#6195=DIRECTION('ref_axis',(1.,0.,0.));
#6196=DIRECTION('center_axis',(0.,0.0871557427476582,-0.996194698091746));
#6197=DIRECTION('ref_axis',(-0.654653670707979,0.753052408157664,0.0658835487546927));
#6198=DIRECTION('center_axis',(0.,-0.0871557427476582,0.996194698091746));
#6199=DIRECTION('ref_axis',(-0.654653670707979,0.753052408157664,0.0658835487546927));
#6200=DIRECTION('center_axis',(0.,-0.0871557427476582,0.996194698091746));
#6201=DIRECTION('ref_axis',(1.,0.,0.));
#6202=DIRECTION('',(-1.,0.,0.));
#6203=DIRECTION('',(0.,0.996194698091746,0.0871557427476582));
#6204=DIRECTION('',(1.,0.,0.));
#6205=DIRECTION('',(0.,-0.996194698091746,-0.0871557427476582));
#6206=DIRECTION('',(-1.,0.,0.));
#6207=DIRECTION('center_axis',(0.,0.0871557427476582,-0.996194698091746));
#6208=DIRECTION('ref_axis',(-0.707106781186548,-0.704416026402759,-0.0616284167162194));
#6209=DIRECTION('',(0.,-0.0871557427476582,0.996194698091746));
#6210=DIRECTION('center_axis',(0.,0.0871557427476582,-0.996194698091746));
#6211=DIRECTION('ref_axis',(-0.707106781186548,-0.704416026402759,-0.0616284167162194));
#6212=DIRECTION('',(0.,0.0871557427476582,-0.996194698091746));
#6213=DIRECTION('center_axis',(1.,0.,0.));
#6214=DIRECTION('ref_axis',(0.,-0.996194698091746,-0.0871557427476582));
#6215=DIRECTION('',(0.,-0.0871557427476582,0.996194698091746));
#6216=DIRECTION('',(0.,0.996194698091746,0.0871557427476582));
#6217=DIRECTION('',(0.,0.0871557427476582,-0.996194698091746));
#6218=DIRECTION('',(0.,0.996194698091746,0.0871557427476582));
#6219=DIRECTION('center_axis',(0.,0.0871557427476582,-0.996194698091746));
#6220=DIRECTION('ref_axis',(1.,4.42399316332383E-15,3.87049249307027E-16));
#6221=DIRECTION('',(0.,0.0871557427476582,-0.996194698091746));
#6222=DIRECTION('center_axis',(0.,-0.0871557427476582,0.996194698091746));
#6223=DIRECTION('ref_axis',(1.,4.42399316332383E-15,3.87049249307027E-16));
#6224=DIRECTION('center_axis',(-8.63356908578494E-16,0.996194698091746,
0.0871557427476582));
#6225=DIRECTION('ref_axis',(1.,8.60071574886776E-16,7.52465126234807E-17));
#6226=DIRECTION('',(0.,0.0871557427476582,-0.996194698091746));
#6227=DIRECTION('',(-1.,-8.60071574886776E-16,-7.52465126234807E-17));
#6228=DIRECTION('',(0.,-0.0871557427476582,0.996194698091746));
#6229=DIRECTION('',(-1.,-8.60071574886775E-16,-7.52465126234807E-17));
#6230=DIRECTION('center_axis',(0.,0.0871557427476582,-0.996194698091746));
#6231=DIRECTION('ref_axis',(-0.707106781186547,-0.704416026402759,-0.0616284167162194));
#6232=DIRECTION('',(0.,-0.0871557427476582,0.996194698091746));
#6233=DIRECTION('center_axis',(0.,0.0871557427476582,-0.996194698091746));
#6234=DIRECTION('ref_axis',(-0.707106781186547,-0.704416026402759,-0.0616284167162194));
#6235=DIRECTION('center_axis',(1.,1.19995197758669E-16,1.04982194814349E-17));
#6236=DIRECTION('ref_axis',(1.20453559920089E-16,-0.996194698091746,-0.0871557427476582));
#6237=DIRECTION('',(0.,0.0871557427476582,-0.996194698091746));
#6238=DIRECTION('',(-1.20453559920089E-16,0.996194698091746,0.0871557427476582));
#6239=DIRECTION('',(0.,-0.0871557427476582,0.996194698091746));
#6240=DIRECTION('',(-1.20453559920089E-16,0.996194698091746,0.0871557427476582));
#6241=DIRECTION('',(0.,0.0871557427476582,-0.996194698091746));
#6242=DIRECTION('',(-1.20453559920089E-16,0.996194698091746,0.0871557427476582));
#6243=DIRECTION('center_axis',(0.,0.0871557427476582,-0.996194698091746));
#6244=DIRECTION('ref_axis',(-0.707106781186548,0.704416026402758,0.0616284167162194));
#6245=DIRECTION('center_axis',(0.,0.0871557427476582,-0.996194698091746));
#6246=DIRECTION('ref_axis',(-0.707106781186548,0.704416026402758,0.0616284167162194));
#6247=DIRECTION('center_axis',(0.,0.0871557427476582,-0.996194698091746));
#6248=DIRECTION('ref_axis',(0.,-0.996194698091746,-0.0871557427476582));
#6249=DIRECTION('',(0.,-0.0871557427476582,0.996194698091746));
#6250=DIRECTION('center_axis',(0.,0.0871557427476582,-0.996194698091746));
#6251=DIRECTION('ref_axis',(1.,0.,0.));
#6252=DIRECTION('',(0.,0.0871557427476582,-0.996194698091746));
#6253=DIRECTION('center_axis',(0.,-0.0871557427476582,0.996194698091746));
#6254=DIRECTION('ref_axis',(0.,-0.996194698091746,-0.0871557427476582));
#6255=DIRECTION('center_axis',(0.,0.0871557427476582,-0.996194698091746));
#6256=DIRECTION('ref_axis',(0.,-0.996194698091746,-0.0871557427476582));
#6257=DIRECTION('',(0.,-0.0871557427476582,0.996194698091746));
#6258=DIRECTION('center_axis',(0.,0.0871557427476582,-0.996194698091746));
#6259=DIRECTION('ref_axis',(1.,0.,0.));
#6260=DIRECTION('',(0.,0.0871557427476582,-0.996194698091746));
#6261=DIRECTION('center_axis',(0.,0.996194698091746,0.0871557427476582));
#6262=DIRECTION('ref_axis',(1.,0.,0.));
#6263=DIRECTION('',(-1.,0.,0.));
#6264=DIRECTION('',(0.,-0.0871557427476582,0.996194698091746));
#6265=DIRECTION('',(0.,0.0871557427476582,-0.996194698091746));
#6266=DIRECTION('',(-1.,0.,0.));
#6267=DIRECTION('',(0.,-0.0871557427476582,0.996194698091746));
#6268=DIRECTION('',(-1.,0.,0.));
#6269=DIRECTION('center_axis',(0.,-0.0871557427476582,0.996194698091746));
#6270=DIRECTION('ref_axis',(0.,-0.996194698091746,-0.0871557427476582));
#6271=DIRECTION('center_axis',(0.,0.0871557427476582,-0.996194698091746));
#6272=DIRECTION('ref_axis',(0.,-0.996194698091746,-0.0871557427476582));
#6273=DIRECTION('',(0.,-0.0871557427476582,0.996194698091746));
#6274=DIRECTION('center_axis',(0.,0.0871557427476582,-0.996194698091746));
#6275=DIRECTION('ref_axis',(1.,0.,0.));
#6276=DIRECTION('',(0.,0.0871557427476582,-0.996194698091746));
#6277=DIRECTION('center_axis',(0.,0.0871557427476582,-0.996194698091746));
#6278=DIRECTION('ref_axis',(-1.,0.,0.));
#6279=DIRECTION('center_axis',(-0.142857142857145,0.985977046471795,0.0862618140630549));
#6280=DIRECTION('ref_axis',(-0.989743318610787,-0.142313528298823,-0.0124508203925221));
#6281=DIRECTION('center_axis',(0.,-0.0871557427476582,0.996194698091746));
#6282=DIRECTION('ref_axis',(0.654653670707978,0.753052408157664,0.0658835487546927));
#6283=DIRECTION('center_axis',(0.,0.0871557427476582,-0.996194698091746));
#6284=DIRECTION('ref_axis',(0.654653670707979,0.753052408157664,0.0658835487546927));
#6285=DIRECTION('center_axis',(0.,-0.0871557427476582,0.996194698091746));
#6286=DIRECTION('ref_axis',(1.,0.,0.));
#6287=DIRECTION('center_axis',(-0.142857142857141,-0.985977046471796,-0.086261814063055));
#6288=DIRECTION('ref_axis',(0.989743318610787,-0.142313528298819,-0.0124508203925222));
#6289=DIRECTION('center_axis',(0.,0.0871557427476582,-0.996194698091746));
#6290=DIRECTION('ref_axis',(0.,-0.996194698091746,-0.0871557427476582));
#6291=DIRECTION('center_axis',(0.,-0.0871557427476582,0.996194698091746));
#6292=DIRECTION('ref_axis',(0.,-0.996194698091745,-0.0871557427476582));
#6293=DIRECTION('center_axis',(0.,-0.0871557427476582,0.996194698091746));
#6294=DIRECTION('ref_axis',(1.,0.,0.));
#6295=DIRECTION('center_axis',(0.,-0.0871557427476582,0.996194698091746));
#6296=DIRECTION('ref_axis',(-0.654653670707978,0.753052408157664,0.0658835487546927));
#6297=DIRECTION('center_axis',(0.,0.0871557427476582,-0.996194698091746));
#6298=DIRECTION('ref_axis',(-0.654653670707979,0.753052408157664,0.0658835487546927));
#6299=DIRECTION('center_axis',(0.,-0.0871557427476582,0.996194698091746));
#6300=DIRECTION('ref_axis',(0.,-0.996194698091746,-0.0871557427476582));
#6301=DIRECTION('',(0.,0.0871557427476582,-0.996194698091746));
#6302=DIRECTION('center_axis',(0.,0.0871557427476582,-0.996194698091746));
#6303=DIRECTION('ref_axis',(1.,0.,0.));
#6304=DIRECTION('',(0.,-0.0871557427476582,0.996194698091746));
#6305=DIRECTION('center_axis',(0.,0.0871557427476582,-0.996194698091746));
#6306=DIRECTION('ref_axis',(0.,-0.996194698091746,-0.0871557427476582));
#6307=DIRECTION('center_axis',(0.,-0.0871557427476582,0.996194698091746));
#6308=DIRECTION('ref_axis',(0.70710678118655,-0.704416026402756,-0.0616284167162168));
#6309=DIRECTION('center_axis',(0.,-0.0871557427476582,0.996194698091746));
#6310=DIRECTION('ref_axis',(0.70710678118655,-0.704416026402756,-0.0616284167162168));
#6311=DIRECTION('',(0.,-0.0871557427476582,0.996194698091746));
#6312=DIRECTION('center_axis',(-2.21199658166189E-15,-0.0871557427476579,
0.996194698091746));
#6313=DIRECTION('ref_axis',(0.,-0.996194698091746,-0.0871557427476579));
#6314=DIRECTION('',(0.,0.0871557427476582,-0.996194698091746));
#6315=DIRECTION('center_axis',(0.447213595499958,0.891023625503209,0.0779544661653009));
#6316=DIRECTION('ref_axis',(-0.894427190999916,0.445511812751605,0.0389772330826485));
#6317=DIRECTION('center_axis',(-0.894427190999914,-0.445511812751609,-0.0389772330826507));
#6318=DIRECTION('ref_axis',(-0.447213595499962,0.891023625503207,0.0779544661652984));
#6319=DIRECTION('center_axis',(-1.,0.,0.));
#6320=DIRECTION('ref_axis',(0.,0.642787609686536,0.766044443118981));
#6321=DIRECTION('',(-1.,0.,0.));
#6322=DIRECTION('center_axis',(-0.447213595499958,0.891023625503209,0.0779544661653005));
#6323=DIRECTION('ref_axis',(0.894427190999916,0.445511812751605,0.0389772330826485));
#6324=DIRECTION('center_axis',(0.,-0.996194698091746,-0.0871557427476582));
#6325=DIRECTION('ref_axis',(1.,0.,0.));
#6326=DIRECTION('',(1.,0.,0.));
#6327=DIRECTION('',(0.,0.0871557427476582,-0.996194698091746));
#6328=DIRECTION('center_axis',(0.,-0.0871557427476582,0.996194698091746));
#6329=DIRECTION('ref_axis',(-0.70710678118655,-0.704416026402756,-0.0616284167162168));
#6330=DIRECTION('center_axis',(0.,-0.0871557427476582,0.996194698091746));
#6331=DIRECTION('ref_axis',(-0.70710678118655,-0.704416026402756,-0.0616284167162168));
#6332=DIRECTION('',(0.,-0.0871557427476582,0.996194698091746));
#6333=DIRECTION('center_axis',(0.,-0.0871557427476593,0.996194698091745));
#6334=DIRECTION('ref_axis',(-1.,0.,0.));
#6335=DIRECTION('center_axis',(0.894427190999916,-0.445511812751604,-0.0389772330826504));
#6336=DIRECTION('ref_axis',(0.447213595499957,0.89102362550321,0.0779544661652989));
#6337=DIRECTION('center_axis',(0.,-0.996194698091746,-0.0871557427476582));
#6338=DIRECTION('ref_axis',(0.707106781186552,-0.061628416716219,0.704416026402754));
#6339=DIRECTION('',(0.,0.996194698091746,0.0871557427476582));
#6340=DIRECTION('center_axis',(0.894427190999917,0.445511812751602,0.0389772330826496));
#6341=DIRECTION('ref_axis',(0.447213595499955,-0.891023625503211,-0.0779544661652996));
#6342=DIRECTION('center_axis',(-1.,0.,0.));
#6343=DIRECTION('ref_axis',(0.,-0.996194698091746,-0.0871557427476582));
#6344=DIRECTION('',(0.,-0.996194698091746,-0.0871557427476582));
#6345=DIRECTION('',(0.,0.0871557427476582,-0.996194698091746));
#6346=DIRECTION('center_axis',(0.,-0.0871557427476582,0.996194698091746));
#6347=DIRECTION('ref_axis',(-0.707106781186552,0.704416026402754,0.0616284167162201));
#6348=DIRECTION('center_axis',(0.,-0.0871557427476582,0.996194698091746));
#6349=DIRECTION('ref_axis',(-0.707106781186552,0.704416026402754,0.0616284167162201));
#6350=DIRECTION('',(0.,-0.0871557427476582,0.996194698091746));
#6351=DIRECTION('center_axis',(0.,-0.0871557427476576,0.996194698091746));
#6352=DIRECTION('ref_axis',(0.,0.996194698091746,0.0871557427476576));
#6353=DIRECTION('center_axis',(-0.447213595499959,-0.891023625503209,-0.0779544661652999));
#6354=DIRECTION('ref_axis',(0.894427190999915,-0.445511812751606,-0.0389772330826505));
#6355=DIRECTION('center_axis',(0.,0.996194698091746,0.0871557427476582));
#6356=DIRECTION('ref_axis',(-1.,0.,0.));
#6357=DIRECTION('',(-1.,0.,0.));
#6358=DIRECTION('',(0.,0.0871557427476582,-0.996194698091746));
#6359=DIRECTION('',(1.,0.,0.));
#6360=DIRECTION('center_axis',(0.,-0.0871557427476582,0.996194698091746));
#6361=DIRECTION('ref_axis',(-1.,0.,0.));
#6362=DIRECTION('',(0.,0.996194698091746,0.0871557427476582));
#6363=DIRECTION('center_axis',(0.,-0.0871557427476582,0.996194698091746));
#6364=DIRECTION('ref_axis',(0.70710678118655,0.704416026402756,0.0616284167162168));
#6365=DIRECTION('center_axis',(2.21199658166197E-15,0.0871557427476594,
-0.996194698091746));
#6366=DIRECTION('ref_axis',(0.,0.996194698091745,0.0871557427476594));
#6367=DIRECTION('center_axis',(-0.894427190999914,0.445511812751607,0.0389772330826526));
#6368=DIRECTION('ref_axis',(-0.447213595499961,-0.891023625503208,-0.0779544661652992));
#6369=DIRECTION('center_axis',(0.447213595499959,-0.891023625503209,-0.0779544661653015));
#6370=DIRECTION('ref_axis',(-0.894427190999915,-0.445511812751606,-0.0389772330826505));
#6371=DIRECTION('center_axis',(0.,-0.0871557427476582,0.996194698091746));
#6372=DIRECTION('ref_axis',(0.70710678118655,0.704416026402756,0.0616284167162168));
#6373=DIRECTION('',(0.,-0.0871557427476582,0.996194698091746));
#6374=DIRECTION('center_axis',(1.,0.,0.));
#6375=DIRECTION('ref_axis',(0.,-0.766044443118978,0.642787609686539));
#6376=DIRECTION('',(-1.,0.,0.));
#6377=DIRECTION('center_axis',(0.,-0.996194698091746,-0.0871557427476582));
#6378=DIRECTION('ref_axis',(-0.707106781186551,-0.0616284167162191,0.704416026402756));
#6379=DIRECTION('',(0.,-0.996194698091746,-0.0871557427476582));
#6380=DIRECTION('center_axis',(8.2021980106942E-51,0.996194698091746,0.0871557427476582));
#6381=DIRECTION('ref_axis',(0.707106781186549,-0.0616284167162192,0.704416026402757));
#6382=DIRECTION('',(8.2021980106942E-51,0.996194698091746,0.0871557427476582));
#6383=DIRECTION('center_axis',(8.23302205877016E-18,0.996194698091746,0.0871557427476582));
#6384=DIRECTION('ref_axis',(0.707106781186549,-0.0616284167162192,0.704416026402757));
#6385=DIRECTION('',(-8.2021980106942E-51,-0.996194698091746,-0.0871557427476582));
#6386=DIRECTION('center_axis',(2.27648254260678E-15,-0.0871557427476582,
0.996194698091746));
#6387=DIRECTION('ref_axis',(-1.,-1.90206833928752E-16,2.26853739439588E-15));
#6388=DIRECTION('',(-6.97296693007856E-31,-0.996194698091746,-0.0871557427476582));
#6389=DIRECTION('',(-1.,-1.90206833928752E-16,2.26853739439588E-15));
#6390=DIRECTION('center_axis',(-6.97296693007856E-31,-0.996194698091746,
-0.0871557427476582));
#6391=DIRECTION('ref_axis',(-0.707106781186559,-0.0616284167162184,0.704416026402747));
#6392=DIRECTION('center_axis',(8.23302205877016E-18,0.996194698091746,0.0871557427476582));
#6393=DIRECTION('ref_axis',(-0.707106781186559,-0.0616284167162184,0.704416026402747));
#6394=DIRECTION('',(6.97296693007856E-31,0.996194698091746,0.0871557427476582));
#6395=DIRECTION('center_axis',(-1.,2.76463749505021E-15,-3.1599951166599E-14));
#6396=DIRECTION('ref_axis',(3.17206578464331E-14,0.087155742747656,-0.996194698091746));
#6397=DIRECTION('',(0.,-0.996194698091746,-0.0871557427476582));
#6398=DIRECTION('',(3.17206578464331E-14,0.0871557427476582,-0.996194698091746));
#6399=DIRECTION('center_axis',(1.,1.60040541665048E-34,-1.82927176179376E-33));
#6400=DIRECTION('ref_axis',(1.83625928274644E-33,-0.087155742747658,0.996194698091746));
#6401=DIRECTION('',(1.83625928274644E-33,-0.0871557427476582,0.996194698091746));
#6402=DIRECTION('',(0.,-0.996194698091746,-0.0871557427476582));
#6403=DIRECTION('center_axis',(1.,0.,0.));
#6404=DIRECTION('ref_axis',(0.,0.996194698091746,0.0871557427476582));
#6405=DIRECTION('center_axis',(2.1013685008678E-15,-0.0871557427476582,
0.996194698091746));
#6406=DIRECTION('ref_axis',(1.,1.74944639555447E-16,-2.09408971445409E-15));
#6407=DIRECTION('center_axis',(0.,-0.0871557427476582,0.996194698091746));
#6408=DIRECTION('ref_axis',(1.,0.,0.));
#6409=DIRECTION('center_axis',(0.,-0.707106781186553,-0.707106781186542));
#6410=DIRECTION('ref_axis',(-1.,0.,0.));
#6411=DIRECTION('',(0.,0.707106781186542,-0.707106781186553));
#6412=DIRECTION('',(1.,0.,0.));
#6413=DIRECTION('',(0.,-0.707106781186542,0.707106781186553));
#6414=DIRECTION('',(-1.,0.,0.));
#6415=DIRECTION('center_axis',(0.,-6.75848266240564E-15,-1.));
#6416=DIRECTION('ref_axis',(-1.,1.18423789293348E-14,-9.25394523432329E-30));
#6417=DIRECTION('',(-7.85046229341734E-15,-0.707106781186507,-0.707106781186588));
#6418=DIRECTION('center_axis',(0.,2.77555756156289E-17,-1.));
#6419=DIRECTION('ref_axis',(-1.,1.18423789293348E-14,4.22604056368394E-31));
#6420=DIRECTION('center_axis',(0.,-2.77555756156289E-17,1.));
#6421=DIRECTION('ref_axis',(-1.,1.18423789293348E-14,-2.02145606962881E-29));
#6422=DIRECTION('center_axis',(-1.04672830578918E-15,0.707106781186544,
-0.707106781186551));
#6423=DIRECTION('ref_axis',(-1.,-1.19090196091775E-16,1.36120717007509E-15));
#6424=DIRECTION('',(0.,-0.707106781186559,-0.707106781186536));
#6425=DIRECTION('',(-1.,-1.48029736616688E-15,-4.93038065763132E-32));
#6426=DIRECTION('',(1.,1.48029736616688E-15,4.93038065763132E-32));
#6427=DIRECTION('center_axis',(0.,-7.54951656745106E-15,-1.));
#6428=DIRECTION('ref_axis',(0.,1.,-7.8996638290636E-16));
#6429=DIRECTION('center_axis',(0.,2.77555756156289E-17,-1.));
#6430=DIRECTION('ref_axis',(0.,1.,1.98254111540206E-17));
#6431=DIRECTION('center_axis',(0.,-2.77555756156289E-17,1.));
#6432=DIRECTION('ref_axis',(0.,1.,-1.72315865280362E-15));
#6433=DIRECTION('center_axis',(0.,1.72084568816899E-15,1.));
#6434=DIRECTION('ref_axis',(-1.,1.18423789293348E-14,-2.02145606962881E-29));
#6435=DIRECTION('',(0.,1.70696790036118E-15,1.));
#6436=DIRECTION('center_axis',(0.,-4.02455846426619E-16,1.));
#6437=DIRECTION('ref_axis',(-1.,1.18423789293348E-14,4.93038065763125E-30));
#6438=DIRECTION('',(0.,1.70696790036118E-15,1.));
#6439=DIRECTION('center_axis',(0.,1.,-1.72084568816899E-15));
#6440=DIRECTION('ref_axis',(-1.,0.,0.));
#6441=DIRECTION('',(0.,1.70696790036118E-15,1.));
#6442=DIRECTION('',(-1.,0.,0.));
#6443=DIRECTION('center_axis',(0.,-2.77555756156289E-17,1.));
#6444=DIRECTION('ref_axis',(1.,0.,0.));
#6445=DIRECTION('',(-2.79292497684586E-17,-1.,-2.77555756156289E-17));
#6446=DIRECTION('',(-1.,8.26447086552546E-18,1.92592994438724E-34));
#6447=DIRECTION('',(0.,1.,2.77555756156289E-17));
#6448=DIRECTION('',(1.,0.,0.));
#6449=DIRECTION('',(1.,0.,0.));
#6450=DIRECTION('center_axis',(0.,2.77555756156289E-17,-1.));
#6451=DIRECTION('ref_axis',(-1.18423789293348E-14,-1.,-2.97381167310306E-17));
#6452=DIRECTION('',(-1.,-1.48029736616688E-15,-4.93038065763132E-32));
#6453=DIRECTION('center_axis',(0.,2.77555756156289E-17,-1.));
#6454=DIRECTION('ref_axis',(0.,1.,2.9738116731031E-17));
#6455=DIRECTION('',(1.,0.,0.));
#6456=DIRECTION('center_axis',(0.,2.77555756156289E-17,-1.));
#6457=DIRECTION('ref_axis',(-1.18423789293348E-14,-1.,-1.98254111540204E-17));
#6458=DIRECTION('',(-1.,-1.48029736616688E-15,-4.93038065763132E-32));
#6459=DIRECTION('center_axis',(0.,2.77555756156289E-17,-1.));
#6460=DIRECTION('ref_axis',(1.,-5.92118946466749E-15,-2.11302028184199E-31));
#6461=DIRECTION('',(1.,0.,0.));
#6462=DIRECTION('center_axis',(0.,2.77555756156289E-17,-1.));
#6463=DIRECTION('ref_axis',(-1.18423789293348E-14,-1.,-2.97381167310306E-17));
#6464=DIRECTION('',(-1.,-1.48029736616688E-15,-4.93038065763132E-32));
#6465=DIRECTION('center_axis',(0.,2.77555756156289E-17,-1.));
#6466=DIRECTION('ref_axis',(0.,1.,1.98254111540206E-17));
#6467=DIRECTION('center_axis',(0.,-0.707106781186545,-0.70710678118655));
#6468=DIRECTION('ref_axis',(-1.,0.,0.));
#6469=DIRECTION('',(0.,0.707106781186543,-0.707106781186552));
#6470=DIRECTION('',(0.,-0.70710678118655,0.707106781186545));
#6471=DIRECTION('',(-1.,0.,0.));
#6472=DIRECTION('center_axis',(0.,-4.71844785465692E-16,-1.));
#6473=DIRECTION('ref_axis',(-1.18423789293348E-14,-1.,-1.60128320859395E-16));
#6474=DIRECTION('',(-9.42055475210246E-15,-0.707106781186533,-0.707106781186562));
#6475=DIRECTION('center_axis',(0.,-2.77555756156289E-17,1.));
#6476=DIRECTION('ref_axis',(-1.18423789293348E-14,-1.,-3.00685402502642E-16));
#6477=DIRECTION('center_axis',(-1.04672830578919E-15,0.70710678118655,-0.707106781186546));
#6478=DIRECTION('ref_axis',(-1.,-1.19090196091777E-16,1.36120717007511E-15));
#6479=DIRECTION('',(0.,-0.707106781186549,-0.707106781186546));
#6480=DIRECTION('',(1.,1.48029736616688E-15,4.93038065763132E-32));
#6481=DIRECTION('center_axis',(0.,4.16333634234434E-16,-1.));
#6482=DIRECTION('ref_axis',(0.,1.,1.70803542250024E-16));
#6483=DIRECTION('center_axis',(0.,-2.77555756156289E-17,1.));
#6484=DIRECTION('ref_axis',(0.,1.,3.12250225675825E-16));
#6485=DIRECTION('center_axis',(0.,-3.05311331771918E-16,1.));
#6486=DIRECTION('ref_axis',(-1.18423789293348E-14,-1.,-3.12250225675821E-16));
#6487=DIRECTION('',(0.,-3.05311331771918E-16,1.));
#6488=DIRECTION('center_axis',(0.,-4.02455846426619E-16,1.));
#6489=DIRECTION('ref_axis',(-1.18423789293348E-14,-1.,-4.04768811061249E-16));
#6490=DIRECTION('',(0.,-3.05311331771918E-16,1.));
#6491=DIRECTION('center_axis',(0.,1.,3.05311331771918E-16));
#6492=DIRECTION('ref_axis',(-1.,0.,0.));
#6493=DIRECTION('',(0.,-3.05311331771918E-16,1.));
#6494=DIRECTION('',(-1.,0.,0.));
#6495=DIRECTION('center_axis',(0.,-0.707106781186545,-0.70710678118655));
#6496=DIRECTION('ref_axis',(-1.,0.,0.));
#6497=DIRECTION('',(0.,0.707106781186543,-0.707106781186552));
#6498=DIRECTION('',(0.,-0.70710678118655,0.707106781186545));
#6499=DIRECTION('',(-1.,0.,0.));
#6500=DIRECTION('center_axis',(0.,-1.2490009027033E-16,-1.));
#6501=DIRECTION('ref_axis',(-1.18423789293348E-14,-1.,3.20256641718791E-17));
#6502=DIRECTION('',(0.,-0.70710678118656,-0.707106781186535));
#6503=DIRECTION('center_axis',(0.,-2.77555756156289E-17,1.));
#6504=DIRECTION('ref_axis',(-1.18423789293348E-14,-1.,1.15648231731785E-16));
#6505=DIRECTION('center_axis',(-1.04672830578918E-15,0.707106781186543,
-0.707106781186552));
#6506=DIRECTION('ref_axis',(-1.,-1.19090196091775E-16,1.36120717007509E-15));
#6507=DIRECTION('',(0.,-0.707106781186552,-0.707106781186543));
#6508=DIRECTION('',(1.,1.48029736616688E-15,4.93038065763132E-32));
#6509=DIRECTION('center_axis',(0.,2.08166817117217E-16,-1.));
#6510=DIRECTION('ref_axis',(0.,1.,-3.20256641718795E-17));
#6511=DIRECTION('center_axis',(0.,-2.77555756156289E-17,1.));
#6512=DIRECTION('ref_axis',(0.,1.,-1.04083408558608E-16));
#6513=DIRECTION('center_axis',(0.,1.11022302462516E-16,1.));
#6514=DIRECTION('ref_axis',(-1.18423789293348E-14,-1.,1.04083408558607E-16));
#6515=DIRECTION('',(0.,1.11022302462516E-16,1.));
#6516=DIRECTION('center_axis',(0.,-4.02455846426619E-16,1.));
#6517=DIRECTION('ref_axis',(-1.18423789293348E-14,-1.,-4.04768811061249E-16));
#6518=DIRECTION('',(0.,1.11022302462516E-16,1.));
#6519=DIRECTION('center_axis',(0.,1.,-1.11022302462516E-16));
#6520=DIRECTION('ref_axis',(-1.,0.,0.));
#6521=DIRECTION('',(0.,1.11022302462516E-16,1.));
#6522=DIRECTION('',(-1.,0.,0.));
#6523=DIRECTION('center_axis',(0.,-0.707106781186556,-0.707106781186539));
#6524=DIRECTION('ref_axis',(-1.,0.,0.));
#6525=DIRECTION('',(0.,0.707106781186539,-0.707106781186556));
#6526=DIRECTION('',(0.,-0.707106781186539,0.707106781186556));
#6527=DIRECTION('',(-1.,0.,0.));
#6528=DIRECTION('center_axis',(0.,-6.75848266240564E-15,-1.));
#6529=DIRECTION('ref_axis',(-1.18423789293348E-14,-1.,7.8996638290635E-16));
#6530=DIRECTION('',(0.,-0.707106781186467,-0.707106781186628));
#6531=DIRECTION('center_axis',(0.,-2.77555756156289E-17,1.));
#6532=DIRECTION('ref_axis',(-1.18423789293348E-14,-1.,1.7231586528036E-15));
#6533=DIRECTION('center_axis',(-1.04672830578918E-15,0.707106781186542,
-0.707106781186553));
#6534=DIRECTION('ref_axis',(-1.,-1.19090196091774E-16,1.36120717007509E-15));
#6535=DIRECTION('',(0.,-0.707106781186553,-0.707106781186542));
#6536=DIRECTION('',(1.,1.48029736616688E-15,4.93038065763132E-32));
#6537=DIRECTION('center_axis',(0.,-7.54951656745106E-15,-1.));
#6538=DIRECTION('ref_axis',(1.,-5.92118946466749E-15,4.62697261716169E-30));
#6539=DIRECTION('center_axis',(0.,-2.77555756156289E-17,1.));
#6540=DIRECTION('ref_axis',(1.,-5.92118946466749E-15,1.01072803481442E-29));
#6541=DIRECTION('center_axis',(0.,1.72084568816899E-15,1.));
#6542=DIRECTION('ref_axis',(-1.18423789293348E-14,-1.,1.71159382963043E-15));
#6543=DIRECTION('',(0.,1.70696790036118E-15,1.));
#6544=DIRECTION('center_axis',(0.,-4.02455846426619E-16,1.));
#6545=DIRECTION('ref_axis',(-1.18423789293348E-14,-1.,-3.93203987888071E-16));
#6546=DIRECTION('',(0.,1.70696790036118E-15,1.));
#6547=DIRECTION('center_axis',(0.,1.,-1.72084568816899E-15));
#6548=DIRECTION('ref_axis',(-1.,0.,0.));
#6549=DIRECTION('',(0.,1.70696790036118E-15,1.));
#6550=DIRECTION('',(-1.,0.,0.));
#6551=DIRECTION('center_axis',(0.,-3.05311331771918E-16,1.));
#6552=DIRECTION('ref_axis',(0.,1.,3.23815048849004E-16));
#6553=DIRECTION('',(0.,-3.05311331771918E-16,1.));
#6554=DIRECTION('center_axis',(0.,-4.02455846426619E-16,1.));
#6555=DIRECTION('ref_axis',(0.,1.,4.04768811061255E-16));
#6556=DIRECTION('center_axis',(1.48029736616688E-15,-1.,-3.05311331771918E-16));
#6557=DIRECTION('ref_axis',(1.,1.48029736616688E-15,5.91645678915759E-31));
#6558=DIRECTION('',(1.,1.48029736616688E-15,5.91645678915759E-31));
#6559=DIRECTION('center_axis',(0.,4.02455846426619E-16,-1.));
#6560=DIRECTION('ref_axis',(1.,0.,0.));
#6561=DIRECTION('center_axis',(0.,-0.0871557427476582,0.996194698091746));
#6562=DIRECTION('ref_axis',(1.,0.,0.));
#6563=DIRECTION('',(0.923879532511287,0.0333530587850025,-0.381227206369653));
#6564=DIRECTION('center_axis',(0.,-0.0871557427476582,0.996194698091746));
#6565=DIRECTION('ref_axis',(1.,0.,0.));
#6566=DIRECTION('',(0.923879532511287,0.0333530587850025,-0.381227206369653));
#6567=DIRECTION('center_axis',(0.,-0.0871557427476582,0.996194698091746));
#6568=DIRECTION('ref_axis',(1.,0.,0.));
#6569=DIRECTION('',(0.923879532511287,0.0333530587850025,-0.381227206369653));
#6570=DIRECTION('center_axis',(0.,-0.0871557427476582,0.996194698091746));
#6571=DIRECTION('ref_axis',(1.,0.,0.));
#6572=DIRECTION('center_axis',(0.,0.0871557427476582,-0.996194698091746));
#6573=DIRECTION('ref_axis',(1.,0.,0.));
#6574=DIRECTION('',(0.923879532511287,0.0333530587850025,-0.381227206369653));
#6575=DIRECTION('center_axis',(0.,-0.0871557427476582,0.996194698091746));
#6576=DIRECTION('ref_axis',(1.,0.,0.));
#6577=DIRECTION('center_axis',(0.,0.0871557427476582,-0.996194698091746));
#6578=DIRECTION('ref_axis',(1.,0.,0.));
#6579=DIRECTION('',(0.923879532511287,0.0333530587850025,-0.381227206369653));
#6580=DIRECTION('center_axis',(0.,-0.0871557427476582,0.996194698091746));
#6581=DIRECTION('ref_axis',(1.,0.,0.));
#6582=DIRECTION('',(0.923879532511287,0.0333530587850025,-0.381227206369653));
#6583=DIRECTION('center_axis',(0.,-0.0871557427476582,0.996194698091746));
#6584=DIRECTION('ref_axis',(1.,0.,0.));
#6585=DIRECTION('',(0.923879532511287,0.0333530587850025,-0.381227206369653));
#6586=DIRECTION('center_axis',(0.,-0.0871557427476582,0.996194698091746));
#6587=DIRECTION('ref_axis',(1.,0.,0.));
#6588=DIRECTION('',(0.923879532511287,0.0333530587850025,-0.381227206369653));
#6589=DIRECTION('center_axis',(0.,0.0871557427476582,-0.996194698091746));
#6590=DIRECTION('ref_axis',(1.,0.,0.));
#6591=DIRECTION('center_axis',(0.,0.0871557427476582,-0.996194698091746));
#6592=DIRECTION('ref_axis',(1.,0.,0.));
#6593=DIRECTION('',(0.,0.0871557427476582,-0.996194698091746));
#6594=DIRECTION('center_axis',(0.,0.0871557427476582,-0.996194698091746));
#6595=DIRECTION('ref_axis',(1.,0.,0.));
#6596=DIRECTION('center_axis',(0.,0.0871557427476582,-0.996194698091746));
#6597=DIRECTION('ref_axis',(1.,0.,0.));
#6598=DIRECTION('',(0.,0.0871557427476582,-0.996194698091746));
#6599=DIRECTION('center_axis',(0.,-0.0871557427476582,0.996194698091746));
#6600=DIRECTION('ref_axis',(1.,0.,0.));
#6601=DIRECTION('center_axis',(0.,-0.0871557427476582,0.996194698091746));
#6602=DIRECTION('ref_axis',(1.,0.,0.));
#6603=DIRECTION('',(-1.,8.60071574886776E-16,7.52465126234808E-17));
#6604=DIRECTION('center_axis',(0.,0.0871557427476582,-0.996194698091746));
#6605=DIRECTION('ref_axis',(0.,-0.996194698091746,-0.0871557427476582));
#6606=DIRECTION('',(1.31217495061884E-15,-0.996194698091746,-0.0871557427476582));
#6607=DIRECTION('center_axis',(0.,0.0871557427476582,-0.996194698091746));
#6608=DIRECTION('ref_axis',(0.707106781186548,-0.704416026402759,-0.0616284167162194));
#6609=DIRECTION('center_axis',(0.,-0.0871557427476582,0.996194698091746));
#6610=DIRECTION('ref_axis',(1.,0.,0.));
#6611=DIRECTION('',(1.31217495061884E-15,-0.996194698091746,-0.0871557427476582));
#6612=DIRECTION('center_axis',(0.,0.0871557427476582,-0.996194698091746));
#6613=DIRECTION('ref_axis',(1.,-1.61752250034029E-14,-1.41514881777883E-15));
#6614=DIRECTION('center_axis',(0.,0.0871557427476582,-0.996194698091746));
#6615=DIRECTION('ref_axis',(0.707106781186547,0.704416026402759,0.0616284167162194));
#6616=DIRECTION('center_axis',(0.,-0.0871557427476582,0.996194698091746));
#6617=DIRECTION('ref_axis',(1.,0.,0.));
#6618=DIRECTION('center_axis',(0.,-0.0871557427476582,0.996194698091746));
#6619=DIRECTION('ref_axis',(1.,0.,0.));
#6620=DIRECTION('center_axis',(0.,0.0871557427476582,-0.996194698091746));
#6621=DIRECTION('ref_axis',(0.,0.996194698091746,0.0871557427476582));
#6622=DIRECTION('center_axis',(0.,-0.0871557427476582,0.996194698091746));
#6623=DIRECTION('ref_axis',(1.,0.,0.));
#6624=DIRECTION('center_axis',(0.,0.0871557427476582,-0.996194698091746));
#6625=DIRECTION('ref_axis',(-1.,0.,0.));
#6626=DIRECTION('center_axis',(0.,-0.0871557427476582,0.996194698091746));
#6627=DIRECTION('ref_axis',(1.,0.,0.));
#6628=DIRECTION('center_axis',(0.,0.0871557427476582,-0.996194698091746));
#6629=DIRECTION('ref_axis',(-1.,-4.42399316332386E-15,-3.8704924930703E-16));
#6630=DIRECTION('center_axis',(0.,-0.0871557427476582,0.996194698091746));
#6631=DIRECTION('ref_axis',(1.,0.,0.));
#6632=DIRECTION('center_axis',(0.,0.0871557427476582,-0.996194698091746));
#6633=DIRECTION('ref_axis',(0.,-0.996194698091746,-0.0871557427476582));
#6634=DIRECTION('',(2.3606070955485E-15,-0.996194698091746,-0.0871557427476582));
#6635=DIRECTION('center_axis',(0.,0.0871557427476582,-0.996194698091746));
#6636=DIRECTION('ref_axis',(0.707106781186549,-0.704416026402757,-0.0616284167162193));
#6637=DIRECTION('center_axis',(0.,-0.0871557427476582,0.996194698091746));
#6638=DIRECTION('ref_axis',(0.,-0.996194698091746,-0.0871557427476582));
#6639=DIRECTION('center_axis',(0.,0.0871557427476582,-0.996194698091746));
#6640=DIRECTION('ref_axis',(0.707106781186547,0.704416026402759,0.0616284167162194));
#6641=DIRECTION('',(0.,-0.0871557427476582,0.996194698091746));
#6642=DIRECTION('center_axis',(0.,0.0871557427476582,-0.996194698091746));
#6643=DIRECTION('ref_axis',(0.707106781186548,-0.704416026402759,-0.0616284167162194));
#6644=DIRECTION('',(0.,-0.0871557427476582,0.996194698091746));
#6645=DIRECTION('',(0.,0.0871557427476582,-0.996194698091746));
#6646=DIRECTION('center_axis',(0.,0.0871557427476582,-0.996194698091746));
#6647=DIRECTION('ref_axis',(0.707106781186549,-0.704416026402757,-0.0616284167162193));
#6648=DIRECTION('',(0.,0.0871557427476582,-0.996194698091746));
#6649=DIRECTION('center_axis',(0.,0.0871557427476582,-0.996194698091746));
#6650=DIRECTION('ref_axis',(-1.,-4.42399316332386E-15,-3.8704924930703E-16));
#6651=DIRECTION('center_axis',(0.,0.0871557427476582,-0.996194698091746));
#6652=DIRECTION('ref_axis',(0.,-0.996194698091746,-0.0871557427476582));
#6653=DIRECTION('',(0.,-0.0871557427476582,0.996194698091746));
#6654=DIRECTION('center_axis',(0.,0.0871557427476582,-0.996194698091746));
#6655=DIRECTION('ref_axis',(0.,0.996194698091746,0.0871557427476582));
#6656=DIRECTION('',(0.,-0.0871557427476582,0.996194698091746));
#6657=DIRECTION('center_axis',(0.,-0.0871557427476582,0.996194698091746));
#6658=DIRECTION('ref_axis',(0.,0.996194698091746,0.0871557427476582));
#6659=DIRECTION('',(0.,-0.0871557427476582,0.996194698091746));
#6660=DIRECTION('center_axis',(-8.63356908578494E-16,0.996194698091746,
0.0871557427476582));
#6661=DIRECTION('ref_axis',(1.,8.60071574886776E-16,7.52465126234807E-17));
#6662=DIRECTION('',(-1.,-8.60071574886775E-16,-7.52465126234807E-17));
#6663=DIRECTION('',(0.,-0.0871557427476582,0.996194698091746));
#6664=DIRECTION('center_axis',(0.,0.0871557427476582,-0.996194698091746));
#6665=DIRECTION('ref_axis',(0.,-0.996194698091746,-0.0871557427476582));
#6666=DIRECTION('center_axis',(0.,0.0871557427476582,-0.996194698091746));
#6667=DIRECTION('ref_axis',(0.,-0.996194698091746,-0.0871557427476582));
#6668=DIRECTION('',(0.,-0.0871557427476582,0.996194698091746));
#6669=DIRECTION('center_axis',(-1.,-1.30718172877528E-15,-1.14363582436056E-16));
#6670=DIRECTION('ref_axis',(-1.31217495061884E-15,0.996194698091746,0.0871557427476582));
#6671=DIRECTION('',(1.31217495061884E-15,-0.996194698091746,-0.0871557427476582));
#6672=DIRECTION('',(0.,-0.0871557427476582,0.996194698091746));
#6673=DIRECTION('center_axis',(0.,0.0871557427476582,-0.996194698091746));
#6674=DIRECTION('ref_axis',(1.,-1.61752250034029E-14,-1.41514881777883E-15));
#6675=DIRECTION('center_axis',(0.,0.0871557427476582,-0.996194698091746));
#6676=DIRECTION('ref_axis',(1.,-1.61752250034029E-14,-1.41514881777883E-15));
#6677=DIRECTION('center_axis',(0.,0.0871557427476582,-0.996194698091746));
#6678=DIRECTION('ref_axis',(0.,0.996194698091746,0.0871557427476582));
#6679=DIRECTION('center_axis',(0.,0.0871557427476582,-0.996194698091746));
#6680=DIRECTION('ref_axis',(0.,0.996194698091746,0.0871557427476582));
#6681=DIRECTION('center_axis',(0.,0.0871557427476582,-0.996194698091746));
#6682=DIRECTION('ref_axis',(-1.,0.,0.));
#6683=DIRECTION('center_axis',(0.,0.0871557427476582,-0.996194698091746));
#6684=DIRECTION('ref_axis',(-1.,0.,0.));
#6685=DIRECTION('center_axis',(-1.,-2.35162427286317E-15,-2.05740464747922E-16));
#6686=DIRECTION('ref_axis',(-2.3606070955485E-15,0.996194698091746,0.0871557427476582));
#6687=DIRECTION('',(2.3606070955485E-15,-0.996194698091746,-0.0871557427476582));
#6688=DIRECTION('',(0.832050294337836,0.108977672714394,-0.543889855156424));
#6689=DIRECTION('',(-0.83205029433784,-0.0483453076042919,0.552589394510029));
#6690=DIRECTION('',(-0.831454951523726,-0.133524910528594,0.539308596125642));
#6691=DIRECTION('',(3.11519462527535E-14,-0.952798719340781,0.303602701606174));
#6692=DIRECTION('',(0.,0.952798719340781,-0.303602701606175));
#6693=DIRECTION('',(-0.83145495152374,0.133524910528578,-0.539308596125622));
#6694=DIRECTION('',(0.832050294337841,-0.108977672714392,0.543889855156416));
#6695=DIRECTION('',(-0.832050294337841,0.0483453076042721,-0.552589394510029));
#6696=DIRECTION('center_axis',(0.,0.0871557427476582,-0.996194698091746));
#6697=DIRECTION('ref_axis',(0.,0.996194698091745,0.0871557427476582));
#6698=DIRECTION('',(-0.832050294337853,0.0483453076042803,-0.55258939451001));
#6699=DIRECTION('center_axis',(0.,0.0871557427476582,-0.996194698091746));
#6700=DIRECTION('ref_axis',(0.,0.996194698091746,0.0871557427476582));
#6701=DIRECTION('',(0.,0.877229399369321,-0.480071433103596));
#6702=DIRECTION('center_axis',(-4.78904246600901E-16,0.480071433103606,
0.877229399369316));
#6703=DIRECTION('ref_axis',(1.,-5.01643417489876E-17,5.73381049924522E-16));
#6704=DIRECTION('',(1.,8.60071574886775E-16,7.52465126234807E-17));
#6705=DIRECTION('',(0.,0.877229399369247,-0.48007143310373));
#6706=DIRECTION('center_axis',(0.,-0.0871557427476582,0.996194698091746));
#6707=DIRECTION('ref_axis',(0.,-0.996194698091746,-0.0871557427476582));
#6708=DIRECTION('center_axis',(0.,-0.0871557427476582,0.996194698091746));
#6709=DIRECTION('ref_axis',(0.,-0.996194698091745,-0.0871557427476582));
#6710=DIRECTION('',(-0.832050294337841,0.0483453076042819,-0.552589394510028));
#6711=DIRECTION('center_axis',(-0.554700196225233,-0.0725179614064229,0.828884091765034));
#6712=DIRECTION('ref_axis',(0.832050294337841,-0.0483453076042819,0.552589394510028));
#6713=DIRECTION('',(-1.31217495061884E-15,0.996194698091746,0.0871557427476582));
#6714=DIRECTION('',(-0.832050294337841,0.0483453076042782,-0.552589394510028));
#6715=DIRECTION('center_axis',(0.,-0.0871557427476582,0.996194698091746));
#6716=DIRECTION('ref_axis',(1.,-1.61752250034029E-14,-1.41514881777883E-15));
#6717=DIRECTION('center_axis',(0.,-0.0871557427476582,0.996194698091746));
#6718=DIRECTION('ref_axis',(1.,-1.61752250034029E-14,-1.41514881777883E-15));
#6719=DIRECTION('',(0.,-0.780538784160751,-0.625107355916452));
#6720=DIRECTION('center_axis',(2.71488464419988E-17,-0.625107355916446,
0.780538784160755));
#6721=DIRECTION('ref_axis',(1.,2.84379188673631E-18,-3.25046900035644E-17));
#6722=DIRECTION('',(-1.,-4.87570350053467E-17,-4.26568783010448E-18));
#6723=DIRECTION('',(0.,0.780538784160754,0.625107355916447));
#6724=DIRECTION('center_axis',(0.,-0.0871557427476582,0.996194698091746));
#6725=DIRECTION('ref_axis',(0.,0.996194698091746,0.0871557427476582));
#6726=DIRECTION('center_axis',(0.,-0.0871557427476582,0.996194698091746));
#6727=DIRECTION('ref_axis',(0.,0.996194698091745,0.0871557427476582));
#6728=DIRECTION('',(-0.832050294337845,-0.048345307604282,0.552589394510022));
#6729=DIRECTION('center_axis',(0.554700196225228,-0.0725179614064224,0.828884091765037));
#6730=DIRECTION('ref_axis',(0.832050294337844,0.0483453076042815,-0.552589394510023));
#6731=DIRECTION('',(1.20453559920089E-16,-0.996194698091746,-0.0871557427476582));
#6732=DIRECTION('',(-0.832050294337844,-0.0483453076042717,0.552589394510024));
#6733=DIRECTION('center_axis',(0.,-0.0871557427476582,0.996194698091746));
#6734=DIRECTION('ref_axis',(-1.,0.,0.));
#6735=DIRECTION('center_axis',(0.,-0.0871557427476582,0.996194698091746));
#6736=DIRECTION('ref_axis',(-1.,0.,0.));
#6737=DIRECTION('',(4.00296604248675E-15,-0.877229399369316,0.480071433103606));
#6738=DIRECTION('center_axis',(-4.78904246600901E-16,0.480071433103606,
0.877229399369316));
#6739=DIRECTION('ref_axis',(1.,-5.01643417489876E-17,5.73381049924522E-16));
#6740=DIRECTION('',(1.,8.60071574886775E-16,7.52465126234807E-17));
#6741=DIRECTION('',(-2.46336371845338E-15,-0.877229399369316,0.480071433103606));
#6742=DIRECTION('center_axis',(0.,0.0871557427476582,-0.996194698091746));
#6743=DIRECTION('ref_axis',(1.,4.42399316332383E-15,3.87049249307027E-16));
#6744=DIRECTION('center_axis',(0.,0.0871557427476582,-0.996194698091746));
#6745=DIRECTION('ref_axis',(1.,4.42399316332383E-15,3.87049249307026E-16));
#6746=DIRECTION('',(-0.832050294337842,-0.0483453076042818,0.552589394510027));
#6747=DIRECTION('center_axis',(0.554700196225232,-0.0725179614064223,0.828884091765035));
#6748=DIRECTION('ref_axis',(0.832050294337842,0.0483453076042818,-0.552589394510027));
#6749=DIRECTION('',(0.,-0.996194698091746,-0.0871557427476582));
#6750=DIRECTION('center_axis',(-0.554700196225215,-0.0725179614064245,0.828884091765046));
#6751=DIRECTION('ref_axis',(0.832050294337853,-0.0483453076042803,0.55258939451001));
#6752=DIRECTION('',(-2.3606070955485E-15,0.996194698091746,0.0871557427476582));
#6753=DIRECTION('center_axis',(0.,-0.0871557427476582,0.996194698091746));
#6754=DIRECTION('ref_axis',(1.,0.,0.));
#6755=DIRECTION('',(0.,-0.996194698091746,-0.0871557427476582));
#6756=DIRECTION('center_axis',(0.,0.0871557427476582,-0.996194698091746));
#6757=DIRECTION('ref_axis',(1.,7.74198803581667E-15,6.77336186287294E-16));
#6758=DIRECTION('',(1.,-8.20169292421923E-18,-7.17555152589968E-19));
#6759=DIRECTION('center_axis',(0.,0.0871557427476582,-0.996194698091746));
#6760=DIRECTION('ref_axis',(3.70074341541719E-16,0.996194698091746,0.0871557427476582));
#6761=DIRECTION('',(2.80359349652817E-17,0.996194698091746,0.0871557427476582));
#6762=DIRECTION('',(-0.707111557261593,0.0743439334504496,-0.703182924384686));
#6763=DIRECTION('',(1.56346840005484E-14,0.447082409591212,0.894492771929497));
#6764=DIRECTION('',(2.08462453340645E-14,0.447082409591219,0.894492771929494));
#6765=DIRECTION('',(-0.70711155726159,-0.074343933450406,0.703182924384694));
#6766=DIRECTION('',(0.70710678118654,0.0752767915542143,-0.703088475693717));
#6767=DIRECTION('',(-0.707106781186552,-0.0616284167162189,0.704416026402754));
#6768=DIRECTION('center_axis',(0.707106781186543,-0.0616284167162198,0.704416026402764));
#6769=DIRECTION('ref_axis',(0.707106781186552,0.0616284167162189,-0.704416026402754));
#6770=DIRECTION('',(-0.707106781186552,-0.0616284167162193,0.704416026402754));
#6771=DIRECTION('',(0.,0.996194698091746,0.0871557427476582));
#6772=DIRECTION('center_axis',(0.,0.0871557427476582,-0.996194698091746));
#6773=DIRECTION('ref_axis',(1.,7.74198803581667E-15,6.77336186287294E-16));
#6774=DIRECTION('',(0.,-0.766044443118978,0.642787609686539));
#6775=DIRECTION('center_axis',(0.,-0.0871557427476582,0.996194698091746));
#6776=DIRECTION('ref_axis',(1.,7.74198803581667E-15,6.77336186287294E-16));
#6777=DIRECTION('center_axis',(5.41572207134221E-15,0.0871557427476582,
-0.996194698091746));
#6778=DIRECTION('ref_axis',(1.,-4.11088079390001E-16,5.40044370317739E-15));
#6779=DIRECTION('',(0.,-0.996194698091746,-0.0871557427476582));
#6780=DIRECTION('',(1.,-4.80212972566936E-16,5.39439605865697E-15));
#6781=DIRECTION('',(0.,-0.996194698091746,-0.0871557427476582));
#6782=DIRECTION('center_axis',(0.,-0.996194698091746,-0.0871557427476582));
#6783=DIRECTION('ref_axis',(4.5102147458236E-48,0.0871557427476582,-0.996194698091746));
#6784=DIRECTION('center_axis',(-8.23302205877016E-18,-0.996194698091746,
-0.0871557427476582));
#6785=DIRECTION('ref_axis',(4.5102147458236E-48,0.0871557427476582,-0.996194698091746));
#6786=DIRECTION('center_axis',(0.,-0.996194698091746,-0.0871557427476582));
#6787=DIRECTION('ref_axis',(1.,0.,0.));
#6788=DIRECTION('center_axis',(-8.23302205877016E-18,-0.996194698091746,
-0.0871557427476582));
#6789=DIRECTION('ref_axis',(1.,0.,0.));
#6790=DIRECTION('center_axis',(5.82162572741481E-18,0.642787609686539,0.766044443118978));
#6791=DIRECTION('ref_axis',(1.,7.17555152589967E-19,-8.20169292421922E-18));
#6792=DIRECTION('',(0.,-0.766044443118978,0.642787609686539));
#6793=DIRECTION('',(-1.,8.20169292421923E-18,7.17555152589968E-19));
#6794=DIRECTION('center_axis',(0.,0.0871557427476582,-0.996194698091746));
#6795=DIRECTION('ref_axis',(3.70074341541719E-16,0.996194698091745,0.0871557427476582));
#6796=DIRECTION('',(-0.707106781186547,0.0616284167162222,-0.704416026402759));
#6797=DIRECTION('center_axis',(0.,-0.0871557427476582,0.996194698091746));
#6798=DIRECTION('ref_axis',(3.70074341541719E-16,0.996194698091746,0.0871557427476582));
#6799=DIRECTION('',(0.707106781186547,-0.0752767915542198,0.703088475693709));
#6800=DIRECTION('',(0.707106781186549,-0.0616284167162192,0.704416026402757));
#6801=DIRECTION('center_axis',(-0.707106781186549,-0.0616284167162193,0.704416026402757));
#6802=DIRECTION('ref_axis',(0.707106781186546,-0.0616284167162195,0.70441602640276));
#6803=DIRECTION('',(-2.80359349652817E-17,-0.996194698091746,-0.0871557427476582));
#6804=DIRECTION('center_axis',(0.,4.02455846426619E-16,-1.));
#6805=DIRECTION('ref_axis',(1.,0.,0.));
#6806=DIRECTION('center_axis',(0.,-4.02455846426619E-16,1.));
#6807=DIRECTION('ref_axis',(1.,-5.92118946466749E-15,-2.46519032881566E-30));
#6808=DIRECTION('',(1.,1.48029736616688E-15,5.91645678915759E-31));
#6809=DIRECTION('center_axis',(0.,4.02455846426619E-16,-1.));
#6810=DIRECTION('ref_axis',(1.,0.,0.));
#6811=DIRECTION('center_axis',(0.,-4.02455846426619E-16,1.));
#6812=DIRECTION('ref_axis',(0.,1.,4.04768811061255E-16));
#6813=DIRECTION('',(1.,1.48029736616688E-15,5.91645678915759E-31));
#6814=DIRECTION('center_axis',(0.,4.02455846426619E-16,-1.));
#6815=DIRECTION('ref_axis',(1.,0.,0.));
#6816=DIRECTION('center_axis',(0.,-4.02455846426619E-16,1.));
#6817=DIRECTION('ref_axis',(0.,1.,4.04768811061254E-16));
#6818=DIRECTION('',(1.,1.48029736616688E-15,5.91645678915759E-31));
#6819=DIRECTION('center_axis',(0.,0.0871557427476582,-0.996194698091746));
#6820=DIRECTION('ref_axis',(-0.707106781186547,-0.704416026402759,-0.0616284167162194));
#6821=DIRECTION('',(0.,0.0871557427476582,-0.996194698091746));
#6822=DIRECTION('',(0.,0.0871557427476582,-0.996194698091746));
#6823=DIRECTION('center_axis',(0.,-0.996194698091746,-0.0871557427476582));
#6824=DIRECTION('ref_axis',(-1.,0.,0.));
#6825=DIRECTION('',(-1.,0.,0.));
#6826=DIRECTION('',(0.,0.0871557427476582,-0.996194698091746));
#6827=DIRECTION('center_axis',(0.,0.0871557427476582,-0.996194698091746));
#6828=DIRECTION('ref_axis',(0.707106781186546,-0.70441602640276,-0.0616284167162195));
#6829=DIRECTION('',(0.,-0.0871557427476582,0.996194698091746));
#6830=DIRECTION('center_axis',(1.,0.,0.));
#6831=DIRECTION('ref_axis',(0.,-0.996194698091746,-0.0871557427476582));
#6832=DIRECTION('',(0.,-1.,-2.77555756156289E-17));
#6833=DIRECTION('',(0.,-0.0871557427476582,0.996194698091746));
#6834=DIRECTION('center_axis',(0.,0.0871557427476582,-0.996194698091746));
#6835=DIRECTION('ref_axis',(1.,7.74198803581667E-15,6.77336186287294E-16));
#6836=DIRECTION('',(0.,0.0871557427476582,-0.996194698091746));
#6837=DIRECTION('center_axis',(8.23302205877016E-18,0.996194698091746,0.0871557427476582));
#6838=DIRECTION('ref_axis',(1.,-8.20169292421923E-18,-7.17555152589968E-19));
#6839=DIRECTION('',(1.,-8.26447086552546E-18,-1.92592994438724E-34));
#6840=DIRECTION('',(0.,-0.0871557427476582,0.996194698091746));
#6841=DIRECTION('center_axis',(0.,0.0871557427476582,-0.996194698091746));
#6842=DIRECTION('ref_axis',(3.70074341541719E-16,0.996194698091746,0.0871557427476582));
#6843=DIRECTION('',(0.,0.0871557427476582,-0.996194698091746));
#6844=DIRECTION('center_axis',(-1.,2.79292497684586E-17,2.44349273552417E-18));
#6845=DIRECTION('ref_axis',(2.80359349652817E-17,0.996194698091746,0.0871557427476582));
#6846=DIRECTION('',(2.79292497684586E-17,1.,2.77555756156289E-17));
#6847=DIRECTION('center_axis',(0.,1.72084568816899E-15,1.));
#6848=DIRECTION('ref_axis',(1.,-5.92118946466749E-15,1.01072803481442E-29));
#6849=DIRECTION('',(0.,1.70696790036118E-15,1.));
#6850=DIRECTION('center_axis',(1.48029736616688E-15,-1.,1.72084568816899E-15));
#6851=DIRECTION('ref_axis',(1.,1.48029736616688E-15,5.91645678915759E-31));
#6852=DIRECTION('center_axis',(0.,1.11022302462516E-16,1.));
#6853=DIRECTION('ref_axis',(0.,1.,-9.25185853854296E-17));
#6854=DIRECTION('',(0.,1.11022302462516E-16,1.));
#6855=DIRECTION('center_axis',(1.48029736616688E-15,-1.,1.11022302462516E-16));
#6856=DIRECTION('ref_axis',(1.,1.48029736616688E-15,5.91645678915759E-31));
#6857=DIRECTION('center_axis',(0.,1.72084568816899E-15,1.));
#6858=DIRECTION('ref_axis',(0.,1.,-1.71159382963045E-15));
#6859=DIRECTION('',(0.,1.70696790036118E-15,1.));
#6860=DIRECTION('center_axis',(1.48029736616688E-15,-1.,1.72084568816899E-15));
#6861=DIRECTION('ref_axis',(1.,1.48029736616688E-15,5.91645678915759E-31));
#6862=DIRECTION('',(0.707200161571693,0.00511683487028625,-0.706994872310883));
#6863=DIRECTION('',(-0.707106781186545,9.15933995315754E-16,0.70710678118655));
#6864=DIRECTION('',(0.,0.737277336810126,-0.675590207615659));
#6865=DIRECTION('center_axis',(0.,-0.675590207615659,-0.737277336810126));
#6866=DIRECTION('ref_axis',(-1.,0.,0.));
#6867=DIRECTION('',(0.,-0.737277336810126,0.675590207615659));
#6868=DIRECTION('',(0.707200161558702,-0.00511683489698805,0.706994872323684));
#6869=DIRECTION('',(-0.707106781186553,-1.29757316003065E-15,-0.707106781186542));
#6870=DIRECTION('center_axis',(0.707106781186542,0.,-0.707106781186553));
#6871=DIRECTION('ref_axis',(-0.705757556807958,0.0617457854184486,-0.705757556807946));
#6872=DIRECTION('',(0.707106781186553,5.41233724504764E-16,0.707106781186542));
#6873=DIRECTION('',(-0.706882931102167,-1.29063426612674E-15,-0.707330560428721));
#6874=DIRECTION('',(0.,0.675590207615661,0.737277336810123));
#6875=DIRECTION('center_axis',(6.09320706987948E-18,0.737277336810125,-0.675590207615659));
#6876=DIRECTION('ref_axis',(-1.,7.20296096701255E-19,-8.23302205877019E-18));
#6877=DIRECTION('',(0.,0.675590207615659,0.737277336810126));
#6878=DIRECTION('',(-0.706882931102164,1.56125112837913E-15,0.707330560428724));
#6879=DIRECTION('',(0.707106781186548,2.35922392732846E-16,-0.707106781186547));
#6880=DIRECTION('center_axis',(-0.70710678118655,4.85722573273506E-17,-0.707106781186545));
#6881=DIRECTION('ref_axis',(-0.705757556807949,-0.0617457854184493,0.705757556807954));
#6882=CARTESIAN_POINT('',(0.,0.,0.));
#6883=CARTESIAN_POINT('Ctrl Pts',(114.991813233756,-0.831950986141913,-0.742641049847707));
#6884=CARTESIAN_POINT('Ctrl Pts',(114.996524337497,-0.831894046202032,-0.743291876338656));
#6885=CARTESIAN_POINT('Ctrl Pts',(115.001235690624,-0.831835821365497,-0.743942430834243));
#6886=CARTESIAN_POINT('Ctrl Pts',(115.676110505558,-0.823314641511859,-0.837183577074908));
#6887=CARTESIAN_POINT('Ctrl Pts',(116.686407553538,-0.771495424852964,-0.974114751568526));
#6888=CARTESIAN_POINT('Ctrl Pts',(118.351891824874,-0.590947377322521,-1.14912462590778));
#6889=CARTESIAN_POINT('Ctrl Pts',(119.349799006576,-0.423519759308974,-1.20881786644157));
#6890=CARTESIAN_POINT('Ctrl Pts',(119.991813233757,-0.290275765722033,-1.19716052751974));
#6891=CARTESIAN_POINT('Ctrl Pts',(114.991813233756,-0.831950986141908,-0.742641049847758));
#6892=CARTESIAN_POINT('Ctrl Pts',(114.996463125837,-0.831879070244403,-0.743509424846597));
#6893=CARTESIAN_POINT('Ctrl Pts',(115.001115830529,-0.831792149299409,-0.744375598420151));
#6894=CARTESIAN_POINT('Ctrl Pts',(115.667247839227,-0.820865115040383,-0.868714883313926));
#6895=CARTESIAN_POINT('Ctrl Pts',(116.66484756255,-0.736791681190571,-1.0496622119576));
#6896=CARTESIAN_POINT('Ctrl Pts',(118.302588338198,-0.456081159814025,-1.23971796473693));
#6897=CARTESIAN_POINT('Ctrl Pts',(119.276756387328,-0.21195096473268,-1.25559734144509));
#6898=CARTESIAN_POINT('Ctrl Pts',(119.891121161526,-0.0495343853320254,
-1.17609838589401));
#6899=CARTESIAN_POINT('Ctrl Pts',(114.991813233756,-0.831950986141904,-0.742641049847809));
#6900=CARTESIAN_POINT('Ctrl Pts',(114.996402469627,-0.83185723821607,-0.743726304636802));
#6901=CARTESIAN_POINT('Ctrl Pts',(115.000995325176,-0.831757272989315,-0.744809334623547));
#6902=CARTESIAN_POINT('Ctrl Pts',(115.658445624214,-0.817593589894524,-0.900257917288663));
#6903=CARTESIAN_POINT('Ctrl Pts',(116.643168757748,-0.718529087357802,-1.12757154767154));
#6904=CARTESIAN_POINT('Ctrl Pts',(118.253739350437,-0.371841120501025,-1.39437199629221));
#6905=CARTESIAN_POINT('Ctrl Pts',(119.205749698388,-0.0530756056909972,
-1.45727469565999));
#6906=CARTESIAN_POINT('Ctrl Pts',(119.799505541449,0.190266953907336,-1.39422898705441));
#6907=CARTESIAN_POINT('Ctrl Pts',(114.991813233756,-0.831950986141899,-0.74264104984786));
#6908=CARTESIAN_POINT('Ctrl Pts',(114.996343141199,-0.831837106262139,-0.743942702829753));
#6909=CARTESIAN_POINT('Ctrl Pts',(115.000873288437,-0.831720756493082,-0.7452438205614));
#6910=CARTESIAN_POINT('Ctrl Pts',(115.649791379719,-0.814706156351566,-0.931728541690052));
#6911=CARTESIAN_POINT('Ctrl Pts',(116.621230848931,-0.714109005113149,-1.20585696838173));
#6912=CARTESIAN_POINT('Ctrl Pts',(118.222658032908,-0.365626872312922,-1.55698029576017));
#6913=CARTESIAN_POINT('Ctrl Pts',(119.182184169159,-0.043154175203767,-1.67745010860866));
#6914=CARTESIAN_POINT('Ctrl Pts',(119.799505541449,0.213084274001858,-1.65503214914359));
#6915=CARTESIAN_POINT('',(119.799505541449,0.213084274001882,-1.65503214914359));
#6916=CARTESIAN_POINT('',(119.991813233757,-0.290275765722123,-1.19716052751975));
#6917=CARTESIAN_POINT('Origin',(119.991813233757,-0.246697894348146,-1.69525787656559));
#6918=CARTESIAN_POINT('',(114.991813233756,-0.831950986141913,-0.742641049847708));
#6919=CARTESIAN_POINT('Ctrl Pts',(119.991813233757,-0.290275765722033,-1.19716052751974));
#6920=CARTESIAN_POINT('Ctrl Pts',(119.349799006576,-0.423519759308974,-1.20881786644157));
#6921=CARTESIAN_POINT('Ctrl Pts',(118.351891824874,-0.590947377322521,-1.14912462590778));
#6922=CARTESIAN_POINT('Ctrl Pts',(116.686407553538,-0.771495424852964,-0.974114751568526));
#6923=CARTESIAN_POINT('Ctrl Pts',(115.676110505558,-0.823314641511859,-0.837183577074908));
#6924=CARTESIAN_POINT('Ctrl Pts',(115.001235690624,-0.831835821365497,-0.743942430834243));
#6925=CARTESIAN_POINT('Ctrl Pts',(114.996524337497,-0.831894046202032,-0.743291876338656));
#6926=CARTESIAN_POINT('Ctrl Pts',(114.991813233756,-0.831950986141913,-0.742641049847707));
#6927=CARTESIAN_POINT('Ctrl Pts',(114.991813233756,-0.831950986141899,-0.74264104984786));
#6928=CARTESIAN_POINT('Ctrl Pts',(114.996343141199,-0.831837106262139,-0.743942702829753));
#6929=CARTESIAN_POINT('Ctrl Pts',(115.000873288437,-0.831720756493082,-0.7452438205614));
#6930=CARTESIAN_POINT('Ctrl Pts',(115.649791379719,-0.814706156351566,-0.931728541690052));
#6931=CARTESIAN_POINT('Ctrl Pts',(116.621230848931,-0.714109005113149,-1.20585696838173));
#6932=CARTESIAN_POINT('Ctrl Pts',(118.222658032908,-0.365626872312922,-1.55698029576017));
#6933=CARTESIAN_POINT('Ctrl Pts',(119.182184169159,-0.043154175203767,-1.67745010860866));
#6934=CARTESIAN_POINT('Ctrl Pts',(119.799505541449,0.213084274001858,-1.65503214914359));
#6935=CARTESIAN_POINT('Origin',(114.991813233756,11.7076384827526,-0.649388963593758));
#6936=CARTESIAN_POINT('',(124.665302205626,3.82109712285959,-1.33937192701274));
#6937=CARTESIAN_POINT('',(125.052241764501,3.46205759709004,-0.868873896503592));
#6938=CARTESIAN_POINT('Origin',(125.052241764501,3.50563546846387,-1.3669712455495));
#6939=CARTESIAN_POINT('Origin',(114.991813233756,11.6640606113787,-0.151291614547853));
#6940=CARTESIAN_POINT('Origin',(114.991813233756,11.7076384827526,-0.649388963593758));
#6941=CARTESIAN_POINT('Origin',(126.6,2.243788850881,-1.47736851969651));
#6942=CARTESIAN_POINT('',(126.6,4.73427559611036,-1.25947916282736));
#6943=CARTESIAN_POINT('',(126.6,4.19260037569066,-0.804959685155313));
#6944=CARTESIAN_POINT('Origin',(126.6,4.23617824706449,-1.30305703420119));
#6945=CARTESIAN_POINT('Origin',(126.6,2.20021097950717,-0.979271170650629));
#6946=CARTESIAN_POINT('Origin',(126.6,2.243788850881,-1.47736851969651));
#6947=CARTESIAN_POINT('Origin',(135.14,4.23617824706449,-1.3030570342012));
#6948=CARTESIAN_POINT('',(140.1,4.73427559611036,-1.25947916282738));
#6949=CARTESIAN_POINT('',(140.1,4.19260037569066,-0.804959685155341));
#6950=CARTESIAN_POINT('Origin',(140.1,4.23617824706449,-1.30305703420121));
#6951=CARTESIAN_POINT('',(135.14,4.19260037569066,-0.804959685155331));
#6952=CARTESIAN_POINT('',(135.14,4.73427559611036,-1.25947916282738));
#6953=CARTESIAN_POINT('Origin',(140.1,2.243788850881,-1.47736851969651));
#6954=CARTESIAN_POINT('',(142.034697794374,3.82109712285959,-1.33937192701272));
#6955=CARTESIAN_POINT('',(141.647758235499,3.46205759709005,-0.868873896503627));
#6956=CARTESIAN_POINT('Origin',(141.647758235499,3.50563546846387,-1.36697124554948));
#6957=CARTESIAN_POINT('Origin',(140.1,2.20021097950717,-0.979271170650657));
#6958=CARTESIAN_POINT('Origin',(140.1,2.243788850881,-1.47736851969651));
#6959=CARTESIAN_POINT('Origin',(151.708186766244,11.7076384827526,-0.649388963593758));
#6960=CARTESIAN_POINT('',(146.900494458552,0.213084274001656,-1.65503214914365));
#6961=CARTESIAN_POINT('',(146.708186766244,-0.290275765722202,-1.19716052751982));
#6962=CARTESIAN_POINT('Origin',(146.708186766244,-0.246697894348379,-1.69525787656565));
#6963=CARTESIAN_POINT('Origin',(151.708186766244,11.6640606113787,-0.15129161454793));
#6964=CARTESIAN_POINT('Origin',(151.708186766244,11.7076384827526,-0.649388963593758));
#6965=CARTESIAN_POINT('Ctrl Pts',(146.708186766244,-0.290275765722165,-1.19716052751981));
#6966=CARTESIAN_POINT('Ctrl Pts',(147.350200993425,-0.423519759309036,-1.2088178664416));
#6967=CARTESIAN_POINT('Ctrl Pts',(148.348109692668,-0.590945906726131,-1.14913059469396));
#6968=CARTESIAN_POINT('Ctrl Pts',(150.01359350604,-0.771494286800708,-0.974119178600658));
#6969=CARTESIAN_POINT('Ctrl Pts',(151.023889727985,-0.823314326400367,-0.837184764283336));
#6970=CARTESIAN_POINT('Ctrl Pts',(151.698764308255,-0.831835822876984,-0.743942425140437));
#6971=CARTESIAN_POINT('Ctrl Pts',(151.703475662503,-0.831894046202081,-0.743291876338079));
#6972=CARTESIAN_POINT('Ctrl Pts',(151.708186766244,-0.831950986141904,-0.742641049847784));
#6973=CARTESIAN_POINT('Ctrl Pts',(146.758532802359,-0.169905075527168,-1.18662945670697));
#6974=CARTESIAN_POINT('Ctrl Pts',(147.386078440726,-0.316407775668829,-1.23262639225151));
#6975=CARTESIAN_POINT('Ctrl Pts',(148.372632935124,-0.523300315809846,-1.19490803757691));
#6976=CARTESIAN_POINT('Ctrl Pts',(150.024123323957,-0.753769158075815,-1.01230259362201));
#6977=CARTESIAN_POINT('Ctrl Pts',(151.028252075925,-0.82180562774809,-0.853009637997692));
#6978=CARTESIAN_POINT('Ctrl Pts',(151.698824823536,-0.831816452594406,-0.744158951406445));
#6979=CARTESIAN_POINT('Ctrl Pts',(151.703505861886,-0.831884556212108,-0.743400347419824));
#6980=CARTESIAN_POINT('Ctrl Pts',(151.708186766244,-0.831950986141903,-0.742641049847798));
#6981=CARTESIAN_POINT('Ctrl Pts',(146.858763671945,0.079190032578461,-1.27375095633077));
#6982=CARTESIAN_POINT('Ctrl Pts',(147.458204688505,-0.12538553290218,-1.35234897987976));
#6983=CARTESIAN_POINT('Ctrl Pts',(148.421888516453,-0.412126111442501,-1.31608543464541));
#6984=CARTESIAN_POINT('Ctrl Pts',(150.045432443797,-0.726931964784567,-1.08852118793551));
#6985=CARTESIAN_POINT('Ctrl Pts',(151.037015097383,-0.818809557841062,-0.884403114349324));
#6986=CARTESIAN_POINT('Ctrl Pts',(151.69894567094,-0.831778157986485,-0.744593281804632));
#6987=CARTESIAN_POINT('Ctrl Pts',(151.703566260651,-0.831865576232161,-0.743617289583316));
#6988=CARTESIAN_POINT('Ctrl Pts',(151.708186766244,-0.8319509861419,-0.742641049847826));
#6989=CARTESIAN_POINT('Ctrl Pts',(146.900494458552,0.201675613954395,-1.5246305680991));
#6990=CARTESIAN_POINT('Ctrl Pts',(147.505051063386,-0.0481773939374768,
-1.56734869344311));
#6991=CARTESIAN_POINT('Ctrl Pts',(148.46150095565,-0.36907609157228,-1.4758070139318));
#6992=CARTESIAN_POINT('Ctrl Pts',(150.067363575565,-0.716590676082477,-1.16679277853921));
#6993=CARTESIAN_POINT('Ctrl Pts',(151.045769353194,-0.816141162579246,-0.915992566025706));
#6994=CARTESIAN_POINT('Ctrl Pts',(151.699066562757,-0.831739387785613,-0.745026771186588));
#6995=CARTESIAN_POINT('Ctrl Pts',(151.703626659417,-0.831846596252215,-0.743834231746807));
#6996=CARTESIAN_POINT('Ctrl Pts',(151.708186766244,-0.831950986141898,-0.742641049847854));
#6997=CARTESIAN_POINT('Ctrl Pts',(146.900494458552,0.213084274001651,-1.65503214914368));
#6998=CARTESIAN_POINT('Ctrl Pts',(147.517815830841,-0.0431541752038699,
-1.67745010860866));
#6999=CARTESIAN_POINT('Ctrl Pts',(148.477343426268,-0.365624003519473,-1.55699223966654));
#7000=CARTESIAN_POINT('Ctrl Pts',(150.078770169894,-0.714106786318999,-1.20586582745989));
#7001=CARTESIAN_POINT('Ctrl Pts',(151.050208844842,-0.814705542254749,-0.931730917517589));
#7002=CARTESIAN_POINT('Ctrl Pts',(151.699126710486,-0.831720759438713,-0.745243809166872));
#7003=CARTESIAN_POINT('Ctrl Pts',(151.7036568588,-0.831837106262242,-0.743942702828552));
#7004=CARTESIAN_POINT('Ctrl Pts',(151.708186766244,-0.831950986141897,-0.742641049847867));
#7005=CARTESIAN_POINT('',(151.708186766244,-0.831950986141904,-0.742641049847785));
#7006=CARTESIAN_POINT('Ctrl Pts',(146.900494458552,0.213084274001651,-1.65503214914368));
#7007=CARTESIAN_POINT('Ctrl Pts',(147.517815830841,-0.0431541752038699,
-1.67745010860866));
#7008=CARTESIAN_POINT('Ctrl Pts',(148.477343426268,-0.365624003519473,-1.55699223966654));
#7009=CARTESIAN_POINT('Ctrl Pts',(150.078770169894,-0.714106786318999,-1.20586582745989));
#7010=CARTESIAN_POINT('Ctrl Pts',(151.050208844842,-0.814705542254749,-0.931730917517589));
#7011=CARTESIAN_POINT('Ctrl Pts',(151.699126710486,-0.831720759438713,-0.745243809166872));
#7012=CARTESIAN_POINT('Ctrl Pts',(151.7036568588,-0.831837106262242,-0.743942702828552));
#7013=CARTESIAN_POINT('Ctrl Pts',(151.708186766244,-0.831950986141897,-0.742641049847867));
#7014=CARTESIAN_POINT('Ctrl Pts',(151.708186766244,-0.831950986141904,-0.742641049847784));
#7015=CARTESIAN_POINT('Ctrl Pts',(151.703475662503,-0.831894046202081,-0.743291876338079));
#7016=CARTESIAN_POINT('Ctrl Pts',(151.698764308255,-0.831835822876984,-0.743942425140437));
#7017=CARTESIAN_POINT('Ctrl Pts',(151.023889727985,-0.823314326400367,-0.837184764283336));
#7018=CARTESIAN_POINT('Ctrl Pts',(150.01359350604,-0.771494286800708,-0.974119178600658));
#7019=CARTESIAN_POINT('Ctrl Pts',(148.348109692668,-0.590945906726131,-1.14913059469396));
#7020=CARTESIAN_POINT('Ctrl Pts',(147.350200993425,-0.423519759309036,-1.2088178664416));
#7021=CARTESIAN_POINT('Ctrl Pts',(146.708186766244,-0.290275765722165,-1.19716052751981));
#7022=CARTESIAN_POINT('Origin',(151.708186766244,12.3312378221121,-7.77716202844021));
#7023=CARTESIAN_POINT('',(142.034697794374,4.44426068350535,-8.46216401836869));
#7024=CARTESIAN_POINT('',(142.034697794374,4.44469646221909,-8.46714499185916));
#7025=CARTESIAN_POINT('',(151.708186766244,-0.121631682748496,-8.86162783929546));
#7026=CARTESIAN_POINT('Origin',(151.708186766244,12.3308020433983,-7.77218105494973));
#7027=CARTESIAN_POINT('',(151.708186766244,-0.121195904034757,-8.86660881278593));
#7028=CARTESIAN_POINT('Origin',(140.1,2.86738819024049,-8.60514158454296));
#7029=CARTESIAN_POINT('',(140.1,5.35743915675612,-8.38227125418334));
#7030=CARTESIAN_POINT('',(140.1,5.35787493546986,-8.38725222767381));
#7031=CARTESIAN_POINT('Origin',(140.1,2.86695241152675,-8.60016061105248));
#7032=CARTESIAN_POINT('Origin',(140.1,5.31473284280977,-7.89413585211841));
#7033=CARTESIAN_POINT('',(126.6,5.35743915675612,-8.38227125418334));
#7034=CARTESIAN_POINT('',(126.6,5.35787493546986,-8.38725222767381));
#7035=CARTESIAN_POINT('',(136.725,5.35743915675612,-8.38227125418334));
#7036=CARTESIAN_POINT('',(138.32,5.16656808013875,-6.20060486536244));
#7037=CARTESIAN_POINT('',(138.32,5.10730217507034,-5.52319247066007));
#7038=CARTESIAN_POINT('',(138.32,5.31037505567239,-7.84432611721381));
#7039=CARTESIAN_POINT('',(136.52,5.32344841708453,-7.99375532192757));
#7040=CARTESIAN_POINT('Origin',(136.52,5.16656808013875,-6.20060486536244));
#7041=CARTESIAN_POINT('',(130.18,5.32344841708453,-7.99375532192758));
#7042=CARTESIAN_POINT('',(135.14,5.32344841708453,-7.99375532192757));
#7043=CARTESIAN_POINT('',(128.38,5.16656808013875,-6.20060486536244));
#7044=CARTESIAN_POINT('Origin',(130.18,5.16656808013875,-6.20060486536244));
#7045=CARTESIAN_POINT('',(128.38,5.10730217507028,-5.52319247065934));
#7046=CARTESIAN_POINT('',(128.38,5.28597144770306,-7.56539160174832));
#7047=CARTESIAN_POINT('',(130.179999999999,4.95042183812456,-3.73004201409489));
#7048=CARTESIAN_POINT('Origin',(130.179999999999,5.10730217507027,-5.52319247065929));
#7049=CARTESIAN_POINT('',(136.52,4.95042183812456,-3.73004201409491));
#7050=CARTESIAN_POINT('',(138.31,4.95042183812456,-3.73004201409491));
#7051=CARTESIAN_POINT('Origin',(136.52,5.10730217507034,-5.52319247066007));
#7052=CARTESIAN_POINT('Origin',(126.6,2.86738819024049,-8.60514158454296));
#7053=CARTESIAN_POINT('',(124.665302205626,4.44426068350535,-8.46216401836869));
#7054=CARTESIAN_POINT('',(124.665302205626,4.44469646221909,-8.46714499185916));
#7055=CARTESIAN_POINT('Origin',(126.6,2.86695241152675,-8.60016061105248));
#7056=CARTESIAN_POINT('Origin',(114.991813233756,12.3312378221121,-7.77716202844021));
#7057=CARTESIAN_POINT('',(114.991813233756,-0.121631682748496,-8.86162783929546));
#7058=CARTESIAN_POINT('',(114.991813233756,-0.121195904034757,-8.86660881278593));
#7059=CARTESIAN_POINT('Origin',(114.991813233756,12.3308020433983,-7.77218105494973));
#7060=CARTESIAN_POINT('Origin',(197.69,-0.333853637096021,-0.699063178474052));
#7061=CARTESIAN_POINT('',(197.69,-0.831950986141893,-0.742641049847881));
#7062=CARTESIAN_POINT('',(197.69,-0.290275765722191,-1.19716052751992));
#7063=CARTESIAN_POINT('Origin',(265.2,-1.52483914098579,7.17710679998165));
#7064=CARTESIAN_POINT('',(162.789745962156,-0.121631682748493,-8.86162783929546));
#7065=CARTESIAN_POINT('',(199.275,-0.121631682748492,-8.86162783929546));
#7066=CARTESIAN_POINT('',(162.789745962156,-0.29594316824381,-6.86923844311197));
#7067=CARTESIAN_POINT('',(162.789745962156,-0.339521039617638,-6.3711410940661));
#7068=CARTESIAN_POINT('',(165.081033809634,-0.339521039617639,-6.3711410940661));
#7069=CARTESIAN_POINT('Ctrl Pts',(162.789745962156,-0.29594316824381,-6.86923844311197));
#7070=CARTESIAN_POINT('Ctrl Pts',(163.168130974322,-0.30637186247119,-6.75003792264351));
#7071=CARTESIAN_POINT('Ctrl Pts',(163.622557216167,-0.318785464161593,-6.60814980605655));
#7072=CARTESIAN_POINT('Ctrl Pts',(164.33932578522,-0.333582139245479,-6.43902303594076));
#7073=CARTESIAN_POINT('Ctrl Pts',(164.741287068193,-0.339521039617638,-6.3711410940661));
#7074=CARTESIAN_POINT('Ctrl Pts',(165.081033809634,-0.339521039617638,-6.3711410940661));
#7075=CARTESIAN_POINT('',(177.818966190366,-0.339521039617638,-6.3711410940661));
#7076=CARTESIAN_POINT('',(204.0375,-0.339521039617637,-6.3711410940661));
#7077=CARTESIAN_POINT('',(180.110254037844,-0.295943168243809,-6.86923844311197));
#7078=CARTESIAN_POINT('Ctrl Pts',(177.818966190366,-0.339521039617639,-6.3711410940661));
#7079=CARTESIAN_POINT('Ctrl Pts',(178.158712931807,-0.339521039617639,-6.3711410940661));
#7080=CARTESIAN_POINT('Ctrl Pts',(178.56067421478,-0.33358213924548,-6.43902303594076));
#7081=CARTESIAN_POINT('Ctrl Pts',(179.277442783833,-0.318785464161593,-6.60814980605655));
#7082=CARTESIAN_POINT('Ctrl Pts',(179.731869025678,-0.306371862471188,-6.75003792264351));
#7083=CARTESIAN_POINT('Ctrl Pts',(180.110254037844,-0.295943168243809,-6.86923844311197));
#7084=CARTESIAN_POINT('',(180.110254037844,-0.121631682748493,-8.86162783929546));
#7085=CARTESIAN_POINT('',(180.110254037844,-0.339521039617638,-6.3711410940661));
#7086=CARTESIAN_POINT('',(238.989745962156,-0.12163168274849,-8.86162783929546));
#7087=CARTESIAN_POINT('',(199.275,-0.121631682748492,-8.86162783929546));
#7088=CARTESIAN_POINT('',(238.989745962156,-0.295943168243806,-6.86923844311197));
#7089=CARTESIAN_POINT('',(238.989745962156,-0.339521039617635,-6.3711410940661));
#7090=CARTESIAN_POINT('',(241.281033809634,-0.339521039617635,-6.3711410940661));
#7091=CARTESIAN_POINT('Ctrl Pts',(238.989745962156,-0.295943168243805,-6.86923844311197));
#7092=CARTESIAN_POINT('Ctrl Pts',(239.368130974322,-0.306371862471185,-6.75003792264351));
#7093=CARTESIAN_POINT('Ctrl Pts',(239.822557216167,-0.318785464161589,-6.60814980605655));
#7094=CARTESIAN_POINT('Ctrl Pts',(240.53932578522,-0.333582139245476,-6.43902303594076));
#7095=CARTESIAN_POINT('Ctrl Pts',(240.941287068193,-0.339521039617635,-6.3711410940661));
#7096=CARTESIAN_POINT('Ctrl Pts',(241.281033809634,-0.339521039617635,-6.3711410940661));
#7097=CARTESIAN_POINT('',(254.018966190366,-0.339521039617634,-6.3711410940661));
#7098=CARTESIAN_POINT('',(204.0375,-0.339521039617637,-6.3711410940661));
#7099=CARTESIAN_POINT('',(256.310254037844,-0.295943168243805,-6.86923844311197));
#7100=CARTESIAN_POINT('Ctrl Pts',(254.018966190366,-0.339521039617634,-6.3711410940661));
#7101=CARTESIAN_POINT('Ctrl Pts',(254.358712931807,-0.339521039617634,-6.3711410940661));
#7102=CARTESIAN_POINT('Ctrl Pts',(254.76067421478,-0.333582139245475,-6.43902303594076));
#7103=CARTESIAN_POINT('Ctrl Pts',(255.477442783833,-0.318785464161588,-6.60814980605655));
#7104=CARTESIAN_POINT('Ctrl Pts',(255.931869025678,-0.306371862471185,-6.75003792264351));
#7105=CARTESIAN_POINT('Ctrl Pts',(256.310254037844,-0.295943168243805,-6.86923844311197));
#7106=CARTESIAN_POINT('',(256.310254037844,-0.121631682748489,-8.86162783929546));
#7107=CARTESIAN_POINT('',(256.310254037844,-0.339521039617634,-6.3711410940661));
#7108=CARTESIAN_POINT('',(262.2,-0.121631682748488,-8.86162783929546));
#7109=CARTESIAN_POINT('',(199.275,-0.121631682748492,-8.86162783929546));
#7110=CARTESIAN_POINT('',(262.2,-0.993189110225069,1.100319141622));
#7111=CARTESIAN_POINT('',(262.2,-0.339521039617633,-6.3711410940661));
#7112=CARTESIAN_POINT('',(265.2,-0.993189110225071,1.100319141622));
#7113=CARTESIAN_POINT('',(199.275,-0.993189110225072,1.100319141622));
#7114=CARTESIAN_POINT('',(265.2,-1.56841701235962,7.67520414902752));
#7115=CARTESIAN_POINT('',(265.2,-1.52483914098579,7.17710679998165));
#7116=CARTESIAN_POINT('',(1.49999999999999,-1.56841701235963,7.67520414902752));
#7117=CARTESIAN_POINT('',(199.275,-1.56841701235962,7.67520414902752));
#7118=CARTESIAN_POINT('',(1.49999999999999,-0.993189110225084,1.100319141622));
#7119=CARTESIAN_POINT('',(1.49999999999999,-1.5248391409858,7.17710679998165));
#7120=CARTESIAN_POINT('',(4.49999999999999,-0.993189110225082,1.100319141622));
#7121=CARTESIAN_POINT('',(199.275,-0.993189110225072,1.100319141622));
#7122=CARTESIAN_POINT('',(4.49999999999999,-0.121631682748501,-8.86162783929546));
#7123=CARTESIAN_POINT('',(4.49999999999999,-1.5248391409858,7.17710679998165));
#7124=CARTESIAN_POINT('',(10.3897459621556,-0.121631682748501,-8.86162783929546));
#7125=CARTESIAN_POINT('',(199.275,-0.121631682748492,-8.86162783929546));
#7126=CARTESIAN_POINT('',(10.3897459621556,-0.295943168243817,-6.86923844311197));
#7127=CARTESIAN_POINT('',(10.3897459621556,-0.339521039617646,-6.3711410940661));
#7128=CARTESIAN_POINT('',(12.6810338096335,-0.339521039617646,-6.3711410940661));
#7129=CARTESIAN_POINT('Ctrl Pts',(10.3897459621556,-0.295943168243816,-6.86923844311197));
#7130=CARTESIAN_POINT('Ctrl Pts',(10.7681309743223,-0.306371862471196,-6.75003792264351));
#7131=CARTESIAN_POINT('Ctrl Pts',(11.2225572161673,-0.318785464161601,-6.60814980605655));
#7132=CARTESIAN_POINT('Ctrl Pts',(11.9393257852204,-0.333582139245487,-6.43902303594076));
#7133=CARTESIAN_POINT('Ctrl Pts',(12.3412870681934,-0.339521039617646,-6.3711410940661));
#7134=CARTESIAN_POINT('Ctrl Pts',(12.6810338096335,-0.339521039617646,-6.3711410940661));
#7135=CARTESIAN_POINT('',(25.4189661903665,-0.339521039617646,-6.3711410940661));
#7136=CARTESIAN_POINT('',(198.99375,-0.339521039617637,-6.3711410940661));
#7137=CARTESIAN_POINT('',(27.7102540378444,-0.295943168243816,-6.86923844311197));
#7138=CARTESIAN_POINT('Ctrl Pts',(25.4189661903665,-0.339521039617645,-6.3711410940661));
#7139=CARTESIAN_POINT('Ctrl Pts',(25.7587129318066,-0.339521039617645,-6.3711410940661));
#7140=CARTESIAN_POINT('Ctrl Pts',(26.1606742147796,-0.333582139245486,-6.43902303594076));
#7141=CARTESIAN_POINT('Ctrl Pts',(26.8774427838327,-0.3187854641616,-6.60814980605655));
#7142=CARTESIAN_POINT('Ctrl Pts',(27.3318690256777,-0.306371862471196,-6.75003792264351));
#7143=CARTESIAN_POINT('Ctrl Pts',(27.7102540378444,-0.295943168243816,-6.86923844311197));
#7144=CARTESIAN_POINT('',(27.7102540378444,-0.1216316827485,-8.86162783929546));
#7145=CARTESIAN_POINT('',(27.7102540378444,-0.339521039617645,-6.3711410940661));
#7146=CARTESIAN_POINT('',(86.5897459621556,-0.121631682748497,-8.86162783929546));
#7147=CARTESIAN_POINT('',(199.275,-0.121631682748492,-8.86162783929546));
#7148=CARTESIAN_POINT('',(86.5897459621556,-0.295943168243813,-6.86923844311197));
#7149=CARTESIAN_POINT('',(86.5897459621556,-0.339521039617642,-6.3711410940661));
#7150=CARTESIAN_POINT('',(88.8810338096335,-0.339521039617642,-6.3711410940661));
#7151=CARTESIAN_POINT('Ctrl Pts',(86.5897459621556,-0.295943168243813,-6.86923844311197));
#7152=CARTESIAN_POINT('Ctrl Pts',(86.9681309743223,-0.306371862471193,-6.75003792264351));
#7153=CARTESIAN_POINT('Ctrl Pts',(87.4225572161673,-0.318785464161597,-6.60814980605656));
#7154=CARTESIAN_POINT('Ctrl Pts',(88.1393257852204,-0.333582139245484,-6.43902303594076));
#7155=CARTESIAN_POINT('Ctrl Pts',(88.5412870681934,-0.339521039617643,-6.3711410940661));
#7156=CARTESIAN_POINT('Ctrl Pts',(88.8810338096335,-0.339521039617643,-6.3711410940661));
#7157=CARTESIAN_POINT('',(101.618966190366,-0.339521039617642,-6.3711410940661));
#7158=CARTESIAN_POINT('',(204.0375,-0.339521039617637,-6.3711410940661));
#7159=CARTESIAN_POINT('',(103.910254037844,-0.295943168243813,-6.86923844311197));
#7160=CARTESIAN_POINT('Ctrl Pts',(101.618966190366,-0.339521039617642,-6.3711410940661));
#7161=CARTESIAN_POINT('Ctrl Pts',(101.958712931807,-0.339521039617642,-6.3711410940661));
#7162=CARTESIAN_POINT('Ctrl Pts',(102.36067421478,-0.333582139245483,-6.43902303594076));
#7163=CARTESIAN_POINT('Ctrl Pts',(103.077442783833,-0.318785464161596,-6.60814980605655));
#7164=CARTESIAN_POINT('Ctrl Pts',(103.531869025678,-0.306371862471192,-6.75003792264351));
#7165=CARTESIAN_POINT('Ctrl Pts',(103.910254037844,-0.295943168243812,-6.86923844311197));
#7166=CARTESIAN_POINT('',(103.910254037844,-0.121631682748497,-8.86162783929546));
#7167=CARTESIAN_POINT('',(103.910254037844,-0.339521039617642,-6.3711410940661));
#7168=CARTESIAN_POINT('',(199.275,-0.121631682748492,-8.86162783929546));
#7169=CARTESIAN_POINT('Origin',(171.45,-4.03167328608785,-7.19607247841569));
#7170=CARTESIAN_POINT('',(173.5,-4.07525115746168,-6.69797512936982));
#7171=CARTESIAN_POINT('Origin',(171.45,-4.07525115746168,-6.69797512936982));
#7172=CARTESIAN_POINT('',(173.,-4.03167328608785,-7.19607247841569));
#7173=CARTESIAN_POINT('Origin',(173.5,-4.03167328608786,-7.19607247841569));
#7174=CARTESIAN_POINT('',(169.9,-4.03167328608785,-7.19607247841569));
#7175=CARTESIAN_POINT('Origin',(171.45,-4.03167328608785,-7.19607247841569));
#7176=CARTESIAN_POINT('Origin',(171.45,-4.03167328608785,-7.19607247841569));
#7177=CARTESIAN_POINT('Origin',(142.875,-38.792636385959,-9.73535276412571));
#7178=CARTESIAN_POINT('',(168.233334214515,-4.53777012443285,-6.73844029564552));
#7179=CARTESIAN_POINT('Origin',(162.789745962156,-5.32049453007637,-6.80691980780439));
#7180=CARTESIAN_POINT('',(174.666665785485,-4.53777012443285,-6.73844029564552));
#7181=CARTESIAN_POINT('Origin',(171.45,-4.07525115746168,-6.69797512936982));
#7182=CARTESIAN_POINT('Origin',(180.110254037844,-5.32049453007637,-6.80691980780439));
#7183=CARTESIAN_POINT('Origin',(171.45,-3.94887533047758,-8.14245744160285));
#7184=CARTESIAN_POINT('',(169.9,-3.77020605784488,-10.1846565726909));
#7185=CARTESIAN_POINT('',(169.9,-3.94887533047758,-8.14245744160285));
#7186=CARTESIAN_POINT('Origin',(171.45,-3.77020605784487,-10.1846565726909));
#7187=CARTESIAN_POINT('Origin',(180.110254037844,-5.27691665870254,-7.30501715685026));
#7188=CARTESIAN_POINT('',(175.16153744479,-4.56534901720843,-7.24276305488765));
#7189=CARTESIAN_POINT('Origin',(174.666665785485,-4.49419225305902,-7.23653764469139));
#7190=CARTESIAN_POINT('Origin',(180.110254037844,-5.27691665870254,-7.30501715685026));
#7191=CARTESIAN_POINT('Origin',(171.45,-4.03167328608785,-7.19607247841569));
#7192=CARTESIAN_POINT('',(167.73846255521,-4.56534901720843,-7.24276305488765));
#7193=CARTESIAN_POINT('Origin',(168.233334214515,-4.49419225305902,-7.23653764469139));
#7194=CARTESIAN_POINT('Origin',(171.45,-4.03167328608785,-7.19607247841569));
#7195=CARTESIAN_POINT('Origin',(162.789745962156,-5.27691665870254,-7.30501715685026));
#7196=CARTESIAN_POINT('Origin',(162.789745962156,-5.27691665870254,-7.30501715685026));
#7197=CARTESIAN_POINT('Origin',(95.25,-4.03167328608786,-7.19607247841569));
#7198=CARTESIAN_POINT('',(97.3,-4.07525115746169,-6.69797512936982));
#7199=CARTESIAN_POINT('Origin',(95.25,-4.07525115746169,-6.69797512936982));
#7200=CARTESIAN_POINT('',(96.8,-4.03167328608786,-7.19607247841569));
#7201=CARTESIAN_POINT('Origin',(97.3,-4.03167328608786,-7.19607247841569));
#7202=CARTESIAN_POINT('',(93.7,-4.03167328608786,-7.19607247841569));
#7203=CARTESIAN_POINT('Origin',(95.25,-4.03167328608786,-7.19607247841569));
#7204=CARTESIAN_POINT('Origin',(95.25,-4.03167328608786,-7.19607247841569));
#7205=CARTESIAN_POINT('Origin',(142.875,-38.792636385959,-9.73535276412571));
#7206=CARTESIAN_POINT('',(92.033334214515,-4.53777012443286,-6.73844029564552));
#7207=CARTESIAN_POINT('Origin',(86.5897459621556,-5.32049453007637,-6.80691980780439));
#7208=CARTESIAN_POINT('',(98.4666657854851,-4.53777012443286,-6.73844029564552));
#7209=CARTESIAN_POINT('Origin',(95.25,-4.07525115746169,-6.69797512936982));
#7210=CARTESIAN_POINT('Origin',(103.910254037844,-5.32049453007637,-6.80691980780439));
#7211=CARTESIAN_POINT('Origin',(95.25,-3.94887533047758,-8.14245744160285));
#7212=CARTESIAN_POINT('',(93.7,-3.77020605784488,-10.1846565726909));
#7213=CARTESIAN_POINT('',(93.7,-3.94887533047758,-8.14245744160285));
#7214=CARTESIAN_POINT('Origin',(95.25,-3.77020605784488,-10.1846565726909));
#7215=CARTESIAN_POINT('Origin',(103.910254037844,-5.27691665870254,-7.30501715685026));
#7216=CARTESIAN_POINT('',(98.9615374447905,-4.56534901720844,-7.24276305488765));
#7217=CARTESIAN_POINT('Origin',(98.4666657854851,-4.49419225305903,-7.23653764469139));
#7218=CARTESIAN_POINT('Origin',(103.910254037844,-5.27691665870254,-7.30501715685026));
#7219=CARTESIAN_POINT('Origin',(95.25,-4.03167328608786,-7.19607247841569));
#7220=CARTESIAN_POINT('',(91.5384625552095,-4.56534901720844,-7.24276305488765));
#7221=CARTESIAN_POINT('Origin',(92.033334214515,-4.49419225305903,-7.23653764469139));
#7222=CARTESIAN_POINT('Origin',(95.25,-4.03167328608786,-7.19607247841569));
#7223=CARTESIAN_POINT('Origin',(86.5897459621556,-5.27691665870254,-7.30501715685026));
#7224=CARTESIAN_POINT('Origin',(86.5897459621556,-5.27691665870254,-7.30501715685026));
#7225=CARTESIAN_POINT('Origin',(19.05,-4.03167328608786,-7.19607247841569));
#7226=CARTESIAN_POINT('',(21.1,-4.07525115746169,-6.69797512936982));
#7227=CARTESIAN_POINT('Origin',(19.05,-4.07525115746169,-6.69797512936982));
#7228=CARTESIAN_POINT('',(20.6,-4.03167328608786,-7.19607247841569));
#7229=CARTESIAN_POINT('Origin',(21.1,-4.03167328608786,-7.19607247841569));
#7230=CARTESIAN_POINT('',(17.5,-4.03167328608786,-7.19607247841569));
#7231=CARTESIAN_POINT('Origin',(19.05,-4.03167328608786,-7.19607247841569));
#7232=CARTESIAN_POINT('Origin',(19.05,-4.03167328608786,-7.19607247841569));
#7233=CARTESIAN_POINT('Origin',(132.7875,-38.792636385959,-9.7353527641257));
#7234=CARTESIAN_POINT('',(15.8333342145149,-4.53777012443285,-6.73844029564551));
#7235=CARTESIAN_POINT('Origin',(10.3897459621556,-5.32049453007637,-6.80691980780439));
#7236=CARTESIAN_POINT('',(22.2666657854851,-4.53777012443285,-6.73844029564551));
#7237=CARTESIAN_POINT('Origin',(19.05,-4.07525115746167,-6.69797512936982));
#7238=CARTESIAN_POINT('Origin',(27.7102540378444,-5.32049453007637,-6.80691980780439));
#7239=CARTESIAN_POINT('Origin',(19.05,-3.94887533047758,-8.14245744160285));
#7240=CARTESIAN_POINT('',(17.5,-3.77020605784488,-10.1846565726909));
#7241=CARTESIAN_POINT('',(17.5,-3.94887533047758,-8.14245744160285));
#7242=CARTESIAN_POINT('Origin',(19.05,-3.77020605784488,-10.1846565726909));
#7243=CARTESIAN_POINT('Origin',(27.7102540378444,-5.27691665870254,-7.30501715685026));
#7244=CARTESIAN_POINT('',(22.7615374447905,-4.56534901720843,-7.24276305488765));
#7245=CARTESIAN_POINT('Origin',(22.2666657854851,-4.49419225305902,-7.23653764469139));
#7246=CARTESIAN_POINT('Origin',(27.7102540378444,-5.27691665870254,-7.30501715685026));
#7247=CARTESIAN_POINT('Origin',(19.05,-4.03167328608784,-7.19607247841569));
#7248=CARTESIAN_POINT('',(15.3384625552095,-4.56534901720843,-7.24276305488765));
#7249=CARTESIAN_POINT('Origin',(15.8333342145149,-4.49419225305902,-7.23653764469139));
#7250=CARTESIAN_POINT('Origin',(19.05,-4.03167328608784,-7.19607247841569));
#7251=CARTESIAN_POINT('Origin',(10.3897459621556,-5.27691665870254,-7.30501715685026));
#7252=CARTESIAN_POINT('Origin',(10.3897459621556,-5.27691665870254,-7.30501715685026));
#7253=CARTESIAN_POINT('Origin',(38.1,-73.4664437430826,-13.2708277479275));
#7254=CARTESIAN_POINT('',(40.15,-73.5100216144564,-12.7727303988816));
#7255=CARTESIAN_POINT('Origin',(38.1,-73.5100216144564,-12.7727303988816));
#7256=CARTESIAN_POINT('',(39.65,-73.4664437430826,-13.2708277479275));
#7257=CARTESIAN_POINT('Origin',(40.15,-73.4664437430826,-13.2708277479275));
#7258=CARTESIAN_POINT('',(36.55,-73.4664437430826,-13.2708277479275));
#7259=CARTESIAN_POINT('Origin',(38.1,-73.4664437430826,-13.2708277479275));
#7260=CARTESIAN_POINT('Origin',(38.1,-73.4664437430826,-13.2708277479275));
#7261=CARTESIAN_POINT('Origin',(38.1,-73.3836457874723,-14.2172127111146));
#7262=CARTESIAN_POINT('',(36.55,-73.2049765148396,-16.2594118422027));
#7263=CARTESIAN_POINT('',(36.55,-73.3836457874723,-14.2172127111146));
#7264=CARTESIAN_POINT('Origin',(38.1,-73.2049765148396,-16.2594118422027));
#7265=CARTESIAN_POINT('Origin',(142.875,-38.792636385959,-9.73535276412571));
#7266=CARTESIAN_POINT('',(31.7310338096335,-77.2457517323004,-13.0995644341853));
#7267=CARTESIAN_POINT('',(34.8833342145149,-73.0475026474852,-12.7322652326059));
#7268=CARTESIAN_POINT('Origin',(29.4397459621556,-72.2647782418417,-12.663785720447));
#7269=CARTESIAN_POINT('',(44.4689661903664,-77.2457517323004,-13.0995644341853));
#7270=CARTESIAN_POINT('',(79.33125,-77.2457517323004,-13.0995644341853));
#7271=CARTESIAN_POINT('',(41.316665785485,-73.0475026474852,-12.7322652326059));
#7272=CARTESIAN_POINT('Origin',(46.7602540378444,-72.2647782418417,-12.663785720447));
#7273=CARTESIAN_POINT('Origin',(38.1,-73.5100216144564,-12.7727303988816));
#7274=CARTESIAN_POINT('Origin',(46.7602540378444,-72.2212003704679,-13.1618830694929));
#7275=CARTESIAN_POINT('',(41.8115374447904,-72.932768011962,-13.2241371714555));
#7276=CARTESIAN_POINT('Origin',(41.316665785485,-73.0039247761114,-13.2303625816518));
#7277=CARTESIAN_POINT('',(46.7602540378444,-77.2021738609266,-13.5976617832312));
#7278=CARTESIAN_POINT('Ctrl Pts',(46.7602540378444,-77.2021738609266,-13.5976617832312));
#7279=CARTESIAN_POINT('Ctrl Pts',(46.0541178436333,-77.2216357270564,-13.3752116354582));
#7280=CARTESIAN_POINT('Ctrl Pts',(45.2095680788682,-77.2457517323004,-13.0995644341853));
#7281=CARTESIAN_POINT('Ctrl Pts',(44.4689661903664,-77.2457517323004,-13.0995644341853));
#7282=CARTESIAN_POINT('Origin',(46.7602540378444,-72.2212003704679,-13.1618830694929));
#7283=CARTESIAN_POINT('Origin',(38.1,-73.4664437430826,-13.2708277479275));
#7284=CARTESIAN_POINT('',(34.3884625552095,-72.932768011962,-13.2241371714555));
#7285=CARTESIAN_POINT('Origin',(34.8833342145149,-73.0039247761114,-13.2303625816518));
#7286=CARTESIAN_POINT('Origin',(38.1,-73.4664437430826,-13.2708277479275));
#7287=CARTESIAN_POINT('Origin',(29.4397459621556,-72.2212003704679,-13.1618830694929));
#7288=CARTESIAN_POINT('',(29.4397459621556,-77.2021738609266,-13.5976617832312));
#7289=CARTESIAN_POINT('Ctrl Pts',(31.7310338096335,-77.2457517323004,-13.0995644341853));
#7290=CARTESIAN_POINT('Ctrl Pts',(30.9904319211318,-77.2457517323004,-13.0995644341853));
#7291=CARTESIAN_POINT('Ctrl Pts',(30.1458821563666,-77.2216357270564,-13.3752116354582));
#7292=CARTESIAN_POINT('Ctrl Pts',(29.4397459621556,-77.2021738609266,-13.5976617832312));
#7293=CARTESIAN_POINT('Origin',(29.4397459621556,-72.2212003704679,-13.1618830694929));
#7294=CARTESIAN_POINT('Origin',(29.4397459621556,-72.2647782418417,-12.663785720447));
#7295=CARTESIAN_POINT('',(34.3884625552095,-72.7584565264667,-15.216526567639));
#7296=CARTESIAN_POINT('',(34.3884625552095,-72.9763458833358,-12.7260398224096));
#7297=CARTESIAN_POINT('',(29.4397459621556,-77.0278623754313,-15.5900511794147));
#7298=CARTESIAN_POINT('Origin',(29.4397459621556,-72.0468888849726,-15.1542724656764));
#7299=CARTESIAN_POINT('',(29.4397459621556,-77.2457517323004,-13.0995644341853));
#7300=CARTESIAN_POINT('Origin',(38.1,-73.5100216144564,-12.7727303988816));
#7301=CARTESIAN_POINT('',(41.8115374447904,-72.7584565264667,-15.216526567639));
#7302=CARTESIAN_POINT('',(41.8115374447904,-72.9763458833358,-12.7260398224096));
#7303=CARTESIAN_POINT('Origin',(38.1,-73.2921322575872,-15.263217144111));
#7304=CARTESIAN_POINT('Origin',(46.7602540378444,-72.2647782418417,-12.663785720447));
#7305=CARTESIAN_POINT('',(46.7602540378444,-77.0278623754313,-15.5900511794147));
#7306=CARTESIAN_POINT('',(46.7602540378444,-77.2457517323004,-13.0995644341853));
#7307=CARTESIAN_POINT('Origin',(46.7602540378444,-72.0468888849726,-15.1542724656764));
#7308=CARTESIAN_POINT('Origin',(180.975,-73.4664437430826,-13.2708277479275));
#7309=CARTESIAN_POINT('',(183.025,-73.5100216144564,-12.7727303988816));
#7310=CARTESIAN_POINT('Origin',(180.975,-73.5100216144564,-12.7727303988816));
#7311=CARTESIAN_POINT('',(182.525,-73.4664437430826,-13.2708277479275));
#7312=CARTESIAN_POINT('Origin',(183.025,-73.4664437430826,-13.2708277479275));
#7313=CARTESIAN_POINT('',(179.425,-73.4664437430826,-13.2708277479275));
#7314=CARTESIAN_POINT('Origin',(180.975,-73.4664437430826,-13.2708277479275));
#7315=CARTESIAN_POINT('Origin',(180.975,-73.4664437430826,-13.2708277479275));
#7316=CARTESIAN_POINT('Origin',(180.975,-73.3836457874723,-14.2172127111146));
#7317=CARTESIAN_POINT('',(179.425,-73.2049765148396,-16.2594118422027));
#7318=CARTESIAN_POINT('',(179.425,-73.3836457874723,-14.2172127111146));
#7319=CARTESIAN_POINT('Origin',(180.975,-73.2049765148396,-16.2594118422027));
#7320=CARTESIAN_POINT('Origin',(142.875,-38.792636385959,-9.73535276412571));
#7321=CARTESIAN_POINT('',(174.606033809634,-77.2457517323004,-13.0995644341853));
#7322=CARTESIAN_POINT('',(177.758334214515,-73.0475026474852,-12.7322652326059));
#7323=CARTESIAN_POINT('Origin',(172.314745962156,-72.2647782418417,-12.663785720447));
#7324=CARTESIAN_POINT('',(187.343966190366,-77.2457517323004,-13.0995644341853));
#7325=CARTESIAN_POINT('',(79.33125,-77.2457517323004,-13.0995644341853));
#7326=CARTESIAN_POINT('',(184.191665785485,-73.0475026474852,-12.7322652326059));
#7327=CARTESIAN_POINT('Origin',(189.635254037844,-72.2647782418417,-12.663785720447));
#7328=CARTESIAN_POINT('Origin',(180.975,-73.5100216144564,-12.7727303988816));
#7329=CARTESIAN_POINT('Origin',(85.725,-73.4664437430825,-13.2708277479275));
#7330=CARTESIAN_POINT('',(87.775,-73.5100216144563,-12.7727303988816));
#7331=CARTESIAN_POINT('Origin',(85.725,-73.5100216144563,-12.7727303988816));
#7332=CARTESIAN_POINT('',(87.275,-73.4664437430825,-13.2708277479275));
#7333=CARTESIAN_POINT('Origin',(87.775,-73.4664437430825,-13.2708277479275));
#7334=CARTESIAN_POINT('',(84.175,-73.4664437430825,-13.2708277479275));
#7335=CARTESIAN_POINT('Origin',(85.725,-73.4664437430825,-13.2708277479275));
#7336=CARTESIAN_POINT('Origin',(85.725,-73.4664437430825,-13.2708277479275));
#7337=CARTESIAN_POINT('Origin',(85.725,-73.3836457874722,-14.2172127111146));
#7338=CARTESIAN_POINT('',(84.175,-73.2049765148395,-16.2594118422027));
#7339=CARTESIAN_POINT('',(84.175,-73.3836457874722,-14.2172127111146));
#7340=CARTESIAN_POINT('Origin',(85.725,-73.2049765148395,-16.2594118422027));
#7341=CARTESIAN_POINT('Origin',(142.875,-38.792636385959,-9.73535276412571));
#7342=CARTESIAN_POINT('',(79.3560338096335,-77.2457517323004,-13.0995644341853));
#7343=CARTESIAN_POINT('',(82.508334214515,-73.0475026474852,-12.7322652326059));
#7344=CARTESIAN_POINT('Origin',(77.0647459621556,-72.2647782418417,-12.663785720447));
#7345=CARTESIAN_POINT('',(92.0939661903665,-77.2457517323004,-13.0995644341853));
#7346=CARTESIAN_POINT('',(79.33125,-77.2457517323004,-13.0995644341853));
#7347=CARTESIAN_POINT('',(88.9416657854851,-73.0475026474852,-12.7322652326059));
#7348=CARTESIAN_POINT('Origin',(94.3852540378444,-72.2647782418417,-12.663785720447));
#7349=CARTESIAN_POINT('Origin',(85.725,-73.5100216144563,-12.7727303988816));
#7350=CARTESIAN_POINT('Origin',(94.3852540378444,-72.2212003704679,-13.1618830694929));
#7351=CARTESIAN_POINT('',(89.4365374447905,-72.9327680119619,-13.2241371714555));
#7352=CARTESIAN_POINT('Origin',(88.9416657854851,-73.0039247761113,-13.2303625816518));
#7353=CARTESIAN_POINT('',(94.3852540378444,-77.2021738609266,-13.5976617832312));
#7354=CARTESIAN_POINT('Ctrl Pts',(94.3852540378444,-77.2021738609266,-13.5976617832312));
#7355=CARTESIAN_POINT('Ctrl Pts',(93.6791178436334,-77.2216357270564,-13.3752116354582));
#7356=CARTESIAN_POINT('Ctrl Pts',(92.8345680788682,-77.2457517323004,-13.0995644341853));
#7357=CARTESIAN_POINT('Ctrl Pts',(92.0939661903665,-77.2457517323004,-13.0995644341853));
#7358=CARTESIAN_POINT('Origin',(94.3852540378444,-72.2212003704679,-13.1618830694929));
#7359=CARTESIAN_POINT('Origin',(85.725,-73.4664437430825,-13.2708277479275));
#7360=CARTESIAN_POINT('',(82.0134625552096,-72.9327680119619,-13.2241371714555));
#7361=CARTESIAN_POINT('Origin',(82.508334214515,-73.0039247761113,-13.2303625816518));
#7362=CARTESIAN_POINT('Origin',(85.725,-73.4664437430825,-13.2708277479275));
#7363=CARTESIAN_POINT('Origin',(77.0647459621556,-72.2212003704679,-13.1618830694929));
#7364=CARTESIAN_POINT('',(77.0647459621556,-77.2021738609266,-13.5976617832312));
#7365=CARTESIAN_POINT('Ctrl Pts',(79.3560338096335,-77.2457517323004,-13.0995644341853));
#7366=CARTESIAN_POINT('Ctrl Pts',(78.6154319211318,-77.2457517323004,-13.0995644341853));
#7367=CARTESIAN_POINT('Ctrl Pts',(77.7708821563667,-77.2216357270564,-13.3752116354582));
#7368=CARTESIAN_POINT('Ctrl Pts',(77.0647459621556,-77.2021738609266,-13.5976617832312));
#7369=CARTESIAN_POINT('Origin',(77.0647459621556,-72.2212003704679,-13.1618830694929));
#7370=CARTESIAN_POINT('Origin',(77.0647459621556,-72.2647782418417,-12.663785720447));
#7371=CARTESIAN_POINT('',(82.0134625552096,-72.7584565264666,-15.216526567639));
#7372=CARTESIAN_POINT('',(82.0134625552096,-72.9763458833358,-12.7260398224096));
#7373=CARTESIAN_POINT('',(77.0647459621556,-77.0278623754313,-15.5900511794147));
#7374=CARTESIAN_POINT('Origin',(77.0647459621556,-72.0468888849726,-15.1542724656764));
#7375=CARTESIAN_POINT('',(77.0647459621556,-77.2457517323004,-13.0995644341853));
#7376=CARTESIAN_POINT('Origin',(85.725,-73.5100216144563,-12.7727303988816));
#7377=CARTESIAN_POINT('',(89.4365374447905,-72.7584565264666,-15.216526567639));
#7378=CARTESIAN_POINT('',(89.4365374447905,-72.9763458833358,-12.7260398224096));
#7379=CARTESIAN_POINT('Origin',(85.725,-73.2921322575872,-15.2632171441109));
#7380=CARTESIAN_POINT('Origin',(94.3852540378444,-72.2647782418417,-12.663785720447));
#7381=CARTESIAN_POINT('',(94.3852540378444,-77.0278623754313,-15.5900511794147));
#7382=CARTESIAN_POINT('',(94.3852540378444,-77.2457517323004,-13.0995644341853));
#7383=CARTESIAN_POINT('Origin',(94.3852540378444,-72.0468888849726,-15.1542724656764));
#7384=CARTESIAN_POINT('Origin',(189.635254037844,-72.2212003704679,-13.1618830694929));
#7385=CARTESIAN_POINT('',(184.68653744479,-72.932768011962,-13.2241371714555));
#7386=CARTESIAN_POINT('Origin',(184.191665785485,-73.0039247761114,-13.2303625816518));
#7387=CARTESIAN_POINT('',(189.635254037844,-77.2021738609266,-13.5976617832312));
#7388=CARTESIAN_POINT('Ctrl Pts',(189.635254037844,-77.2021738609266,-13.5976617832312));
#7389=CARTESIAN_POINT('Ctrl Pts',(188.929117843633,-77.2216357270564,-13.3752116354582));
#7390=CARTESIAN_POINT('Ctrl Pts',(188.084568078868,-77.2457517323004,-13.0995644341853));
#7391=CARTESIAN_POINT('Ctrl Pts',(187.343966190366,-77.2457517323004,-13.0995644341853));
#7392=CARTESIAN_POINT('Origin',(189.635254037844,-72.2212003704679,-13.1618830694929));
#7393=CARTESIAN_POINT('Origin',(180.975,-73.4664437430826,-13.2708277479275));
#7394=CARTESIAN_POINT('',(177.26346255521,-72.932768011962,-13.2241371714555));
#7395=CARTESIAN_POINT('Origin',(177.758334214515,-73.0039247761114,-13.2303625816518));
#7396=CARTESIAN_POINT('Origin',(180.975,-73.4664437430826,-13.2708277479275));
#7397=CARTESIAN_POINT('Origin',(172.314745962156,-72.2212003704679,-13.1618830694929));
#7398=CARTESIAN_POINT('',(172.314745962156,-77.2021738609266,-13.5976617832312));
#7399=CARTESIAN_POINT('Ctrl Pts',(174.606033809634,-77.2457517323004,-13.0995644341853));
#7400=CARTESIAN_POINT('Ctrl Pts',(173.865431921132,-77.2457517323004,-13.0995644341853));
#7401=CARTESIAN_POINT('Ctrl Pts',(173.020882156367,-77.2216357270564,-13.3752116354582));
#7402=CARTESIAN_POINT('Ctrl Pts',(172.314745962156,-77.2021738609266,-13.5976617832312));
#7403=CARTESIAN_POINT('Origin',(172.314745962156,-72.2212003704679,-13.1618830694929));
#7404=CARTESIAN_POINT('Origin',(172.314745962156,-72.2647782418417,-12.663785720447));
#7405=CARTESIAN_POINT('',(177.26346255521,-72.7584565264667,-15.216526567639));
#7406=CARTESIAN_POINT('',(177.26346255521,-72.9763458833358,-12.7260398224096));
#7407=CARTESIAN_POINT('',(172.314745962156,-77.0278623754313,-15.5900511794147));
#7408=CARTESIAN_POINT('Origin',(172.314745962156,-72.0468888849726,-15.1542724656764));
#7409=CARTESIAN_POINT('',(172.314745962156,-77.2457517323004,-13.0995644341853));
#7410=CARTESIAN_POINT('Origin',(180.975,-73.5100216144564,-12.7727303988816));
#7411=CARTESIAN_POINT('',(184.68653744479,-72.7584565264667,-15.216526567639));
#7412=CARTESIAN_POINT('',(184.68653744479,-72.9763458833358,-12.7260398224096));
#7413=CARTESIAN_POINT('Origin',(180.975,-73.2921322575872,-15.263217144111));
#7414=CARTESIAN_POINT('Origin',(189.635254037844,-72.2647782418417,-12.663785720447));
#7415=CARTESIAN_POINT('',(189.635254037844,-77.0278623754313,-15.5900511794147));
#7416=CARTESIAN_POINT('',(189.635254037844,-77.2457517323004,-13.0995644341853));
#7417=CARTESIAN_POINT('Origin',(189.635254037844,-72.0468888849726,-15.1542724656764));
#7418=CARTESIAN_POINT('Origin',(237.260254037844,-72.2212003704679,-13.1618830694929));
#7419=CARTESIAN_POINT('',(232.311537444791,-72.932768011962,-13.2241371714555));
#7420=CARTESIAN_POINT('',(231.816665785485,-73.0475026474852,-12.7322652326059));
#7421=CARTESIAN_POINT('Origin',(231.816665785485,-73.0039247761114,-13.2303625816518));
#7422=CARTESIAN_POINT('',(234.968966190367,-77.2457517323004,-13.0995644341853));
#7423=CARTESIAN_POINT('Origin',(237.260254037844,-72.2647782418417,-12.663785720447));
#7424=CARTESIAN_POINT('',(237.260254037844,-77.2021738609266,-13.5976617832312));
#7425=CARTESIAN_POINT('Ctrl Pts',(237.260254037844,-77.2021738609266,-13.5976617832312));
#7426=CARTESIAN_POINT('Ctrl Pts',(236.554117843633,-77.2216357270564,-13.3752116354582));
#7427=CARTESIAN_POINT('Ctrl Pts',(235.709568078868,-77.2457517323004,-13.0995644341853));
#7428=CARTESIAN_POINT('Ctrl Pts',(234.968966190367,-77.2457517323004,-13.0995644341853));
#7429=CARTESIAN_POINT('Origin',(237.260254037844,-72.2212003704679,-13.1618830694929));
#7430=CARTESIAN_POINT('Origin',(228.6,-73.4664437430826,-13.2708277479275));
#7431=CARTESIAN_POINT('',(224.88846255521,-72.932768011962,-13.2241371714555));
#7432=CARTESIAN_POINT('',(225.383334214515,-73.0475026474852,-12.7322652326059));
#7433=CARTESIAN_POINT('Origin',(225.383334214515,-73.0039247761114,-13.2303625816518));
#7434=CARTESIAN_POINT('Origin',(228.6,-73.5100216144564,-12.7727303988816));
#7435=CARTESIAN_POINT('Origin',(228.6,-73.4664437430826,-13.2708277479275));
#7436=CARTESIAN_POINT('Origin',(219.939745962156,-72.2212003704679,-13.1618830694929));
#7437=CARTESIAN_POINT('',(219.939745962156,-77.2021738609266,-13.5976617832312));
#7438=CARTESIAN_POINT('',(222.231033809634,-77.2457517323004,-13.0995644341853));
#7439=CARTESIAN_POINT('Ctrl Pts',(222.231033809634,-77.2457517323004,-13.0995644341853));
#7440=CARTESIAN_POINT('Ctrl Pts',(221.490431921132,-77.2457517323004,-13.0995644341853));
#7441=CARTESIAN_POINT('Ctrl Pts',(220.645882156367,-77.2216357270564,-13.3752116354582));
#7442=CARTESIAN_POINT('Ctrl Pts',(219.939745962156,-77.2021738609266,-13.5976617832312));
#7443=CARTESIAN_POINT('Origin',(219.939745962156,-72.2647782418417,-12.663785720447));
#7444=CARTESIAN_POINT('Origin',(219.939745962156,-72.2212003704679,-13.1618830694929));
#7445=CARTESIAN_POINT('Origin',(219.939745962156,-72.2647782418417,-12.663785720447));
#7446=CARTESIAN_POINT('',(224.88846255521,-72.7584565264667,-15.216526567639));
#7447=CARTESIAN_POINT('',(224.88846255521,-72.9763458833358,-12.7260398224096));
#7448=CARTESIAN_POINT('',(219.939745962156,-77.0278623754313,-15.5900511794147));
#7449=CARTESIAN_POINT('Origin',(219.939745962156,-72.0468888849726,-15.1542724656764));
#7450=CARTESIAN_POINT('',(219.939745962156,-77.2457517323004,-13.0995644341853));
#7451=CARTESIAN_POINT('Origin',(228.6,-73.5100216144564,-12.7727303988816));
#7452=CARTESIAN_POINT('',(232.311537444791,-72.7584565264667,-15.216526567639));
#7453=CARTESIAN_POINT('',(232.311537444791,-72.9763458833358,-12.7260398224096));
#7454=CARTESIAN_POINT('Origin',(228.6,-73.2921322575872,-15.263217144111));
#7455=CARTESIAN_POINT('Origin',(237.260254037844,-72.2647782418417,-12.663785720447));
#7456=CARTESIAN_POINT('',(237.260254037844,-77.0278623754313,-15.5900511794147));
#7457=CARTESIAN_POINT('',(237.260254037844,-77.2457517323004,-13.0995644341853));
#7458=CARTESIAN_POINT('Origin',(237.260254037844,-72.0468888849726,-15.1542724656764));
#7459=CARTESIAN_POINT('Origin',(171.45,-3.85736180059254,-9.18846187459918));
#7460=CARTESIAN_POINT('',(175.656409104096,-4.4186164244887,-9.73947521031327));
#7461=CARTESIAN_POINT('',(175.16153744479,-4.39103753171311,-9.23515245107114));
#7462=CARTESIAN_POINT('Origin',(175.656409104096,-4.46219429586252,-9.2413778612674));
#7463=CARTESIAN_POINT('',(174.231861665371,-6.36249846785267,-9.40763293356756));
#7464=CARTESIAN_POINT('Origin',(171.45,-3.85736180059254,-9.18846187459918));
#7465=CARTESIAN_POINT('',(174.602776554087,-6.6529388187802,-9.93495309047588));
#7466=CARTESIAN_POINT('Origin',(174.602776554087,-6.69651669015402,-9.43685574143));
#7467=CARTESIAN_POINT('Origin',(171.45,-3.81378392921871,-9.68655922364505));
#7468=CARTESIAN_POINT('Ctrl Pts',(168.668138334629,-6.36249846785269,-9.40763293356756));
#7469=CARTESIAN_POINT('Ctrl Pts',(168.694229524071,-6.39125168447881,-9.41014851406225));
#7470=CARTESIAN_POINT('Ctrl Pts',(168.747329063006,-6.44778123796366,-9.41724331239331));
#7471=CARTESIAN_POINT('Ctrl Pts',(168.856758287932,-6.55654737845806,-9.43893116420721));
#7472=CARTESIAN_POINT('Ctrl Pts',(169.055945739287,-6.73514975809009,-9.49473299648912));
#7473=CARTESIAN_POINT('Ctrl Pts',(169.358569835519,-6.95536566519515,-9.61555402142337));
#7474=CARTESIAN_POINT('Ctrl Pts',(169.741705603416,-7.16438865234055,-9.80154891258189));
#7475=CARTESIAN_POINT('Ctrl Pts',(170.073815940558,-7.29544785553661,-9.97496277193992));
#7476=CARTESIAN_POINT('Ctrl Pts',(170.34698258635,-7.37624419371813,-10.1153905433391));
#7477=CARTESIAN_POINT('Ctrl Pts',(170.556009351064,-7.42520241880961,-10.2183748688472));
#7478=CARTESIAN_POINT('Ctrl Pts',(170.769775762578,-7.46288329211183,-10.3147634039826));
#7479=CARTESIAN_POINT('Ctrl Pts',(170.989571354313,-7.48963700969218,-10.3980175398523));
#7480=CARTESIAN_POINT('Ctrl Pts',(171.216659102997,-7.50569837890097,-10.4579643587998));
#7481=CARTESIAN_POINT('Ctrl Pts',(171.450112787099,-7.51107331000785,-10.4806289827514));
#7482=CARTESIAN_POINT('Ctrl Pts',(171.644616905152,-7.50658446332578,-10.4616972798151));
#7483=CARTESIAN_POINT('Ctrl Pts',(171.778047162625,-7.49876120230905,-10.4320745516245));
#7484=CARTESIAN_POINT('Ctrl Pts',(171.853443653098,-7.49295749147494,-10.4114476369847));
#7485=CARTESIAN_POINT('Ctrl Pts',(172.040475942106,-7.47620133290401,-10.3539761107844));
#7486=CARTESIAN_POINT('Ctrl Pts',(172.346470507991,-7.4307898115853,-10.221285594167));
#7487=CARTESIAN_POINT('Ctrl Pts',(172.896984044675,-7.28533350735302,-9.93931970818863));
#7488=CARTESIAN_POINT('Ctrl Pts',(173.420183126299,-7.04342285109917,-9.66391042813563));
#7489=CARTESIAN_POINT('Ctrl Pts',(173.844043932662,-6.73519686166653,-9.49477605394656));
#7490=CARTESIAN_POINT('Ctrl Pts',(174.043151098172,-6.55662814738391,-9.43895472782157));
#7491=CARTESIAN_POINT('Ctrl Pts',(174.152665519779,-6.44779259237828,-9.41724565298683));
#7492=CARTESIAN_POINT('Ctrl Pts',(174.205770475929,-6.39125168447883,-9.41014851406224));
#7493=CARTESIAN_POINT('Ctrl Pts',(174.231861665371,-6.36249846785269,-9.40763293356755));
#7494=CARTESIAN_POINT('Ctrl Pts',(168.668138334629,-6.35108980780543,-9.53803451461214));
#7495=CARTESIAN_POINT('Ctrl Pts',(168.692770051474,-6.37840092509108,-9.53918859782242));
#7496=CARTESIAN_POINT('Ctrl Pts',(168.743065954811,-6.43236535057686,-9.54343686081693));
#7497=CARTESIAN_POINT('Ctrl Pts',(168.84735904883,-6.53717919176879,-9.55909146855318));
#7498=CARTESIAN_POINT('Ctrl Pts',(169.038940286609,-6.71161919529427,-9.60376433561641));
#7499=CARTESIAN_POINT('Ctrl Pts',(169.334892225314,-6.93175954790932,-9.7084872564716));
#7500=CARTESIAN_POINT('Ctrl Pts',(169.71579476059,-7.14523630052869,-9.87667199216871));
#7501=CARTESIAN_POINT('Ctrl Pts',(170.049778161342,-7.2812672864031,-10.036787405857));
#7502=CARTESIAN_POINT('Ctrl Pts',(170.326145937342,-7.36588101922515,-10.1675946471892));
#7503=CARTESIAN_POINT('Ctrl Pts',(170.538266116201,-7.41749219813313,-10.2639392162751));
#7504=CARTESIAN_POINT('Ctrl Pts',(170.755779110482,-7.45745806243651,-10.3544049257099));
#7505=CARTESIAN_POINT('Ctrl Pts',(170.979834451243,-7.48602212933499,-10.4327190707714));
#7506=CARTESIAN_POINT('Ctrl Pts',(171.211622633986,-7.50327801485974,-10.4891917861572));
#7507=CARTESIAN_POINT('Ctrl Pts',(171.450071203734,-7.5090801418585,-10.5105586375427));
#7508=CARTESIAN_POINT('Ctrl Pts',(171.648721870482,-7.50423305889456,-10.4927113768108));
#7509=CARTESIAN_POINT('Ctrl Pts',(171.78492605832,-7.49582365144884,-10.4648033040781));
#7510=CARTESIAN_POINT('Ctrl Pts',(171.861857514555,-7.48959736470112,-10.4453791828509));
#7511=CARTESIAN_POINT('Ctrl Pts',(172.052658286487,-7.4716560415671,-10.3912737790846));
#7512=CARTESIAN_POINT('Ctrl Pts',(172.364349427687,-7.42321873649857,-10.2665234307901));
#7513=CARTESIAN_POINT('Ctrl Pts',(172.922388580931,-7.27036155700148,-10.0031042733901));
#7514=CARTESIAN_POINT('Ctrl Pts',(173.446624008289,-7.0199029600605,-9.7503842818331));
#7515=CARTESIAN_POINT('Ctrl Pts',(173.86104369241,-6.71164292569224,-9.60380588100606));
#7516=CARTESIAN_POINT('Ctrl Pts',(174.052558048491,-6.53726079535426,-9.5591094231377));
#7517=CARTESIAN_POINT('Ctrl Pts',(174.15692921487,-6.43237439196907,-9.5434387554661));
#7518=CARTESIAN_POINT('Ctrl Pts',(174.207229948526,-6.37840092509107,-9.53918859782242));
#7519=CARTESIAN_POINT('Ctrl Pts',(174.231861665371,-6.35108980780543,-9.53803451461214));
#7520=CARTESIAN_POINT('Ctrl Pts',(168.58764234087,-6.4008665461417,-9.80397507329427));
#7521=CARTESIAN_POINT('Ctrl Pts',(168.611834430968,-6.42466203714538,-9.80246205056596));
#7522=CARTESIAN_POINT('Ctrl Pts',(168.661378510688,-6.47210023398501,-9.80110382891164));
#7523=CARTESIAN_POINT('Ctrl Pts',(168.764774015321,-6.56570715420875,-9.80479118816307));
#7524=CARTESIAN_POINT('Ctrl Pts',(168.95630848918,-6.72498275219441,-9.82716497497454));
#7525=CARTESIAN_POINT('Ctrl Pts',(169.256301940833,-6.93340187027736,-9.89911342755176));
#7526=CARTESIAN_POINT('Ctrl Pts',(169.647266213271,-7.14167415055418,-10.0306535701845));
#7527=CARTESIAN_POINT('Ctrl Pts',(169.992689898124,-7.27714551133993,-10.1633145221997));
#7528=CARTESIAN_POINT('Ctrl Pts',(170.279478332054,-7.36232689098454,-10.2742699232057));
#7529=CARTESIAN_POINT('Ctrl Pts',(170.500024454755,-7.41465828763427,-10.3569451401586));
#7530=CARTESIAN_POINT('Ctrl Pts',(170.726414471527,-7.45548105433615,-10.435232189325));
#7531=CARTESIAN_POINT('Ctrl Pts',(170.95984918613,-7.48486217761439,-10.5034172059559));
#7532=CARTESIAN_POINT('Ctrl Pts',(171.201482209172,-7.50273665566189,-10.5527804026351));
#7533=CARTESIAN_POINT('Ctrl Pts',(171.450128301088,-7.50878065188637,-10.571493932248));
#7534=CARTESIAN_POINT('Ctrl Pts',(171.657295215731,-7.50374047601364,-10.5558589915307));
#7535=CARTESIAN_POINT('Ctrl Pts',(171.799310811722,-7.49503035733221,-10.5314566474444));
#7536=CARTESIAN_POINT('Ctrl Pts',(171.879518184307,-7.48859597295352,-10.5144930428849));
#7537=CARTESIAN_POINT('Ctrl Pts',(172.078394889785,-7.47008770094327,-10.46727964369));
#7538=CARTESIAN_POINT('Ctrl Pts',(172.403073834055,-7.4203281449779,-10.3588188654114));
#7539=CARTESIAN_POINT('Ctrl Pts',(172.98271771689,-7.26583583064369,-10.1336515487934));
#7540=CARTESIAN_POINT('Ctrl Pts',(173.523420636772,-7.01690254856683,-9.92790834096081));
#7541=CARTESIAN_POINT('Ctrl Pts',(173.943694954224,-6.72496556810338,-9.8272080779308));
#7542=CARTESIAN_POINT('Ctrl Pts',(174.135136763998,-6.56577927147577,-9.80480080388362));
#7543=CARTESIAN_POINT('Ctrl Pts',(174.238617712075,-6.47210389074695,-9.80110575237382));
#7544=CARTESIAN_POINT('Ctrl Pts',(174.288165569032,-6.42466203714528,-9.80246205056597));
#7545=CARTESIAN_POINT('Ctrl Pts',(174.31235765913,-6.4008665461417,-9.80397507329429));
#7546=CARTESIAN_POINT('Ctrl Pts',(168.394328736705,-6.56549305266796,-9.92730257726769));
#7547=CARTESIAN_POINT('Ctrl Pts',(168.422073400394,-6.58718204492819,-9.92723510933257));
#7548=CARTESIAN_POINT('Ctrl Pts',(168.478649988927,-6.63015323330303,-9.92853257373396));
#7549=CARTESIAN_POINT('Ctrl Pts',(168.595691545016,-6.71403881023019,-9.93648422554252));
#7550=CARTESIAN_POINT('Ctrl Pts',(168.80990159915,-6.85470816003162,-9.96355846013576));
#7551=CARTESIAN_POINT('Ctrl Pts',(169.13848635076,-7.03476533100031,-10.0344646743096));
#7552=CARTESIAN_POINT('Ctrl Pts',(169.558279973419,-7.21193862485344,-10.1549261949007));
#7553=CARTESIAN_POINT('Ctrl Pts',(169.924357639224,-7.32618656626346,-10.2729674061472));
#7554=CARTESIAN_POINT('Ctrl Pts',(170.226362802937,-7.3977645305086,-10.3706807735172));
#7555=CARTESIAN_POINT('Ctrl Pts',(170.457811813474,-7.44164435588297,-10.443115476817));
#7556=CARTESIAN_POINT('Ctrl Pts',(170.694803323284,-7.47580265583114,-10.5114872976351));
#7557=CARTESIAN_POINT('Ctrl Pts',(170.938694086414,-7.50034449837275,-10.5708894170562));
#7558=CARTESIAN_POINT('Ctrl Pts',(171.190828619663,-7.51524895752453,-10.6138328849385));
#7559=CARTESIAN_POINT('Ctrl Pts',(171.450112518629,-7.52028056132589,-10.6301021093485));
#7560=CARTESIAN_POINT('Ctrl Pts',(171.666133964094,-7.51607984986843,-10.6165162677284));
#7561=CARTESIAN_POINT('Ctrl Pts',(171.814290183119,-7.5088150087158,-10.5952927161785));
#7562=CARTESIAN_POINT('Ctrl Pts',(171.897992686509,-7.50344599569407,-10.5805334715169));
#7563=CARTESIAN_POINT('Ctrl Pts',(172.105604317776,-7.48799281893586,-10.5394358178061));
#7564=CARTESIAN_POINT('Ctrl Pts',(172.445034899257,-7.44643014910536,-10.4449154402532));
#7565=CARTESIAN_POINT('Ctrl Pts',(173.054233994689,-7.31672735784756,-10.2472535434493));
#7566=CARTESIAN_POINT('Ctrl Pts',(173.629871831244,-7.10686637201327,-10.0627488820517));
#7567=CARTESIAN_POINT('Ctrl Pts',(174.090089005455,-6.85471713869135,-9.96359672110227));
#7568=CARTESIAN_POINT('Ctrl Pts',(174.304211765314,-6.71410363330431,-9.9364915235703));
#7569=CARTESIAN_POINT('Ctrl Pts',(174.42134464648,-6.63015924063601,-9.9285339241732));
#7570=CARTESIAN_POINT('Ctrl Pts',(174.477926599606,-6.58718204492803,-9.92723510933259));
#7571=CARTESIAN_POINT('Ctrl Pts',(174.505671263295,-6.56549305266793,-9.92730257726772));
#7572=CARTESIAN_POINT('Ctrl Pts',(168.297223445913,-6.65293881878021,-9.93495309047585));
#7573=CARTESIAN_POINT('Ctrl Pts',(168.326793460614,-6.67466347134227,-9.93685375129407));
#7574=CARTESIAN_POINT('Ctrl Pts',(168.386972938073,-6.717391275658,-9.94202468528702));
#7575=CARTESIAN_POINT('Ctrl Pts',(168.510992726323,-6.7996640775371,-9.95733732113141));
#7576=CARTESIAN_POINT('Ctrl Pts',(168.736738504525,-6.93491816503781,-9.9959546196735));
#7577=CARTESIAN_POINT('Ctrl Pts',(169.079712480254,-7.10208728491063,-10.0782831089103));
#7578=CARTESIAN_POINT('Ctrl Pts',(169.513933017204,-7.26131008164531,-10.2040184648441));
#7579=CARTESIAN_POINT('Ctrl Pts',(169.890324732633,-7.36158245369896,-10.3207562705488));
#7580=CARTESIAN_POINT('Ctrl Pts',(170.199913597864,-7.42365780026598,-10.4150931648271));
#7581=CARTESIAN_POINT('Ctrl Pts',(170.436810597873,-7.46141020389088,-10.484196762716));
#7582=CARTESIAN_POINT('Ctrl Pts',(170.679079197588,-7.490598652001,-10.5488116782913));
#7583=CARTESIAN_POINT('Ctrl Pts',(170.928180868222,-7.51143703772357,-10.6045771267244));
#7584=CARTESIAN_POINT('Ctrl Pts',(171.185546983397,-7.52402410101816,-10.6447061062171));
#7585=CARTESIAN_POINT('Ctrl Pts',(171.450127825379,-7.52825644955962,-10.6598726410096));
#7586=CARTESIAN_POINT('Ctrl Pts',(171.670565825839,-7.52472179828661,-10.6472040792674));
#7587=CARTESIAN_POINT('Ctrl Pts',(171.821786784308,-7.51858755308044,-10.6273752146594));
#7588=CARTESIAN_POINT('Ctrl Pts',(171.907236140178,-7.51404725357335,-10.6135652194333));
#7589=CARTESIAN_POINT('Ctrl Pts',(172.11920606772,-7.50095481100452,-10.5750827442765));
#7590=CARTESIAN_POINT('Ctrl Pts',(172.465999909057,-7.4656504809701,-10.4861823334194));
#7591=CARTESIAN_POINT('Ctrl Pts',(173.089915250632,-7.35367224869839,-10.2968921019876));
#7592=CARTESIAN_POINT('Ctrl Pts',(173.682874209805,-7.16893312383299,-10.1112329628224));
#7593=CARTESIAN_POINT('Ctrl Pts',(174.163249790351,-6.93495405490614,-9.99598371724915));
#7594=CARTESIAN_POINT('Ctrl Pts',(174.388904577928,-6.79972523026837,-9.95735366946817));
#7595=CARTESIAN_POINT('Ctrl Pts',(174.513020922416,-6.71739986494631,-9.94202633489306));
#7596=CARTESIAN_POINT('Ctrl Pts',(174.573206539386,-6.6746634713421,-9.9368537512941));
#7597=CARTESIAN_POINT('Ctrl Pts',(174.602776554087,-6.65293881878018,-9.93495309047589));
#7598=CARTESIAN_POINT('',(168.668138334629,-6.36249846785269,-9.40763293356756));
#7599=CARTESIAN_POINT('Ctrl Pts',(174.231861665371,-6.36249846785269,-9.40763293356755));
#7600=CARTESIAN_POINT('Ctrl Pts',(174.205770475929,-6.39125168447883,-9.41014851406224));
#7601=CARTESIAN_POINT('Ctrl Pts',(174.152665519779,-6.44779259237828,-9.41724565298683));
#7602=CARTESIAN_POINT('Ctrl Pts',(174.043151098172,-6.55662814738391,-9.43895472782157));
#7603=CARTESIAN_POINT('Ctrl Pts',(173.844043932662,-6.73519686166653,-9.49477605394656));
#7604=CARTESIAN_POINT('Ctrl Pts',(173.420183126299,-7.04342285109917,-9.66391042813563));
#7605=CARTESIAN_POINT('Ctrl Pts',(172.896984044675,-7.28533350735302,-9.93931970818863));
#7606=CARTESIAN_POINT('Ctrl Pts',(172.346470507991,-7.4307898115853,-10.221285594167));
#7607=CARTESIAN_POINT('Ctrl Pts',(172.040475942106,-7.47620133290401,-10.3539761107844));
#7608=CARTESIAN_POINT('Ctrl Pts',(171.853443653098,-7.49295749147494,-10.4114476369847));
#7609=CARTESIAN_POINT('Ctrl Pts',(171.778047162625,-7.49876120230905,-10.4320745516245));
#7610=CARTESIAN_POINT('Ctrl Pts',(171.644616905152,-7.50658446332578,-10.4616972798151));
#7611=CARTESIAN_POINT('Ctrl Pts',(171.450112787099,-7.51107331000785,-10.4806289827514));
#7612=CARTESIAN_POINT('Ctrl Pts',(171.216659102997,-7.50569837890097,-10.4579643587998));
#7613=CARTESIAN_POINT('Ctrl Pts',(170.989571354313,-7.48963700969218,-10.3980175398523));
#7614=CARTESIAN_POINT('Ctrl Pts',(170.769775762578,-7.46288329211183,-10.3147634039826));
#7615=CARTESIAN_POINT('Ctrl Pts',(170.556009351064,-7.42520241880961,-10.2183748688472));
#7616=CARTESIAN_POINT('Ctrl Pts',(170.34698258635,-7.37624419371813,-10.1153905433391));
#7617=CARTESIAN_POINT('Ctrl Pts',(170.073815940558,-7.29544785553661,-9.97496277193992));
#7618=CARTESIAN_POINT('Ctrl Pts',(169.741705603416,-7.16438865234055,-9.80154891258189));
#7619=CARTESIAN_POINT('Ctrl Pts',(169.358569835519,-6.95536566519515,-9.61555402142337));
#7620=CARTESIAN_POINT('Ctrl Pts',(169.055945739287,-6.73514975809009,-9.49473299648912));
#7621=CARTESIAN_POINT('Ctrl Pts',(168.856758287932,-6.55654737845806,-9.43893116420721));
#7622=CARTESIAN_POINT('Ctrl Pts',(168.747329063006,-6.44778123796366,-9.41724331239331));
#7623=CARTESIAN_POINT('Ctrl Pts',(168.694229524071,-6.39125168447881,-9.41014851406225));
#7624=CARTESIAN_POINT('Ctrl Pts',(168.668138334629,-6.36249846785269,-9.40763293356756));
#7625=CARTESIAN_POINT('',(168.297223445913,-6.6529388187802,-9.93495309047588));
#7626=CARTESIAN_POINT('Origin',(168.297223445913,-6.69651669015404,-9.43685574143));
#7627=CARTESIAN_POINT('Ctrl Pts',(168.297223445913,-6.65293881878021,-9.93495309047585));
#7628=CARTESIAN_POINT('Ctrl Pts',(168.326793460614,-6.67466347134227,-9.93685375129407));
#7629=CARTESIAN_POINT('Ctrl Pts',(168.386972938073,-6.717391275658,-9.94202468528702));
#7630=CARTESIAN_POINT('Ctrl Pts',(168.510992726323,-6.7996640775371,-9.95733732113141));
#7631=CARTESIAN_POINT('Ctrl Pts',(168.736738504525,-6.93491816503781,-9.9959546196735));
#7632=CARTESIAN_POINT('Ctrl Pts',(169.079712480254,-7.10208728491063,-10.0782831089103));
#7633=CARTESIAN_POINT('Ctrl Pts',(169.513933017204,-7.26131008164531,-10.2040184648441));
#7634=CARTESIAN_POINT('Ctrl Pts',(169.890324732633,-7.36158245369896,-10.3207562705488));
#7635=CARTESIAN_POINT('Ctrl Pts',(170.199913597864,-7.42365780026598,-10.4150931648271));
#7636=CARTESIAN_POINT('Ctrl Pts',(170.436810597873,-7.46141020389088,-10.484196762716));
#7637=CARTESIAN_POINT('Ctrl Pts',(170.679079197588,-7.490598652001,-10.5488116782913));
#7638=CARTESIAN_POINT('Ctrl Pts',(170.928180868222,-7.51143703772357,-10.6045771267244));
#7639=CARTESIAN_POINT('Ctrl Pts',(171.185546983397,-7.52402410101816,-10.6447061062171));
#7640=CARTESIAN_POINT('Ctrl Pts',(171.450127825379,-7.52825644955962,-10.6598726410096));
#7641=CARTESIAN_POINT('Ctrl Pts',(171.670565825839,-7.52472179828661,-10.6472040792674));
#7642=CARTESIAN_POINT('Ctrl Pts',(171.821786784308,-7.51858755308044,-10.6273752146594));
#7643=CARTESIAN_POINT('Ctrl Pts',(171.907236140178,-7.51404725357335,-10.6135652194333));
#7644=CARTESIAN_POINT('Ctrl Pts',(172.11920606772,-7.50095481100452,-10.5750827442765));
#7645=CARTESIAN_POINT('Ctrl Pts',(172.465999909057,-7.4656504809701,-10.4861823334194));
#7646=CARTESIAN_POINT('Ctrl Pts',(173.089915250632,-7.35367224869839,-10.2968921019876));
#7647=CARTESIAN_POINT('Ctrl Pts',(173.682874209805,-7.16893312383299,-10.1112329628224));
#7648=CARTESIAN_POINT('Ctrl Pts',(174.163249790351,-6.93495405490614,-9.99598371724915));
#7649=CARTESIAN_POINT('Ctrl Pts',(174.388904577928,-6.79972523026837,-9.95735366946817));
#7650=CARTESIAN_POINT('Ctrl Pts',(174.513020922416,-6.71739986494631,-9.94202633489306));
#7651=CARTESIAN_POINT('Ctrl Pts',(174.573206539386,-6.6746634713421,-9.9368537512941));
#7652=CARTESIAN_POINT('Ctrl Pts',(174.602776554087,-6.65293881878018,-9.93495309047589));
#7653=CARTESIAN_POINT('Origin',(171.45,-3.85736180059254,-9.18846187459918));
#7654=CARTESIAN_POINT('',(167.73846255521,-4.39103753171312,-9.23515245107114));
#7655=CARTESIAN_POINT('',(167.243590895904,-4.4186164244887,-9.73947521031327));
#7656=CARTESIAN_POINT('Origin',(167.243590895904,-4.46219429586253,-9.2413778612674));
#7657=CARTESIAN_POINT('Origin',(171.45,-3.81378392921871,-9.68655922364505));
#7658=CARTESIAN_POINT('Origin',(171.45,-3.85736180059254,-9.18846187459918));
#7659=CARTESIAN_POINT('Origin',(162.789745962156,-5.10260517320722,-9.29740655303375));
#7660=CARTESIAN_POINT('',(162.789745962156,-0.576151160420536,-9.40330305971516));
#7661=CARTESIAN_POINT('Origin',(162.789745962156,-0.619729031794365,-8.90520571066929));
#7662=CARTESIAN_POINT('Origin',(162.789745962156,-5.05902730183339,-9.79550390207962));
#7663=CARTESIAN_POINT('Origin',(162.789745962156,-5.10260517320722,-9.29740655303375));
#7664=CARTESIAN_POINT('Origin',(199.275,-0.619729031794365,-8.90520571066929));
#7665=CARTESIAN_POINT('',(151.708186766244,-0.576151160420538,-9.40330305971516));
#7666=CARTESIAN_POINT('Origin',(151.708186766244,-0.619729031794367,-8.90520571066929));
#7667=CARTESIAN_POINT('',(199.275,-0.576151160420536,-9.40330305971516));
#7668=CARTESIAN_POINT('Origin',(151.708186766244,12.3308020433983,-7.77218105494973));
#7669=CARTESIAN_POINT('',(141.647758235499,4.17237690048346,-8.98786068595132));
#7670=CARTESIAN_POINT('Origin',(141.647758235499,4.12879902910963,-8.48976333690545));
#7671=CARTESIAN_POINT('Origin',(151.708186766244,12.3743799147722,-8.2702784039956));
#7672=CARTESIAN_POINT('Origin',(140.1,2.86695241152675,-8.60016061105248));
#7673=CARTESIAN_POINT('',(140.1,4.90291967908407,-8.92394647460304));
#7674=CARTESIAN_POINT('Origin',(140.1,4.85934180771024,-8.42584912555717));
#7675=CARTESIAN_POINT('Origin',(140.1,2.91053028290058,-9.09825796009835));
#7676=CARTESIAN_POINT('Origin',(136.725,4.85934180771025,-8.42584912555717));
#7677=CARTESIAN_POINT('',(126.6,4.90291967908408,-8.92394647460304));
#7678=CARTESIAN_POINT('Origin',(126.6,4.85934180771025,-8.42584912555717));
#7679=CARTESIAN_POINT('',(136.725,4.90291967908408,-8.92394647460304));
#7680=CARTESIAN_POINT('Origin',(126.6,2.86695241152675,-8.60016061105248));
#7681=CARTESIAN_POINT('',(125.052241764501,4.17237690048346,-8.98786068595132));
#7682=CARTESIAN_POINT('Origin',(125.052241764501,4.12879902910963,-8.48976333690545));
#7683=CARTESIAN_POINT('Origin',(126.6,2.91053028290058,-9.09825796009835));
#7684=CARTESIAN_POINT('Origin',(114.991813233756,12.3308020433983,-7.77218105494973));
#7685=CARTESIAN_POINT('',(114.991813233756,-0.576151160420539,-9.40330305971516));
#7686=CARTESIAN_POINT('Origin',(114.991813233756,-0.619729031794369,-8.90520571066929));
#7687=CARTESIAN_POINT('Origin',(114.991813233756,12.3743799147722,-8.2702784039956));
#7688=CARTESIAN_POINT('Origin',(199.275,-0.619729031794365,-8.90520571066929));
#7689=CARTESIAN_POINT('',(103.910254037844,-0.576151160420541,-9.40330305971516));
#7690=CARTESIAN_POINT('Origin',(103.910254037844,-0.61972903179437,-8.90520571066929));
#7691=CARTESIAN_POINT('',(199.275,-0.576151160420536,-9.40330305971516));
#7692=CARTESIAN_POINT('Origin',(103.910254037844,-5.10260517320722,-9.29740655303375));
#7693=CARTESIAN_POINT('',(98.9615374447905,-4.39103753171312,-9.23515245107114));
#7694=CARTESIAN_POINT('',(99.4564091040959,-4.4186164244887,-9.73947521031327));
#7695=CARTESIAN_POINT('Origin',(99.4564091040959,-4.46219429586253,-9.2413778612674));
#7696=CARTESIAN_POINT('Origin',(103.910254037844,-5.05902730183339,-9.79550390207962));
#7697=CARTESIAN_POINT('Origin',(103.910254037844,-5.10260517320722,-9.29740655303375));
#7698=CARTESIAN_POINT('Origin',(95.25,-3.85736180059254,-9.18846187459918));
#7699=CARTESIAN_POINT('',(98.0318616653708,-6.36249846785268,-9.40763293356756));
#7700=CARTESIAN_POINT('',(98.4027765540869,-6.6529388187802,-9.93495309047588));
#7701=CARTESIAN_POINT('Origin',(98.4027765540869,-6.69651669015403,-9.43685574143));
#7702=CARTESIAN_POINT('Origin',(95.25,-3.81378392921871,-9.68655922364505));
#7703=CARTESIAN_POINT('Origin',(95.25,-3.85736180059254,-9.18846187459918));
#7704=CARTESIAN_POINT('Ctrl Pts',(92.4681383346292,-6.36249846785268,-9.40763293356756));
#7705=CARTESIAN_POINT('Ctrl Pts',(92.5203207135133,-6.42000490110491,-9.41266409455694));
#7706=CARTESIAN_POINT('Ctrl Pts',(92.628335019123,-6.53103357541297,-9.43096388872941));
#7707=CARTESIAN_POINT('Ctrl Pts',(92.8558410044876,-6.73513490636629,-9.49472241921504));
#7708=CARTESIAN_POINT('Ctrl Pts',(93.28002453874,-7.04350378695833,-9.66399730521278));
#7709=CARTESIAN_POINT('Ctrl Pts',(93.8028543243268,-7.28529420258385,-9.93917425206824));
#7710=CARTESIAN_POINT('Ctrl Pts',(94.3536085374456,-7.43084610468571,-10.2213956752054));
#7711=CARTESIAN_POINT('Ctrl Pts',(94.6779241919963,-7.47893911767144,-10.3619801194984));
#7712=CARTESIAN_POINT('Ctrl Pts',(94.9031611637767,-7.49767652994352,-10.427892578661));
#7713=CARTESIAN_POINT('Ctrl Pts',(95.0556455654509,-7.50660310031878,-10.4616053425658));
#7714=CARTESIAN_POINT('Ctrl Pts',(95.2501343858809,-7.51108350653568,-10.4805804704616));
#7715=CARTESIAN_POINT('Ctrl Pts',(95.4446610783178,-7.5065908027949,-10.4615590651395));
#7716=CARTESIAN_POINT('Ctrl Pts',(95.59714078196,-7.49765514808534,-10.4278060749658));
#7717=CARTESIAN_POINT('Ctrl Pts',(95.822507262244,-7.47888671548207,-10.3618011790176));
#7718=CARTESIAN_POINT('Ctrl Pts',(96.1464696930011,-7.43080751367063,-10.2213081416445));
#7719=CARTESIAN_POINT('Ctrl Pts',(96.6970308903637,-7.28532175412308,-9.93929726203544));
#7720=CARTESIAN_POINT('Ctrl Pts',(97.220180032074,-7.0434305116207,-9.66392377450115));
#7721=CARTESIAN_POINT('Ctrl Pts',(97.6440416580903,-6.73519280676569,-9.49477411069038));
#7722=CARTESIAN_POINT('Ctrl Pts',(97.8715939525677,-6.53112323297061,-9.43098498208739));
#7723=CARTESIAN_POINT('Ctrl Pts',(97.9796792864867,-6.42000490110492,-9.41266409455694));
#7724=CARTESIAN_POINT('Ctrl Pts',(98.0318616653708,-6.36249846785268,-9.40763293356756));
#7725=CARTESIAN_POINT('Ctrl Pts',(92.4681383346292,-6.35108980780542,-9.53803451461214));
#7726=CARTESIAN_POINT('Ctrl Pts',(92.5174017683183,-6.40571204237669,-9.54034268103271));
#7727=CARTESIAN_POINT('Ctrl Pts',(92.6200530617543,-6.51225478679622,-9.55271724089949));
#7728=CARTESIAN_POINT('Ctrl Pts',(92.838855052391,-6.71155738192511,-9.60376507780417));
#7729=CARTESIAN_POINT('Ctrl Pts',(93.2535800947242,-7.0199962903383,-9.75045776380561));
#7730=CARTESIAN_POINT('Ctrl Pts',(93.7772914513279,-7.27031898395341,-10.0029695132455));
#7731=CARTESIAN_POINT('Ctrl Pts',(94.3355641098121,-7.42324374855279,-10.2666318086542));
#7732=CARTESIAN_POINT('Ctrl Pts',(94.6659560150105,-7.47454160388912,-10.3988070550331));
#7733=CARTESIAN_POINT('Ctrl Pts',(94.8957766862166,-7.49461728761252,-10.4608726484764));
#7734=CARTESIAN_POINT('Ctrl Pts',(95.0514199782124,-7.50421613334017,-10.4926333115748));
#7735=CARTESIAN_POINT('Ctrl Pts',(95.2500629206583,-7.50904998242743,-10.510522734528));
#7736=CARTESIAN_POINT('Ctrl Pts',(95.4487398906217,-7.50420157912012,-10.4925902728895));
#7737=CARTESIAN_POINT('Ctrl Pts',(95.6043826526048,-7.49459381838086,-10.4607915707997));
#7738=CARTESIAN_POINT('Ctrl Pts',(95.8343332256006,-7.4744818929204,-10.3986398779536));
#7739=CARTESIAN_POINT('Ctrl Pts',(96.164352971823,-7.42320173964446,-10.2665528194033));
#7740=CARTESIAN_POINT('Ctrl Pts',(96.7224909961286,-7.27036201687857,-10.0030832552176));
#7741=CARTESIAN_POINT('Ctrl Pts',(97.2465991247685,-7.0198887639391,-9.75040267554254));
#7742=CARTESIAN_POINT('Ctrl Pts',(97.661038428927,-6.71163804379046,-9.60380680654972));
#7743=CARTESIAN_POINT('Ctrl Pts',(97.8798904700692,-6.51234232613657,-9.55273132897893));
#7744=CARTESIAN_POINT('Ctrl Pts',(97.9825982316818,-6.40571204237665,-9.54034268103271));
#7745=CARTESIAN_POINT('Ctrl Pts',(98.0318616653708,-6.35108980780542,-9.53803451461214));
#7746=CARTESIAN_POINT('Ctrl Pts',(92.3876616175929,-6.40084692219181,-9.80399944105299));
#7747=CARTESIAN_POINT('Ctrl Pts',(92.4360457977889,-6.44843790419906,-9.80097339559636));
#7748=CARTESIAN_POINT('Ctrl Pts',(92.5374572237868,-6.5429652353816,-9.80161007611));
#7749=CARTESIAN_POINT('Ctrl Pts',(92.7561999418839,-6.72487976319527,-9.827191692534));
#7750=CARTESIAN_POINT('Ctrl Pts',(93.1768063955099,-7.01707453108977,-9.92793243270062));
#7751=CARTESIAN_POINT('Ctrl Pts',(93.7171723594597,-7.26581865734845,-10.133533571563));
#7752=CARTESIAN_POINT('Ctrl Pts',(94.297056748572,-7.42037393586706,-10.3589020246839));
#7753=CARTESIAN_POINT('Ctrl Pts',(94.641167051345,-7.47311046628417,-10.4738077059616));
#7754=CARTESIAN_POINT('Ctrl Pts',(94.8807199361162,-7.49384638676749,-10.5279938244446));
#7755=CARTESIAN_POINT('Ctrl Pts',(95.0430209188535,-7.50379092420348,-10.5557639685354));
#7756=CARTESIAN_POINT('Ctrl Pts',(95.2501676316963,-7.5088222698584,-10.5714340290963));
#7757=CARTESIAN_POINT('Ctrl Pts',(95.4573565344204,-7.50377880710599,-10.5557254210019));
#7758=CARTESIAN_POINT('Ctrl Pts',(95.6196502866195,-7.49382490526892,-10.5279222411345));
#7759=CARTESIAN_POINT('Ctrl Pts',(95.8593413853585,-7.47305431729151,-10.4736600448373));
#7760=CARTESIAN_POINT('Ctrl Pts',(96.2030753262613,-7.42035664142382,-10.3588278070067));
#7761=CARTESIAN_POINT('Ctrl Pts',(96.7827358853401,-7.26588872958978,-10.1336250696884));
#7762=CARTESIAN_POINT('Ctrl Pts',(97.3234135599555,-7.01690183893808,-9.92792651407294));
#7763=CARTESIAN_POINT('Ctrl Pts',(97.7436723630596,-6.72495880614982,-9.82722781040038));
#7764=CARTESIAN_POINT('Ctrl Pts',(97.9624768042045,-6.54302576367023,-9.80162040561841));
#7765=CARTESIAN_POINT('Ctrl Pts',(98.0639542022113,-6.44843790419893,-9.80097339559635));
#7766=CARTESIAN_POINT('Ctrl Pts',(98.1123383824072,-6.40084692219181,-9.803999441053));
#7767=CARTESIAN_POINT('Ctrl Pts',(92.1943287367046,-6.56549305266794,-9.92730257726771));
#7768=CARTESIAN_POINT('Ctrl Pts',(92.2498180640836,-6.60887103718828,-9.92716764139746));
#7769=CARTESIAN_POINT('Ctrl Pts',(92.3651338398021,-6.69395248034511,-9.93263894308352));
#7770=CARTESIAN_POINT('Ctrl Pts',(92.6097875817828,-6.85465533850502,-9.96359528206363));
#7771=CARTESIAN_POINT('Ctrl Pts',(93.0703568894436,-7.10697263635407,-10.0628184387637));
#7772=CARTESIAN_POINT('Ctrl Pts',(93.6455507327249,-7.31670484703489,-10.2471658472947));
#7773=CARTESIAN_POINT('Ctrl Pts',(94.2550099798237,-7.4464646462842,-10.4450346730517));
#7774=CARTESIAN_POINT('Ctrl Pts',(94.6147739859377,-7.49049379868853,-10.5451933168027));
#7775=CARTESIAN_POINT('Ctrl Pts',(94.8648145551844,-7.50780014276375,-10.5923591433192));
#7776=CARTESIAN_POINT('Ctrl Pts',(95.034125660172,-7.51609272604585,-10.6165098229776));
#7777=CARTESIAN_POINT('Ctrl Pts',(95.2501316897419,-7.52028401141296,-10.6301331099133));
#7778=CARTESIAN_POINT('Ctrl Pts',(95.4661787827844,-7.51608118288597,-10.6164791477204));
#7779=CARTESIAN_POINT('Ctrl Pts',(95.6354854992385,-7.50778078743546,-10.5922987833995));
#7780=CARTESIAN_POINT('Ctrl Pts',(95.8856693565263,-7.49044435685995,-10.545071088367));
#7781=CARTESIAN_POINT('Ctrl Pts',(96.2450373197311,-7.44643702892919,-10.4449847110415));
#7782=CARTESIAN_POINT('Ctrl Pts',(96.8542967942593,-7.31674781708489,-10.2472473111182));
#7783=CARTESIAN_POINT('Ctrl Pts',(97.4298640873905,-7.10686777652985,-10.0627925631557));
#7784=CARTESIAN_POINT('Ctrl Pts',(97.8900848618555,-6.85471960921635,-9.96360514108082));
#7785=CARTESIAN_POINT('Ctrl Pts',(98.1347940381385,-6.69401638165913,-9.93263931353476));
#7786=CARTESIAN_POINT('Ctrl Pts',(98.2501819359166,-6.60887103718811,-9.92716764139744));
#7787=CARTESIAN_POINT('Ctrl Pts',(98.3056712632954,-6.56549305266795,-9.92730257726771));
#7788=CARTESIAN_POINT('Ctrl Pts',(92.0972234459131,-6.6529388187802,-9.93495309047588));
#7789=CARTESIAN_POINT('Ctrl Pts',(92.1563634753151,-6.69638812390419,-9.9387544121123));
#7790=CARTESIAN_POINT('Ctrl Pts',(92.2787796883395,-6.78034272008654,-9.95182351675863));
#7791=CARTESIAN_POINT('Ctrl Pts',(92.536619805086,-6.93490687213123,-9.99594744639447));
#7792=CARTESIAN_POINT('Ctrl Pts',(93.0173611439054,-7.16899489121325,-10.1112915641726));
#7793=CARTESIAN_POINT('Ctrl Pts',(93.6099015675704,-7.35364145571448,-10.2967947296848));
#7794=CARTESIAN_POINT('Ctrl Pts',(94.2340896757717,-7.46569382509721,-10.4862562295594));
#7795=CARTESIAN_POINT('Ctrl Pts',(94.6016474175958,-7.50308328342545,-10.5804452838731));
#7796=CARTESIAN_POINT('Ctrl Pts',(94.8569159856136,-7.51773648003208,-10.6245760377973));
#7797=CARTESIAN_POINT('Ctrl Pts',(95.0297316408444,-7.52473515744247,-10.6471428695255));
#7798=CARTESIAN_POINT('Ctrl Pts',(95.2501523039983,-7.52826377231489,-10.6598403454207));
#7799=CARTESIAN_POINT('Ctrl Pts',(95.4706158887602,-7.52472551712826,-10.6471118917524));
#7800=CARTESIAN_POINT('Ctrl Pts',(95.6434262195546,-7.51771967167832,-10.6245181452402));
#7801=CARTESIAN_POINT('Ctrl Pts',(95.8988415638766,-7.5030423450343,-10.5803254649725));
#7802=CARTESIAN_POINT('Ctrl Pts',(96.2659989854013,-7.46566401794095,-10.4861975169147));
#7803=CARTESIAN_POINT('Ctrl Pts',(96.8899683424123,-7.35366320318348,-10.2968770320217));
#7804=CARTESIAN_POINT('Ctrl Pts',(97.4828707030173,-7.16893900961334,-10.1112419285326));
#7805=CARTESIAN_POINT('Ctrl Pts',(97.9632472125023,-6.93495097894369,-9.99598238913839));
#7806=CARTESIAN_POINT('Ctrl Pts',(98.2211398129101,-6.78041056360661,-9.95183828518958));
#7807=CARTESIAN_POINT('Ctrl Pts',(98.343636524685,-6.69638812390402,-9.93875441211229));
#7808=CARTESIAN_POINT('Ctrl Pts',(98.4027765540869,-6.6529388187802,-9.93495309047588));
#7809=CARTESIAN_POINT('',(92.4681383346292,-6.36249846785268,-9.40763293356756));
#7810=CARTESIAN_POINT('Ctrl Pts',(98.0318616653708,-6.36249846785268,-9.40763293356756));
#7811=CARTESIAN_POINT('Ctrl Pts',(97.9796792864867,-6.42000490110492,-9.41266409455694));
#7812=CARTESIAN_POINT('Ctrl Pts',(97.8715939525677,-6.53112323297061,-9.43098498208739));
#7813=CARTESIAN_POINT('Ctrl Pts',(97.6440416580903,-6.73519280676569,-9.49477411069038));
#7814=CARTESIAN_POINT('Ctrl Pts',(97.220180032074,-7.0434305116207,-9.66392377450115));
#7815=CARTESIAN_POINT('Ctrl Pts',(96.6970308903637,-7.28532175412308,-9.93929726203544));
#7816=CARTESIAN_POINT('Ctrl Pts',(96.1464696930011,-7.43080751367063,-10.2213081416445));
#7817=CARTESIAN_POINT('Ctrl Pts',(95.822507262244,-7.47888671548207,-10.3618011790176));
#7818=CARTESIAN_POINT('Ctrl Pts',(95.59714078196,-7.49765514808534,-10.4278060749658));
#7819=CARTESIAN_POINT('Ctrl Pts',(95.4446610783178,-7.5065908027949,-10.4615590651395));
#7820=CARTESIAN_POINT('Ctrl Pts',(95.2501343858809,-7.51108350653568,-10.4805804704616));
#7821=CARTESIAN_POINT('Ctrl Pts',(95.0556455654509,-7.50660310031878,-10.4616053425658));
#7822=CARTESIAN_POINT('Ctrl Pts',(94.9031611637767,-7.49767652994352,-10.427892578661));
#7823=CARTESIAN_POINT('Ctrl Pts',(94.6779241919963,-7.47893911767144,-10.3619801194984));
#7824=CARTESIAN_POINT('Ctrl Pts',(94.3536085374456,-7.43084610468571,-10.2213956752054));
#7825=CARTESIAN_POINT('Ctrl Pts',(93.8028543243268,-7.28529420258385,-9.93917425206824));
#7826=CARTESIAN_POINT('Ctrl Pts',(93.28002453874,-7.04350378695833,-9.66399730521278));
#7827=CARTESIAN_POINT('Ctrl Pts',(92.8558410044876,-6.73513490636629,-9.49472241921504));
#7828=CARTESIAN_POINT('Ctrl Pts',(92.628335019123,-6.53103357541297,-9.43096388872941));
#7829=CARTESIAN_POINT('Ctrl Pts',(92.5203207135133,-6.42000490110491,-9.41266409455694));
#7830=CARTESIAN_POINT('Ctrl Pts',(92.4681383346292,-6.36249846785268,-9.40763293356756));
#7831=CARTESIAN_POINT('',(92.0972234459131,-6.6529388187802,-9.93495309047588));
#7832=CARTESIAN_POINT('Origin',(92.0972234459131,-6.69651669015403,-9.43685574143));
#7833=CARTESIAN_POINT('Ctrl Pts',(92.0972234459131,-6.6529388187802,-9.93495309047588));
#7834=CARTESIAN_POINT('Ctrl Pts',(92.1563634753151,-6.69638812390419,-9.9387544121123));
#7835=CARTESIAN_POINT('Ctrl Pts',(92.2787796883395,-6.78034272008654,-9.95182351675863));
#7836=CARTESIAN_POINT('Ctrl Pts',(92.536619805086,-6.93490687213123,-9.99594744639447));
#7837=CARTESIAN_POINT('Ctrl Pts',(93.0173611439054,-7.16899489121325,-10.1112915641726));
#7838=CARTESIAN_POINT('Ctrl Pts',(93.6099015675704,-7.35364145571448,-10.2967947296848));
#7839=CARTESIAN_POINT('Ctrl Pts',(94.2340896757717,-7.46569382509721,-10.4862562295594));
#7840=CARTESIAN_POINT('Ctrl Pts',(94.6016474175958,-7.50308328342545,-10.5804452838731));
#7841=CARTESIAN_POINT('Ctrl Pts',(94.8569159856136,-7.51773648003208,-10.6245760377973));
#7842=CARTESIAN_POINT('Ctrl Pts',(95.0297316408444,-7.52473515744247,-10.6471428695255));
#7843=CARTESIAN_POINT('Ctrl Pts',(95.2501523039983,-7.52826377231489,-10.6598403454207));
#7844=CARTESIAN_POINT('Ctrl Pts',(95.4706158887602,-7.52472551712826,-10.6471118917524));
#7845=CARTESIAN_POINT('Ctrl Pts',(95.6434262195546,-7.51771967167832,-10.6245181452402));
#7846=CARTESIAN_POINT('Ctrl Pts',(95.8988415638766,-7.5030423450343,-10.5803254649725));
#7847=CARTESIAN_POINT('Ctrl Pts',(96.2659989854013,-7.46566401794095,-10.4861975169147));
#7848=CARTESIAN_POINT('Ctrl Pts',(96.8899683424123,-7.35366320318348,-10.2968770320217));
#7849=CARTESIAN_POINT('Ctrl Pts',(97.4828707030173,-7.16893900961334,-10.1112419285326));
#7850=CARTESIAN_POINT('Ctrl Pts',(97.9632472125023,-6.93495097894369,-9.99598238913839));
#7851=CARTESIAN_POINT('Ctrl Pts',(98.2211398129101,-6.78041056360661,-9.95183828518958));
#7852=CARTESIAN_POINT('Ctrl Pts',(98.343636524685,-6.69638812390402,-9.93875441211229));
#7853=CARTESIAN_POINT('Ctrl Pts',(98.4027765540869,-6.6529388187802,-9.93495309047588));
#7854=CARTESIAN_POINT('Origin',(95.25,-3.85736180059254,-9.18846187459918));
#7855=CARTESIAN_POINT('',(91.5384625552095,-4.39103753171312,-9.23515245107114));
#7856=CARTESIAN_POINT('',(91.0435908959042,-4.4186164244887,-9.73947521031327));
#7857=CARTESIAN_POINT('Origin',(91.0435908959042,-4.46219429586253,-9.2413778612674));
#7858=CARTESIAN_POINT('Origin',(95.25,-3.81378392921871,-9.68655922364505));
#7859=CARTESIAN_POINT('Origin',(95.25,-3.85736180059254,-9.18846187459918));
#7860=CARTESIAN_POINT('Origin',(86.5897459621556,-5.10260517320722,-9.29740655303375));
#7861=CARTESIAN_POINT('',(86.5897459621556,-0.57615116042054,-9.40330305971516));
#7862=CARTESIAN_POINT('Origin',(86.5897459621556,-0.619729031794369,-8.90520571066929));
#7863=CARTESIAN_POINT('Origin',(86.5897459621556,-5.0590273018334,-9.79550390207962));
#7864=CARTESIAN_POINT('Origin',(86.5897459621556,-5.10260517320722,-9.29740655303375));
#7865=CARTESIAN_POINT('Origin',(199.275,-0.619729031794365,-8.90520571066929));
#7866=CARTESIAN_POINT('',(27.7102540378444,-0.576151160420544,-9.40330305971516));
#7867=CARTESIAN_POINT('Origin',(27.7102540378444,-0.619729031794373,-8.90520571066929));
#7868=CARTESIAN_POINT('',(199.275,-0.576151160420536,-9.40330305971516));
#7869=CARTESIAN_POINT('Origin',(27.7102540378444,-5.10260517320723,-9.29740655303375));
#7870=CARTESIAN_POINT('',(22.7615374447905,-4.39103753171311,-9.23515245107114));
#7871=CARTESIAN_POINT('',(23.2564091040958,-4.4186164244887,-9.73947521031327));
#7872=CARTESIAN_POINT('Origin',(23.2564091040958,-4.46219429586252,-9.2413778612674));
#7873=CARTESIAN_POINT('Origin',(27.7102540378444,-5.0590273018334,-9.79550390207962));
#7874=CARTESIAN_POINT('Origin',(27.7102540378444,-5.10260517320723,-9.29740655303375));
#7875=CARTESIAN_POINT('Origin',(19.05,-3.85736180059253,-9.18846187459918));
#7876=CARTESIAN_POINT('',(15.3384625552095,-4.39103753171311,-9.23515245107114));
#7877=CARTESIAN_POINT('',(14.8435908959042,-4.4186164244887,-9.73947521031327));
#7878=CARTESIAN_POINT('Origin',(14.8435908959042,-4.46219429586252,-9.2413778612674));
#7879=CARTESIAN_POINT('Origin',(19.05,-3.8137839292187,-9.68655922364505));
#7880=CARTESIAN_POINT('Origin',(19.05,-3.85736180059253,-9.18846187459918));
#7881=CARTESIAN_POINT('Origin',(10.3897459621556,-5.10260517320723,-9.29740655303375));
#7882=CARTESIAN_POINT('',(10.3897459621556,-0.576151160420544,-9.40330305971516));
#7883=CARTESIAN_POINT('Origin',(10.3897459621556,-0.619729031794373,-8.90520571066929));
#7884=CARTESIAN_POINT('Origin',(10.3897459621556,-5.0590273018334,-9.79550390207962));
#7885=CARTESIAN_POINT('Origin',(10.3897459621556,-5.10260517320723,-9.29740655303375));
#7886=CARTESIAN_POINT('Origin',(199.275,-0.619729031794365,-8.90520571066929));
#7887=CARTESIAN_POINT('',(4.49999999999999,-0.576151160420545,-9.40330305971516));
#7888=CARTESIAN_POINT('Origin',(4.49999999999999,-0.619729031794374,-8.90520571066929));
#7889=CARTESIAN_POINT('',(199.275,-0.576151160420536,-9.40330305971516));
#7890=CARTESIAN_POINT('Origin',(4.49999999999999,-5.10260517320723,-9.29740655303375));
#7891=CARTESIAN_POINT('',(-0.500000000000008,-5.10260517320723,-9.29740655303375));
#7892=CARTESIAN_POINT('',(-5.55111512312578E-15,-5.0590273018334,-9.79550390207962));
#7893=CARTESIAN_POINT('Origin',(-5.55111512312578E-15,-5.10260517320723,
-9.29740655303375));
#7894=CARTESIAN_POINT('Origin',(4.49999999999999,-5.0590273018334,-9.79550390207962));
#7895=CARTESIAN_POINT('Origin',(4.49999999999999,-5.10260517320723,-9.29740655303375));
#7896=CARTESIAN_POINT('Origin',(-8.88178419700125E-15,-20.344384054011,
-10.6308894170729));
#7897=CARTESIAN_POINT('',(-0.500000000000002,-53.0693798863248,-13.4939555663335));
#7898=CARTESIAN_POINT('',(-4.92488475362635E-15,-53.025802014951,-13.9920529153794));
#7899=CARTESIAN_POINT('Origin',(-4.92488475362635E-15,-53.0693798863248,
-13.4939555663335));
#7900=CARTESIAN_POINT('',(-8.88178419700125E-15,-20.3008061826371,-11.1289867661188));
#7901=CARTESIAN_POINT('',(-0.500000000000006,-20.344384054011,-10.6308894170729));
#7902=CARTESIAN_POINT('Origin',(4.5,-53.0693798863248,-13.4939555663335));
#7903=CARTESIAN_POINT('',(4.5,-58.0503533767835,-13.9297342800718));
#7904=CARTESIAN_POINT('',(4.5,-57.5086781563638,-14.3842537577438));
#7905=CARTESIAN_POINT('Origin',(4.5,-57.5522560277376,-13.886156408698));
#7906=CARTESIAN_POINT('Origin',(4.5,-53.025802014951,-13.9920529153794));
#7907=CARTESIAN_POINT('Origin',(4.5,-53.0693798863248,-13.4939555663335));
#7908=CARTESIAN_POINT('Origin',(67.425,-57.5522560277376,-13.8861564086979));
#7909=CARTESIAN_POINT('',(11.7875,-58.0503533767835,-13.9297342800718));
#7910=CARTESIAN_POINT('',(11.7875,-57.5086781563638,-14.3842537577438));
#7911=CARTESIAN_POINT('Origin',(11.7875,-57.5522560277376,-13.886156408698));
#7912=CARTESIAN_POINT('',(67.425,-57.5086781563638,-14.3842537577438));
#7913=CARTESIAN_POINT('',(67.425,-58.0503533767834,-13.9297342800718));
#7914=CARTESIAN_POINT('Origin',(11.7875,-60.042742772967,-14.1040457655671));
#7915=CARTESIAN_POINT('',(13.7875,-60.042742772967,-14.1040457655671));
#7916=CARTESIAN_POINT('',(14.2875,-59.9991649015932,-14.602143114613));
#7917=CARTESIAN_POINT('Origin',(14.2875,-60.042742772967,-14.1040457655671));
#7918=CARTESIAN_POINT('Origin',(11.7875,-59.9991649015932,-14.602143114613));
#7919=CARTESIAN_POINT('Origin',(11.7875,-60.042742772967,-14.1040457655671));
#7920=CARTESIAN_POINT('Origin',(14.2875,-49.3087449010285,-13.1649426374611));
#7921=CARTESIAN_POINT('',(13.7875,-72.0468888849725,-15.1542724656764));
#7922=CARTESIAN_POINT('',(14.2875,-72.0033110135987,-15.6523698147223));
#7923=CARTESIAN_POINT('Origin',(14.2875,-72.0468888849725,-15.1542724656764));
#7924=CARTESIAN_POINT('',(14.2875,-49.2651670296546,-13.663039986507));
#7925=CARTESIAN_POINT('',(13.7875,-49.3087449010285,-13.1649426374611));
#7926=CARTESIAN_POINT('Origin',(18.7875,-72.0468888849725,-15.1542724656764));
#7927=CARTESIAN_POINT('',(18.7875,-77.0278623754313,-15.5900511794147));
#7928=CARTESIAN_POINT('',(18.7875,-76.4861871550116,-16.0445706570867));
#7929=CARTESIAN_POINT('Origin',(18.7875,-76.5297650263854,-15.5464733080408));
#7930=CARTESIAN_POINT('Origin',(18.7875,-72.0033110135987,-15.6523698147223));
#7931=CARTESIAN_POINT('Origin',(18.7875,-72.0468888849725,-15.1542724656764));
#7932=CARTESIAN_POINT('Origin',(74.56875,-76.5297650263854,-15.5464733080408));
#7933=CARTESIAN_POINT('',(29.4397459621556,-76.4861871550116,-16.0445706570867));
#7934=CARTESIAN_POINT('Origin',(29.4397459621556,-76.5297650263854,-15.5464733080408));
#7935=CARTESIAN_POINT('',(74.56875,-76.4861871550116,-16.0445706570867));
#7936=CARTESIAN_POINT('',(74.56875,-77.0278623754313,-15.5900511794147));
#7937=CARTESIAN_POINT('Origin',(29.4397459621556,-72.0468888849726,-15.1542724656764));
#7938=CARTESIAN_POINT('',(33.8935908959041,-72.6437218909434,-15.7083985064886));
#7939=CARTESIAN_POINT('Origin',(33.8935908959041,-72.6872997623173,-15.2103011574427));
#7940=CARTESIAN_POINT('Origin',(29.4397459621556,-72.0033110135987,-15.6523698147223));
#7941=CARTESIAN_POINT('Origin',(38.1,-73.2921322575872,-15.263217144111));
#7942=CARTESIAN_POINT('',(42.3064091040958,-72.6437218909434,-15.7083985064886));
#7943=CARTESIAN_POINT('Origin',(42.3064091040958,-72.6872997623173,-15.2103011574427));
#7944=CARTESIAN_POINT('Origin',(38.1,-73.2485543862134,-15.7613144931568));
#7945=CARTESIAN_POINT('Origin',(46.7602540378444,-72.0468888849726,-15.1542724656764));
#7946=CARTESIAN_POINT('',(46.7602540378444,-76.4861871550116,-16.0445706570867));
#7947=CARTESIAN_POINT('Origin',(46.7602540378444,-76.5297650263854,-15.5464733080408));
#7948=CARTESIAN_POINT('Origin',(46.7602540378444,-72.0033110135987,-15.6523698147223));
#7949=CARTESIAN_POINT('Origin',(74.56875,-76.5297650263854,-15.5464733080408));
#7950=CARTESIAN_POINT('',(77.0647459621556,-76.4861871550116,-16.0445706570867));
#7951=CARTESIAN_POINT('Origin',(77.0647459621556,-76.5297650263854,-15.5464733080408));
#7952=CARTESIAN_POINT('',(74.56875,-76.4861871550116,-16.0445706570867));
#7953=CARTESIAN_POINT('',(74.56875,-77.0278623754313,-15.5900511794147));
#7954=CARTESIAN_POINT('Origin',(77.0647459621556,-72.0468888849726,-15.1542724656764));
#7955=CARTESIAN_POINT('',(81.5185908959042,-72.6437218909434,-15.7083985064886));
#7956=CARTESIAN_POINT('Origin',(81.5185908959042,-72.6872997623172,-15.2103011574427));
#7957=CARTESIAN_POINT('Origin',(77.0647459621556,-72.0033110135987,-15.6523698147223));
#7958=CARTESIAN_POINT('Origin',(85.725,-73.2921322575872,-15.2632171441109));
#7959=CARTESIAN_POINT('',(89.9314091040959,-72.6437218909434,-15.7083985064886));
#7960=CARTESIAN_POINT('Origin',(89.9314091040959,-72.6872997623172,-15.2103011574427));
#7961=CARTESIAN_POINT('Origin',(85.725,-73.2485543862133,-15.7613144931568));
#7962=CARTESIAN_POINT('Origin',(94.3852540378444,-72.0468888849726,-15.1542724656764));
#7963=CARTESIAN_POINT('',(94.3852540378444,-76.4861871550116,-16.0445706570867));
#7964=CARTESIAN_POINT('Origin',(94.3852540378444,-76.5297650263854,-15.5464733080408));
#7965=CARTESIAN_POINT('Origin',(94.3852540378444,-72.0033110135987,-15.6523698147223));
#7966=CARTESIAN_POINT('Origin',(74.56875,-76.5297650263854,-15.5464733080408));
#7967=CARTESIAN_POINT('',(172.314745962156,-76.4861871550116,-16.0445706570867));
#7968=CARTESIAN_POINT('Origin',(172.314745962156,-76.5297650263854,-15.5464733080408));
#7969=CARTESIAN_POINT('',(74.56875,-76.4861871550116,-16.0445706570867));
#7970=CARTESIAN_POINT('',(74.56875,-77.0278623754313,-15.5900511794147));
#7971=CARTESIAN_POINT('Origin',(172.314745962156,-72.0468888849726,-15.1542724656764));
#7972=CARTESIAN_POINT('',(176.768590895904,-72.6437218909434,-15.7083985064886));
#7973=CARTESIAN_POINT('Origin',(176.768590895904,-72.6872997623173,-15.2103011574427));
#7974=CARTESIAN_POINT('Origin',(172.314745962156,-72.0033110135987,-15.6523698147223));
#7975=CARTESIAN_POINT('Origin',(180.975,-73.2921322575872,-15.263217144111));
#7976=CARTESIAN_POINT('',(185.181409104096,-72.6437218909434,-15.7083985064886));
#7977=CARTESIAN_POINT('Origin',(185.181409104096,-72.6872997623173,-15.2103011574427));
#7978=CARTESIAN_POINT('Origin',(180.975,-73.2485543862134,-15.7613144931568));
#7979=CARTESIAN_POINT('Origin',(189.635254037844,-72.0468888849726,-15.1542724656764));
#7980=CARTESIAN_POINT('',(189.635254037844,-76.4861871550116,-16.0445706570867));
#7981=CARTESIAN_POINT('Origin',(189.635254037844,-76.5297650263854,-15.5464733080408));
#7982=CARTESIAN_POINT('Origin',(189.635254037844,-72.0033110135987,-15.6523698147223));
#7983=CARTESIAN_POINT('Origin',(74.56875,-76.5297650263854,-15.5464733080408));
#7984=CARTESIAN_POINT('',(219.939745962156,-76.4861871550116,-16.0445706570867));
#7985=CARTESIAN_POINT('Origin',(219.939745962156,-76.5297650263854,-15.5464733080408));
#7986=CARTESIAN_POINT('',(74.56875,-76.4861871550116,-16.0445706570867));
#7987=CARTESIAN_POINT('',(74.56875,-77.0278623754313,-15.5900511794147));
#7988=CARTESIAN_POINT('Origin',(219.939745962156,-72.0468888849726,-15.1542724656764));
#7989=CARTESIAN_POINT('',(224.393590895904,-72.6437218909434,-15.7083985064886));
#7990=CARTESIAN_POINT('Origin',(224.393590895904,-72.6872997623173,-15.2103011574427));
#7991=CARTESIAN_POINT('Origin',(219.939745962156,-72.0033110135987,-15.6523698147223));
#7992=CARTESIAN_POINT('Origin',(228.6,-73.2921322575872,-15.263217144111));
#7993=CARTESIAN_POINT('',(232.806409104096,-72.6437218909434,-15.7083985064886));
#7994=CARTESIAN_POINT('Origin',(232.806409104096,-72.6872997623173,-15.2103011574427));
#7995=CARTESIAN_POINT('Origin',(228.6,-73.2485543862134,-15.7613144931568));
#7996=CARTESIAN_POINT('Origin',(237.260254037844,-72.0468888849726,-15.1542724656764));
#7997=CARTESIAN_POINT('',(237.260254037844,-76.4861871550116,-16.0445706570867));
#7998=CARTESIAN_POINT('Origin',(237.260254037844,-76.5297650263854,-15.5464733080408));
#7999=CARTESIAN_POINT('Origin',(237.260254037844,-72.0033110135987,-15.6523698147223));
#8000=CARTESIAN_POINT('Origin',(74.56875,-76.5297650263854,-15.5464733080408));
#8001=CARTESIAN_POINT('',(247.9125,-77.0278623754313,-15.5900511794147));
#8002=CARTESIAN_POINT('',(247.9125,-76.4861871550116,-16.0445706570867));
#8003=CARTESIAN_POINT('Origin',(247.9125,-76.5297650263854,-15.5464733080408));
#8004=CARTESIAN_POINT('',(74.56875,-76.4861871550116,-16.0445706570867));
#8005=CARTESIAN_POINT('',(74.56875,-77.0278623754313,-15.5900511794147));
#8006=CARTESIAN_POINT('Origin',(247.9125,-72.0468888849725,-15.1542724656764));
#8007=CARTESIAN_POINT('',(252.9125,-72.0468888849725,-15.1542724656764));
#8008=CARTESIAN_POINT('',(252.4125,-72.0033110135987,-15.6523698147223));
#8009=CARTESIAN_POINT('Origin',(252.4125,-72.0468888849725,-15.1542724656764));
#8010=CARTESIAN_POINT('Origin',(247.9125,-72.0033110135987,-15.6523698147223));
#8011=CARTESIAN_POINT('Origin',(247.9125,-72.0468888849725,-15.1542724656764));
#8012=CARTESIAN_POINT('Origin',(252.4125,-56.8051100041687,-13.8207896016372));
#8013=CARTESIAN_POINT('',(252.9125,-60.042742772967,-14.1040457655671));
#8014=CARTESIAN_POINT('',(252.4125,-59.9991649015932,-14.602143114613));
#8015=CARTESIAN_POINT('Origin',(252.4125,-60.042742772967,-14.1040457655671));
#8016=CARTESIAN_POINT('',(252.4125,-56.7615321327949,-14.3188869506831));
#8017=CARTESIAN_POINT('',(252.9125,-56.8051100041687,-13.8207896016372));
#8018=CARTESIAN_POINT('Origin',(254.9125,-60.042742772967,-14.1040457655671));
#8019=CARTESIAN_POINT('',(254.9125,-58.0503533767835,-13.9297342800718));
#8020=CARTESIAN_POINT('',(254.9125,-57.5086781563638,-14.3842537577438));
#8021=CARTESIAN_POINT('Origin',(254.9125,-57.5522560277377,-13.886156408698));
#8022=CARTESIAN_POINT('Origin',(254.9125,-59.9991649015932,-14.602143114613));
#8023=CARTESIAN_POINT('Origin',(254.9125,-60.042742772967,-14.1040457655671));
#8024=CARTESIAN_POINT('Origin',(67.425,-57.5522560277376,-13.8861564086979));
#8025=CARTESIAN_POINT('',(262.2,-58.0503533767835,-13.9297342800718));
#8026=CARTESIAN_POINT('',(262.2,-57.5086781563636,-14.3842537577438));
#8027=CARTESIAN_POINT('Origin',(262.2,-57.5522560277374,-13.8861564086979));
#8028=CARTESIAN_POINT('',(67.425,-57.5086781563638,-14.3842537577438));
#8029=CARTESIAN_POINT('',(67.425,-58.0503533767834,-13.9297342800718));
#8030=CARTESIAN_POINT('Origin',(262.2,-53.0693798863248,-13.4939555663335));
#8031=CARTESIAN_POINT('',(267.2,-53.0693798863248,-13.4939555663335));
#8032=CARTESIAN_POINT('',(266.7,-53.0258020149509,-13.9920529153794));
#8033=CARTESIAN_POINT('Origin',(266.7,-53.0693798863248,-13.4939555663335));
#8034=CARTESIAN_POINT('Origin',(262.2,-53.025802014951,-13.9920529153794));
#8035=CARTESIAN_POINT('Origin',(262.2,-53.0693798863248,-13.4939555663335));
#8036=CARTESIAN_POINT('Origin',(266.7,-47.3163555048449,-12.9906311519658));
#8037=CARTESIAN_POINT('',(267.2,-5.10260517320721,-9.29740655303375));
#8038=CARTESIAN_POINT('',(266.7,-5.05902730183339,-9.79550390207962));
#8039=CARTESIAN_POINT('Origin',(266.7,-5.10260517320721,-9.29740655303375));
#8040=CARTESIAN_POINT('',(266.7,-47.2727776334711,-13.4887285010116));
#8041=CARTESIAN_POINT('',(267.2,-47.3163555048449,-12.9906311519658));
#8042=CARTESIAN_POINT('Origin',(262.2,-5.10260517320722,-9.29740655303375));
#8043=CARTESIAN_POINT('',(262.2,-0.576151160420537,-9.40330305971516));
#8044=CARTESIAN_POINT('Origin',(262.2,-0.619729031794366,-8.90520571066929));
#8045=CARTESIAN_POINT('Origin',(262.2,-5.05902730183339,-9.79550390207962));
#8046=CARTESIAN_POINT('Origin',(262.2,-5.10260517320722,-9.29740655303375));
#8047=CARTESIAN_POINT('Origin',(199.275,-0.619729031794365,-8.90520571066929));
#8048=CARTESIAN_POINT('',(256.310254037844,-0.576151160420533,-9.40330305971516));
#8049=CARTESIAN_POINT('Origin',(256.310254037844,-0.619729031794362,-8.90520571066929));
#8050=CARTESIAN_POINT('',(199.275,-0.576151160420536,-9.40330305971516));
#8051=CARTESIAN_POINT('Origin',(256.310254037844,-5.10260517320722,-9.29740655303375));
#8052=CARTESIAN_POINT('',(251.36153744479,-4.39103753171311,-9.23515245107114));
#8053=CARTESIAN_POINT('',(251.856409104096,-4.41861642448869,-9.73947521031327));
#8054=CARTESIAN_POINT('Origin',(251.856409104096,-4.46219429586252,-9.2413778612674));
#8055=CARTESIAN_POINT('Origin',(256.310254037844,-5.05902730183339,-9.79550390207962));
#8056=CARTESIAN_POINT('Origin',(256.310254037844,-5.10260517320722,-9.29740655303375));
#8057=CARTESIAN_POINT('Origin',(247.65,-3.85736180059253,-9.18846187459918));
#8058=CARTESIAN_POINT('',(243.93846255521,-4.39103753171311,-9.23515245107114));
#8059=CARTESIAN_POINT('',(243.443590895904,-4.41861642448869,-9.73947521031327));
#8060=CARTESIAN_POINT('Origin',(243.443590895904,-4.46219429586252,-9.2413778612674));
#8061=CARTESIAN_POINT('Origin',(247.65,-3.81378392921871,-9.68655922364505));
#8062=CARTESIAN_POINT('Origin',(247.65,-3.85736180059253,-9.18846187459918));
#8063=CARTESIAN_POINT('Origin',(238.989745962156,-5.10260517320722,-9.29740655303375));
#8064=CARTESIAN_POINT('',(238.989745962156,-0.576151160420533,-9.40330305971516));
#8065=CARTESIAN_POINT('Origin',(238.989745962156,-0.619729031794362,-8.90520571066929));
#8066=CARTESIAN_POINT('Origin',(238.989745962156,-5.05902730183339,-9.79550390207962));
#8067=CARTESIAN_POINT('Origin',(238.989745962156,-5.10260517320722,-9.29740655303375));
#8068=CARTESIAN_POINT('Origin',(199.275,-0.619729031794365,-8.90520571066929));
#8069=CARTESIAN_POINT('',(180.110254037844,-0.576151160420537,-9.40330305971516));
#8070=CARTESIAN_POINT('Origin',(180.110254037844,-0.619729031794366,-8.90520571066929));
#8071=CARTESIAN_POINT('',(199.275,-0.576151160420536,-9.40330305971516));
#8072=CARTESIAN_POINT('Origin',(180.110254037844,-5.10260517320722,-9.29740655303375));
#8073=CARTESIAN_POINT('Origin',(180.110254037844,-5.05902730183339,-9.79550390207962));
#8074=CARTESIAN_POINT('Origin',(180.110254037844,-5.10260517320722,-9.29740655303375));
#8075=CARTESIAN_POINT('Origin',(133.35,-38.5311691577161,-12.7239368584009));
#8076=CARTESIAN_POINT('',(184.35,-6.6529388187802,-9.93495309047588));
#8077=CARTESIAN_POINT('',(170.85,-6.6529388187802,-9.93495309047588));
#8078=CARTESIAN_POINT('',(184.35,-49.9874081857711,-13.726227899999));
#8079=CARTESIAN_POINT('',(184.35,-47.9950187895876,-13.5519164145037));
#8080=CARTESIAN_POINT('',(82.35,-49.9874081857711,-13.726227899999));
#8081=CARTESIAN_POINT('',(95.85,-49.9874081857711,-13.726227899999));
#8082=CARTESIAN_POINT('',(82.35,-6.6529388187802,-9.93495309047588));
#8083=CARTESIAN_POINT('',(82.35,-23.090151337294,-11.3730228458122));
#8084=CARTESIAN_POINT('',(170.85,-6.6529388187802,-9.93495309047588));
#8085=CARTESIAN_POINT('Origin',(18.7875,-73.4500963432098,0.884462173600722));
#8086=CARTESIAN_POINT('',(13.7875,-72.9184463124491,-5.19232548475893));
#8087=CARTESIAN_POINT('',(13.7875,-73.4500963432098,0.884462173600722));
#8088=CARTESIAN_POINT('',(18.7875,-77.8994198029078,-5.62810419849722));
#8089=CARTESIAN_POINT('Origin',(18.7875,-72.9184463124491,-5.19232548475893));
#8090=CARTESIAN_POINT('',(18.7875,-77.2457517323004,-13.0995644341853));
#8091=CARTESIAN_POINT('Origin',(13.7875,-61.4459502312043,1.93468887371));
#8092=CARTESIAN_POINT('',(13.7875,-61.4895281025781,2.43278622275588));
#8093=CARTESIAN_POINT('',(13.7875,-61.4459502312043,1.93468887371));
#8094=CARTESIAN_POINT('',(13.7875,-71.8898970129555,1.52287184661039));
#8095=CARTESIAN_POINT('',(13.7875,-50.7555302306396,3.37188935086189));
#8096=CARTESIAN_POINT('',(13.7875,-76.4116332687773,0.946375846815198));
#8097=CARTESIAN_POINT('Ctrl Pts',(13.7875,-76.4116332687773,0.946375846815198));
#8098=CARTESIAN_POINT('Ctrl Pts',(13.7875,-75.2788711150052,1.17334419727563));
#8099=CARTESIAN_POINT('Ctrl Pts',(13.7875,-73.870359398675,1.34960383932042));
#8100=CARTESIAN_POINT('Ctrl Pts',(13.7875,-71.8898970129556,1.52287184661039));
#8101=CARTESIAN_POINT('',(13.7875,-76.4660122678555,0.935399196021651));
#8102=CARTESIAN_POINT('Ctrl Pts',(13.7875,-76.4660122678555,0.935399196021651));
#8103=CARTESIAN_POINT('Ctrl Pts',(13.7875,-76.4478924546067,0.939083467333937));
#8104=CARTESIAN_POINT('Ctrl Pts',(13.7875,-76.4297717484932,0.942741490911552));
#8105=CARTESIAN_POINT('Ctrl Pts',(13.7875,-76.4116332687773,0.946375846815196));
#8106=CARTESIAN_POINT('',(13.7875,-75.9070304067244,-5.4537927130019));
#8107=CARTESIAN_POINT('',(13.7875,-76.4386804374851,0.622994945357747));
#8108=CARTESIAN_POINT('',(13.7875,-50.180302328505,-3.20299565654363));
#8109=CARTESIAN_POINT('Origin',(11.7875,-61.4459502312043,1.93468887371));
#8110=CARTESIAN_POINT('',(11.7875,-59.4971387063946,2.60709770825119));
#8111=CARTESIAN_POINT('',(11.7875,-59.4535608350208,2.10900035920532));
#8112=CARTESIAN_POINT('Origin',(11.7875,-61.4895281025781,2.43278622275588));
#8113=CARTESIAN_POINT('Origin',(1.5,-59.4535608350208,2.10900035920532));
#8114=CARTESIAN_POINT('',(4.5,-58.9219108042601,-3.96778729915433));
#8115=CARTESIAN_POINT('',(4.5,-58.2682427336526,-11.4392475348424));
#8116=CARTESIAN_POINT('',(1.5,-58.9219108042601,-3.96778729915433));
#8117=CARTESIAN_POINT('',(67.425,-58.92191080426,-3.96778729915433));
#8118=CARTESIAN_POINT('',(1.5,-59.4971387063946,2.60709770825119));
#8119=CARTESIAN_POINT('',(1.5,-59.4535608350208,2.10900035920532));
#8120=CARTESIAN_POINT('',(67.425,-59.4971387063946,2.6070977082512));
#8121=CARTESIAN_POINT('Origin',(4.5,-54.4725873445621,2.54477907294361));
#8122=CARTESIAN_POINT('',(-0.500000000000003,-53.9409373138014,-3.53200858541604));
#8123=CARTESIAN_POINT('',(-0.500000000000002,-54.4725873445621,2.54477907294361));
#8124=CARTESIAN_POINT('Origin',(4.5,-53.9409373138014,-3.53200858541604));
#8125=CARTESIAN_POINT('Origin',(-0.500000000000009,-3.51722853716929,7.00279531448633));
#8126=CARTESIAN_POINT('',(-0.500000000000009,-5.97416260068381,0.664540427883704));
#8127=CARTESIAN_POINT('',(-0.500000000000008,-5.32049453007637,-6.80691980780439));
#8128=CARTESIAN_POINT('',(-0.500000000000007,-2.98557850640858,0.926007656126679));
#8129=CARTESIAN_POINT('',(-0.500000000000007,-21.2159414814875,-0.668942436155466));
#8130=CARTESIAN_POINT('',(-0.500000000000007,-3.56080640854312,7.5008926635322));
#8131=CARTESIAN_POINT('',(-0.500000000000007,-3.51722853716929,7.00279531448633));
#8132=CARTESIAN_POINT('',(-0.500000000000002,-57.5047493102111,2.78140919374651));
#8133=CARTESIAN_POINT('',(-0.500000000000006,-21.7911693836221,5.90594257125006));
#8134=CARTESIAN_POINT('',(-0.500000000000003,-56.9295214080766,-3.79347581365901));
#8135=CARTESIAN_POINT('',(-0.500000000000002,-57.4611714388373,2.28331184470064));
#8136=CARTESIAN_POINT('',(-0.500000000000007,-21.2159414814875,-0.668942436155466));
#8137=CARTESIAN_POINT('Origin',(4.49999999999999,-6.50581263144453,6.74132808624335));
#8138=CARTESIAN_POINT('Origin',(4.49999999999999,-5.97416260068381,0.664540427883704));
#8139=CARTESIAN_POINT('Origin',(10.3897459621556,-5.32049453007637,-6.80691980780439));
#8140=CARTESIAN_POINT('',(15.3384625552095,-4.60892688858226,-6.74466570584177));
#8141=CARTESIAN_POINT('Origin',(19.05,-4.07525115746167,-6.69797512936981));
#8142=CARTESIAN_POINT('',(22.7615374447905,-4.60892688858226,-6.74466570584177));
#8143=CARTESIAN_POINT('Origin',(27.7102540378444,-5.32049453007637,-6.80691980780439));
#8144=CARTESIAN_POINT('Origin',(86.5897459621556,-5.32049453007637,-6.80691980780439));
#8145=CARTESIAN_POINT('',(91.5384625552095,-4.60892688858227,-6.74466570584178));
#8146=CARTESIAN_POINT('Origin',(95.25,-4.07525115746169,-6.69797512936982));
#8147=CARTESIAN_POINT('',(98.9615374447905,-4.60892688858227,-6.74466570584178));
#8148=CARTESIAN_POINT('Origin',(15.7875,-78.4310698336686,0.44868345986243));
#8149=CARTESIAN_POINT('',(15.7875,-77.8994198029078,-5.62810419849722));
#8150=CARTESIAN_POINT('',(74.56875,-77.8994198029078,-5.62810419849722));
#8151=CARTESIAN_POINT('',(15.7875,-78.4284449227831,0.418680591151076));
#8152=CARTESIAN_POINT('',(15.7875,-78.4310698336686,0.448683459862431));
#8153=CARTESIAN_POINT('',(250.9125,-78.4284449227831,0.418680591151076));
#8154=CARTESIAN_POINT('Ctrl Pts',(250.9125,-78.4284449227831,0.418680591151076));
#8155=CARTESIAN_POINT('Ctrl Pts',(172.5375,-78.4284449227831,0.418680591151076));
#8156=CARTESIAN_POINT('Ctrl Pts',(94.1625,-78.4284449227831,0.418680591151076));
#8157=CARTESIAN_POINT('Ctrl Pts',(15.7875,-78.4284449227831,0.418680591151076));
#8158=CARTESIAN_POINT('',(250.9125,-77.8994198029078,-5.62810419849722));
#8159=CARTESIAN_POINT('',(250.9125,-78.4310698336686,0.448683459862431));
#8160=CARTESIAN_POINT('',(247.9125,-77.8994198029078,-5.62810419849722));
#8161=CARTESIAN_POINT('',(74.56875,-77.8994198029078,-5.62810419849722));
#8162=CARTESIAN_POINT('',(247.9125,-78.4310698336686,0.44868345986243));
#8163=CARTESIAN_POINT('',(79.33125,-77.2457517323004,-13.0995644341853));
#8164=CARTESIAN_POINT('Origin',(103.910254037844,-5.32049453007637,-6.80691980780439));
#8165=CARTESIAN_POINT('Origin',(162.789745962156,-5.32049453007637,-6.80691980780439));
#8166=CARTESIAN_POINT('',(167.73846255521,-4.60892688858226,-6.74466570584178));
#8167=CARTESIAN_POINT('Origin',(171.45,-4.07525115746168,-6.69797512936982));
#8168=CARTESIAN_POINT('',(175.16153744479,-4.60892688858226,-6.74466570584178));
#8169=CARTESIAN_POINT('Origin',(238.989745962156,-5.27691665870253,-7.30501715685026));
#8170=CARTESIAN_POINT('',(243.93846255521,-4.56534901720843,-7.24276305488765));
#8171=CARTESIAN_POINT('',(244.433334214515,-4.53777012443285,-6.73844029564552));
#8172=CARTESIAN_POINT('Origin',(244.433334214515,-4.49419225305902,-7.23653764469139));
#8173=CARTESIAN_POINT('Origin',(238.989745962156,-5.32049453007636,-6.80691980780439));
#8174=CARTESIAN_POINT('Origin',(238.989745962156,-5.27691665870253,-7.30501715685026));
#8175=CARTESIAN_POINT('Origin',(247.65,-4.03167328608785,-7.19607247841569));
#8176=CARTESIAN_POINT('',(251.36153744479,-4.56534901720843,-7.24276305488765));
#8177=CARTESIAN_POINT('',(250.866665785485,-4.53777012443285,-6.73844029564552));
#8178=CARTESIAN_POINT('Origin',(250.866665785485,-4.49419225305902,-7.23653764469139));
#8179=CARTESIAN_POINT('Origin',(247.65,-4.07525115746168,-6.69797512936982));
#8180=CARTESIAN_POINT('Origin',(247.65,-4.03167328608785,-7.19607247841569));
#8181=CARTESIAN_POINT('Origin',(256.310254037844,-5.27691665870253,-7.30501715685026));
#8182=CARTESIAN_POINT('Origin',(256.310254037844,-5.32049453007636,-6.80691980780439));
#8183=CARTESIAN_POINT('Origin',(256.310254037844,-5.27691665870253,-7.30501715685026));
#8184=CARTESIAN_POINT('Origin',(256.310254037844,-5.32049453007636,-6.80691980780439));
#8185=CARTESIAN_POINT('',(251.36153744479,-4.60892688858226,-6.74466570584178));
#8186=CARTESIAN_POINT('Origin',(247.65,-4.07525115746168,-6.69797512936982));
#8187=CARTESIAN_POINT('',(243.93846255521,-4.60892688858226,-6.74466570584178));
#8188=CARTESIAN_POINT('Origin',(238.989745962156,-5.32049453007636,-6.80691980780439));
#8189=CARTESIAN_POINT('Origin',(182.35,-47.7335515644616,-16.5405004731522));
#8190=CARTESIAN_POINT('',(182.35,-48.7297462625533,-16.6276562158999));
#8191=CARTESIAN_POINT('',(183.35,-47.7335515644616,-16.5405004731522));
#8192=CARTESIAN_POINT('Origin',(182.35,-47.7335515613447,-16.5405005087789));
#8193=CARTESIAN_POINT('',(182.35,-48.9040577449317,-14.6352668553431));
#8194=CARTESIAN_POINT('',(182.35,-48.7297462625533,-16.6276562158999));
#8195=CARTESIAN_POINT('',(183.35,-47.90786304684,-14.5481111125954));
#8196=CARTESIAN_POINT('Origin',(182.35,-47.90786304684,-14.5481111125954));
#8197=CARTESIAN_POINT('',(183.35,-47.7335515644616,-16.5405004731522));
#8198=CARTESIAN_POINT('Ctrl Pts',(183.35,-47.90786304684,-14.5481111125954));
#8199=CARTESIAN_POINT('Ctrl Pts',(183.35,-47.9209015154654,-14.3990807342588));
#8200=CARTESIAN_POINT('Ctrl Pts',(183.401959162334,-48.0438762091573,-14.1858026116631));
#8201=CARTESIAN_POINT('Ctrl Pts',(183.681236057714,-48.6393743574212,-13.7879136582569));
#8202=CARTESIAN_POINT('Ctrl Pts',(184.050800699658,-49.3912866724244,-13.6740740254973));
#8203=CARTESIAN_POINT('Ctrl Pts',(184.35,-49.9874081857711,-13.726227899999));
#8204=CARTESIAN_POINT('Ctrl Pts',(183.35,-48.2059238035133,-14.5741880498463));
#8205=CARTESIAN_POINT('Ctrl Pts',(183.35,-48.2150025999274,-14.4704169319873));
#8206=CARTESIAN_POINT('Ctrl Pts',(183.367967178733,-48.2952283779226,-14.3138083186079));
#8207=CARTESIAN_POINT('Ctrl Pts',(183.567182271973,-48.7638719439968,-13.8867090335709));
#8208=CARTESIAN_POINT('Ctrl Pts',(183.993810356736,-49.448060149886,-13.6790410611641));
#8209=CARTESIAN_POINT('Ctrl Pts',(184.35,-49.9874081857711,-13.726227899999));
#8210=CARTESIAN_POINT('Ctrl Pts',(183.098686451622,-48.7217329097039,-14.6193154991814));
#8211=CARTESIAN_POINT('Ctrl Pts',(183.098686451622,-48.7274098432438,-14.5544278519018));
#8212=CARTESIAN_POINT('Ctrl Pts',(183.108722476341,-48.7406337050981,-14.4427513224711));
#8213=CARTESIAN_POINT('Ctrl Pts',(183.3471943302,-48.9930963712284,-13.974087363765));
#8214=CARTESIAN_POINT('Ctrl Pts',(183.894077256622,-49.5474137354438,-13.687733373581));
#8215=CARTESIAN_POINT('Ctrl Pts',(184.35,-49.9874081857711,-13.726227899999));
#8216=CARTESIAN_POINT('Ctrl Pts',(182.574399475256,-48.9040577449317,-14.6352668553431));
#8217=CARTESIAN_POINT('Ctrl Pts',(182.574399475256,-48.914165776074,-14.5197315307086));
#8218=CARTESIAN_POINT('Ctrl Pts',(182.65022646121,-48.9562356157915,-14.344278155663));
#8219=CARTESIAN_POINT('Ctrl Pts',(183.11309450141,-49.2159216346508,-13.9042345854755));
#8220=CARTESIAN_POINT('Ctrl Pts',(183.794344156508,-49.6467673210016,-13.696425685998));
#8221=CARTESIAN_POINT('Ctrl Pts',(184.35,-49.9874081857711,-13.726227899999));
#8222=CARTESIAN_POINT('Ctrl Pts',(182.35,-48.9040577449317,-14.6352668553431));
#8223=CARTESIAN_POINT('Ctrl Pts',(182.35,-48.9170962135571,-14.4862364770064));
#8224=CARTESIAN_POINT('Ctrl Pts',(182.453918324669,-48.9883094652143,-14.268429815025));
#8225=CARTESIAN_POINT('Ctrl Pts',(183.012472115427,-49.3055934510018,-13.8462002763697));
#8226=CARTESIAN_POINT('Ctrl Pts',(183.751601399316,-49.6893474290978,-13.7001509627481));
#8227=CARTESIAN_POINT('Ctrl Pts',(184.35,-49.9874081857711,-13.726227899999));
#8228=CARTESIAN_POINT('Origin',(184.35,-49.9002524430235,-14.7224225980908));
#8229=CARTESIAN_POINT('Origin',(184.35,-49.9002524430235,-14.7224225980908));
#8230=CARTESIAN_POINT('Origin',(95.85,-49.9002524430235,-14.7224225980908));
#8231=CARTESIAN_POINT('',(84.35,-48.9040577449317,-14.6352668553431));
#8232=CARTESIAN_POINT('',(95.85,-48.9040577449317,-14.6352668553431));
#8233=CARTESIAN_POINT('Origin',(82.35,-49.9002524430235,-14.7224225980908));
#8234=CARTESIAN_POINT('Origin',(58.35,-48.7297462625533,-16.6276562158999));
#8235=CARTESIAN_POINT('',(84.35,-48.7297462625533,-16.6276562158999));
#8236=CARTESIAN_POINT('',(58.35,-48.7297462625533,-16.6276562158999));
#8237=CARTESIAN_POINT('',(84.35,-48.7297462625533,-16.6276562158999));
#8238=CARTESIAN_POINT('Origin',(84.35,-47.7335515644616,-16.5405004731522));
#8239=CARTESIAN_POINT('',(83.35,-47.7335515644616,-16.5405004731522));
#8240=CARTESIAN_POINT('Origin',(84.35,-47.7335515613447,-16.5405005087789));
#8241=CARTESIAN_POINT('',(83.35,-47.90786304684,-14.5481111125954));
#8242=CARTESIAN_POINT('',(83.35,-47.7335515644616,-16.5405004731522));
#8243=CARTESIAN_POINT('Origin',(84.35,-47.90786304684,-14.5481111125954));
#8244=CARTESIAN_POINT('Ctrl Pts',(82.35,-49.9874081857712,-13.726227899999));
#8245=CARTESIAN_POINT('Ctrl Pts',(82.5743994752564,-49.5403170507611,-13.6871124941227));
#8246=CARTESIAN_POINT('Ctrl Pts',(82.9470168197127,-48.7864860586973,-13.7528310395448));
#8247=CARTESIAN_POINT('Ctrl Pts',(83.2815600078679,-48.0832895149907,-14.1134990948644));
#8248=CARTESIAN_POINT('Ctrl Pts',(83.35,-47.9209015154654,-14.3990807342588));
#8249=CARTESIAN_POINT('Ctrl Pts',(83.35,-47.90786304684,-14.5481111125954));
#8250=CARTESIAN_POINT('Ctrl Pts',(82.35,-49.9874081857712,-13.726227899999));
#8251=CARTESIAN_POINT('Ctrl Pts',(82.6171422324481,-49.5828971588573,-13.6908377708728));
#8252=CARTESIAN_POINT('Ctrl Pts',(83.0600370166671,-48.8937104540438,-13.8223302269469));
#8253=CARTESIAN_POINT('Ctrl Pts',(83.3322662174508,-48.3177391830307,-14.2582692476359));
#8254=CARTESIAN_POINT('Ctrl Pts',(83.35,-48.2150025999274,-14.4704169319873));
#8255=CARTESIAN_POINT('Ctrl Pts',(83.35,-48.2059238035133,-14.5741880498463));
#8256=CARTESIAN_POINT('Ctrl Pts',(82.35,-49.9874081857712,-13.726227899999));
#8257=CARTESIAN_POINT('Ctrl Pts',(82.6919420575336,-49.6574123480257,-13.6973570051855));
#8258=CARTESIAN_POINT('Ctrl Pts',(83.2595516169262,-49.0895537372536,-13.883515231626));
#8259=CARTESIAN_POINT('Ctrl Pts',(83.5965246903582,-48.736457172107,-14.3990688833331));
#8260=CARTESIAN_POINT('Ctrl Pts',(83.6012880180275,-48.7274403594963,-14.554430521728));
#8261=CARTESIAN_POINT('Ctrl Pts',(83.6012880180275,-48.7217634259565,-14.6193181690076));
#8262=CARTESIAN_POINT('Ctrl Pts',(82.35,-49.9874081857712,-13.726227899999));
#8263=CARTESIAN_POINT('Ctrl Pts',(82.7667418826191,-49.731927537194,-13.7038762394983));
#8264=CARTESIAN_POINT('Ctrl Pts',(83.4585236464895,-49.2938019203941,-13.8424859442529));
#8265=CARTESIAN_POINT('Ctrl Pts',(84.0282311039149,-48.9656796610395,-14.2830283113028));
#8266=CARTESIAN_POINT('Ctrl Pts',(84.1256005247436,-48.9141657760741,-14.5197315307086));
#8267=CARTESIAN_POINT('Ctrl Pts',(84.1256005247436,-48.9040577449317,-14.6352668553431));
#8268=CARTESIAN_POINT('Ctrl Pts',(82.35,-49.9874081857712,-13.726227899999));
#8269=CARTESIAN_POINT('Ctrl Pts',(82.7987989505128,-49.7638626182661,-13.7066701970609));
#8270=CARTESIAN_POINT('Ctrl Pts',(83.5440336394255,-49.3812310491667,-13.8048644838997));
#8271=CARTESIAN_POINT('Ctrl Pts',(84.2131200157357,-49.011304655783,-14.1946898992642));
#8272=CARTESIAN_POINT('Ctrl Pts',(84.35,-48.9170962135572,-14.4862364770064));
#8273=CARTESIAN_POINT('Ctrl Pts',(84.35,-48.9040577449317,-14.6352668553431));
#8274=CARTESIAN_POINT('Origin',(82.35,-49.9002524430235,-14.7224225980908));
#8275=CARTESIAN_POINT('Origin',(82.35,-23.0029955945463,-12.369217543904));
#8276=CARTESIAN_POINT('',(83.35,-8.55817247221603,-11.1054592740629));
#8277=CARTESIAN_POINT('',(83.35,-23.0029955945463,-12.369217543904));
#8278=CARTESIAN_POINT('Origin',(82.35,-6.56578307603254,-10.9311477885676));
#8279=CARTESIAN_POINT('Origin',(83.35,-7.3876662917459,-13.0106928918721));
#8280=CARTESIAN_POINT('',(83.35,-8.38386098983765,-13.0978486346197));
#8281=CARTESIAN_POINT('',(83.35,-7.3876662917459,-13.0106928918721));
#8282=CARTESIAN_POINT('',(83.35,-8.38386098983765,-13.0978486346197));
#8283=CARTESIAN_POINT('Origin',(84.35,-8.38386098983765,-13.0978486346197));
#8284=CARTESIAN_POINT('',(84.35,-7.3876662917459,-13.0106928918721));
#8285=CARTESIAN_POINT('Origin',(84.35,-8.38386098672072,-13.0978486702464));
#8286=CARTESIAN_POINT('',(84.35,-7.56197777412429,-11.0183035313153));
#8287=CARTESIAN_POINT('',(84.35,-7.3876662917459,-13.0106928918721));
#8288=CARTESIAN_POINT('Origin',(84.35,-8.55817247221603,-11.1054592740629));
#8289=CARTESIAN_POINT('Ctrl Pts',(83.35,-8.55817247221604,-11.1054592740629));
#8290=CARTESIAN_POINT('Ctrl Pts',(83.35,-8.57121094084148,-10.9564288957263));
#8291=CARTESIAN_POINT('Ctrl Pts',(83.2815693761921,-8.46090065758031,-10.6469744933447));
#8292=CARTESIAN_POINT('Ctrl Pts',(82.9470298230612,-7.83102529155663,-10.1696610673));
#8293=CARTESIAN_POINT('Ctrl Pts',(82.5743994752564,-7.10002995379022,-9.97406849635219));
#8294=CARTESIAN_POINT('Ctrl Pts',(82.35,-6.6529388187802,-9.93495309047588));
#8295=CARTESIAN_POINT('Ctrl Pts',(83.35,-8.26011171554269,-11.0793823368121));
#8296=CARTESIAN_POINT('Ctrl Pts',(83.35,-8.26919051195677,-10.975611218953));
#8297=CARTESIAN_POINT('Ctrl Pts',(83.3321701218781,-8.20481057402024,-10.7488117855105));
#8298=CARTESIAN_POINT('Ctrl Pts',(83.0599081147565,-7.7132811120851,-10.2194340541444));
#8299=CARTESIAN_POINT('Ctrl Pts',(82.6171422324481,-7.05744984569403,-9.97034321960207));
#8300=CARTESIAN_POINT('Ctrl Pts',(82.35,-6.6529388187802,-9.93495309047588));
#8301=CARTESIAN_POINT('Ctrl Pts',(83.6012620420117,-7.74424104414586,-11.0342495012193));
#8302=CARTESIAN_POINT('Ctrl Pts',(83.6012620420117,-7.74991797768569,-10.9693618539397));
#8303=CARTESIAN_POINT('Ctrl Pts',(83.5964428571932,-7.76794323247213,-10.8148923238149));
#8304=CARTESIAN_POINT('Ctrl Pts',(83.2594890727143,-7.50976201125635,-10.2457407075105));
#8305=CARTESIAN_POINT('Ctrl Pts',(82.6919420575336,-6.98293465652569,-9.96382398528935));
#8306=CARTESIAN_POINT('Ctrl Pts',(82.35,-6.6529388187802,-9.93495309047588));
#8307=CARTESIAN_POINT('Ctrl Pts',(84.1256005247436,-7.5619777741243,-11.0183035313153));
#8308=CARTESIAN_POINT('Ctrl Pts',(84.1256005247436,-7.5720858052666,-10.9027682066808));
#8309=CARTESIAN_POINT('Ctrl Pts',(84.0282280851126,-7.5624167470552,-10.6607209078704));
#8310=CARTESIAN_POINT('Ctrl Pts',(83.4585344178185,-7.31578354445591,-10.1698386784424));
#8311=CARTESIAN_POINT('Ctrl Pts',(82.7667418826191,-6.90841946735735,-9.95730475097663));
#8312=CARTESIAN_POINT('Ctrl Pts',(82.35,-6.6529388187802,-9.93495309047588));
#8313=CARTESIAN_POINT('Ctrl Pts',(84.35,-7.5619777741243,-11.0183035313153));
#8314=CARTESIAN_POINT('Ctrl Pts',(84.35,-7.57501624274974,-10.8692731529786));
#8315=CARTESIAN_POINT('Ctrl Pts',(84.2131387523841,-7.53287618411314,-10.5657828724417));
#8316=CARTESIAN_POINT('Ctrl Pts',(83.5440596461224,-7.23626734722042,-10.1176264896286));
#8317=CARTESIAN_POINT('Ctrl Pts',(82.7987989505128,-6.87648438628521,-9.95451079341403));
#8318=CARTESIAN_POINT('Ctrl Pts',(82.35,-6.6529388187802,-9.93495309047588));
#8319=CARTESIAN_POINT('Origin',(82.35,-6.56578307603254,-10.9311477885676));
#8320=CARTESIAN_POINT('Origin',(208.35,-7.3876662917459,-13.0106928918721));
#8321=CARTESIAN_POINT('',(182.35,-7.3876662917459,-13.0106928918721));
#8322=CARTESIAN_POINT('',(208.35,-7.3876662917459,-13.0106928918721));
#8323=CARTESIAN_POINT('',(182.35,-7.56197777412429,-11.0183035313153));
#8324=CARTESIAN_POINT('',(182.35,-7.3876662917459,-13.0106928918721));
#8325=CARTESIAN_POINT('',(170.85,-7.56197777412429,-11.0183035313153));
#8326=CARTESIAN_POINT('Origin',(133.35,-29.5529983211703,-14.9499082036342));
#8327=CARTESIAN_POINT('',(183.35,-8.38386098983766,-13.0978486346197));
#8328=CARTESIAN_POINT('',(183.35,-57.1974011963332,-17.368480029255));
#8329=CARTESIAN_POINT('Origin',(182.35,-8.38386098672072,-13.0978486702464));
#8330=CARTESIAN_POINT('Ctrl Pts',(184.35,-6.65293881878021,-9.93495309047588));
#8331=CARTESIAN_POINT('Ctrl Pts',(184.050800699658,-7.2490603321269,-9.98710696497763));
#8332=CARTESIAN_POINT('Ctrl Pts',(183.68122190167,-7.96981153150247,-10.2297653584156));
#8333=CARTESIAN_POINT('Ctrl Pts',(183.401949728748,-8.48715981141532,-10.7250251194844));
#8334=CARTESIAN_POINT('Ctrl Pts',(183.35,-8.57121094084147,-10.9564288957263));
#8335=CARTESIAN_POINT('Ctrl Pts',(183.35,-8.55817247221604,-11.1054592740629));
#8336=CARTESIAN_POINT('Ctrl Pts',(184.35,-6.6529388187802,-9.93495309047588));
#8337=CARTESIAN_POINT('Ctrl Pts',(183.993810356736,-7.19228685466531,-9.9821399293108));
#8338=CARTESIAN_POINT('Ctrl Pts',(183.567171024705,-7.83004560381337,-10.3054053541463));
#8339=CARTESIAN_POINT('Ctrl Pts',(183.367967829986,-8.21739055700114,-10.8074194332522));
#8340=CARTESIAN_POINT('Ctrl Pts',(183.35,-8.26919051195678,-10.975611218953));
#8341=CARTESIAN_POINT('Ctrl Pts',(183.35,-8.2601117155427,-11.0793823368121));
#8342=CARTESIAN_POINT('Ctrl Pts',(184.35,-6.6529388187802,-9.93495309047588));
#8343=CARTESIAN_POINT('Ctrl Pts',(183.894077256622,-7.09293326910753,-9.97344761689384));
#8344=CARTESIAN_POINT('Ctrl Pts',(183.347142104314,-7.58915921612503,-10.3516625763576));
#8345=CARTESIAN_POINT('Ctrl Pts',(183.108700727676,-7.75636833001256,-10.8570929792996));
#8346=CARTESIAN_POINT('Ctrl Pts',(183.098694976945,-7.74996935263223,-10.9693663486652));
#8347=CARTESIAN_POINT('Ctrl Pts',(183.098694976945,-7.7442924190924,-11.0342539959447));
#8348=CARTESIAN_POINT('Ctrl Pts',(184.35,-6.6529388187802,-9.93495309047588));
#8349=CARTESIAN_POINT('Ctrl Pts',(183.794344156508,-6.99357968354974,-9.96475530447688));
#8350=CARTESIAN_POINT('Ctrl Pts',(183.113054677428,-7.38182794203634,-10.2441882276868));
#8351=CARTESIAN_POINT('Ctrl Pts',(182.650203338007,-7.56113766193616,-10.7226630862376));
#8352=CARTESIAN_POINT('Ctrl Pts',(182.574399475256,-7.57208580526662,-10.9027682066808));
#8353=CARTESIAN_POINT('Ctrl Pts',(182.574399475256,-7.56197777412431,-11.0183035313153));
#8354=CARTESIAN_POINT('Ctrl Pts',(184.35,-6.6529388187802,-9.93495309047588));
#8355=CARTESIAN_POINT('Ctrl Pts',(183.751601399316,-6.95099957545355,-9.96103002772676));
#8356=CARTESIAN_POINT('Ctrl Pts',(183.012443803341,-7.30357833574674,-10.1714775065223));
#8357=CARTESIAN_POINT('Ctrl Pts',(182.453899457496,-7.54271715766961,-10.6423970939313));
#8358=CARTESIAN_POINT('Ctrl Pts',(182.35,-7.57501624274975,-10.8692731529786));
#8359=CARTESIAN_POINT('Ctrl Pts',(182.35,-7.56197777412431,-11.0183035313153));
#8360=CARTESIAN_POINT('',(183.35,-8.55817247221604,-11.1054592740629));
#8361=CARTESIAN_POINT('Origin',(182.35,-8.55817247221604,-11.1054592740629));
#8362=CARTESIAN_POINT('Origin',(184.35,-6.56578307603253,-10.9311477885676));
#8363=CARTESIAN_POINT('Origin',(184.35,-6.56578307603254,-10.9311477885676));
#8364=CARTESIAN_POINT('Origin',(182.35,-8.38386098983765,-13.0978486346197));
#8365=CARTESIAN_POINT('',(183.35,-8.38386098983765,-13.0978486346197));
#8366=CARTESIAN_POINT('Origin',(170.85,-6.56578307603254,-10.9311477885676));
#8367=CARTESIAN_POINT('',(170.85,-6.6529388187802,-9.93495309047588));
#8368=CARTESIAN_POINT('Origin',(184.35,-47.90786304684,-14.5481111125954));
#8369=CARTESIAN_POINT('',(183.35,-47.90786304684,-14.5481111125954));
#8370=CARTESIAN_POINT('Origin',(136.52,6.60159422220795,-5.39245885653858));
#8371=CARTESIAN_POINT('',(136.52,6.44471388526216,-3.59930839997342));
#8372=CARTESIAN_POINT('',(136.52,6.44471388526217,-3.59930839997342));
#8373=CARTESIAN_POINT('',(138.32,6.60159422220795,-5.39245885653858));
#8374=CARTESIAN_POINT('Origin',(136.52,6.60159422220795,-5.39245885653858));
#8375=CARTESIAN_POINT('',(138.32,6.60159422220795,-5.39245885653858));
#8376=CARTESIAN_POINT('Origin',(136.52,6.44471388526217,-3.59930839997342));
#8377=CARTESIAN_POINT('',(130.179999999999,6.44471388526216,-3.5993083999734));
#8378=CARTESIAN_POINT('',(130.179999999999,6.44471388526217,-3.5993083999734));
#8379=CARTESIAN_POINT('',(67.51,6.44471388526215,-3.59930839997326));
#8380=CARTESIAN_POINT('Origin',(130.179999999999,6.60159422220789,-5.3924588565378));
#8381=CARTESIAN_POINT('',(128.38,6.60159422220788,-5.39245885653786));
#8382=CARTESIAN_POINT('Origin',(130.179999999999,6.60159422220788,-5.3924588565378));
#8383=CARTESIAN_POINT('',(128.38,6.60159422220789,-5.39245885653786));
#8384=CARTESIAN_POINT('Origin',(128.38,6.61205291133767,-5.51200222030957));
#8385=CARTESIAN_POINT('',(128.38,6.66086012727636,-6.06987125124095));
#8386=CARTESIAN_POINT('',(128.38,6.66086012727636,-6.06987125124095));
#8387=CARTESIAN_POINT('',(128.38,6.10001292269499,0.340641630981495));
#8388=CARTESIAN_POINT('Origin',(138.32,6.66086012727636,-6.06987125124095));
#8389=CARTESIAN_POINT('',(138.32,6.66086012727636,-6.06987125124095));
#8390=CARTESIAN_POINT('',(138.32,6.12441653066452,0.0617071155137561));
#8391=CARTESIAN_POINT('',(138.32,6.66086012727636,-6.06987125124095));
#8392=CARTESIAN_POINT('Origin',(183.35,-57.1974011963332,-17.368480029255));
#8393=CARTESIAN_POINT('Origin',(130.18,-0.788373114768074,-1.24073839889361));
#8394=CARTESIAN_POINT('Origin',(133.35,-38.5311691577161,-12.7239368584009));
#8395=CARTESIAN_POINT('Origin',(75.425,-70.6038053019082,-19.3496670792217));
#8396=CARTESIAN_POINT('',(5.50000000000001,-70.8538053019082,-19.0996670792217));
#8397=CARTESIAN_POINT('',(5.50000000000001,-70.3538053019082,-19.5996670792217));
#8398=CARTESIAN_POINT('',(5.50000000000001,-70.8538053019082,-19.0996670792217));
#8399=CARTESIAN_POINT('',(17.5,-70.3538053019082,-19.5996670792217));
#8400=CARTESIAN_POINT('',(75.425,-70.3538053019082,-19.5996670792217));
#8401=CARTESIAN_POINT('',(17.5,-70.8538053019082,-19.0996670792217));
#8402=CARTESIAN_POINT('',(17.5,-70.3538053019082,-19.5996670792217));
#8403=CARTESIAN_POINT('',(75.425,-70.8538053019082,-19.0996670792217));
#8404=CARTESIAN_POINT('Origin',(5.50000000000004,-73.8538053019083,-19.3496670792217));
#8405=CARTESIAN_POINT('',(5.50000000000001,-76.8538053019083,-19.0996670792216));
#8406=CARTESIAN_POINT('',(5.5,-77.3538053019083,-19.5996670792217));
#8407=CARTESIAN_POINT('',(5.50000000000001,-76.8538053019083,-19.0996670792216));
#8408=CARTESIAN_POINT('Origin',(5.50000000000004,-73.8538053019083,-19.5996670792217));
#8409=CARTESIAN_POINT('Origin',(5.50000000000004,-73.8538053019083,-19.0996670792216));
#8410=CARTESIAN_POINT('Origin',(69.425,-77.1038053019082,-19.3496670792217));
#8411=CARTESIAN_POINT('',(17.5,-76.8538053019082,-19.0996670792217));
#8412=CARTESIAN_POINT('',(17.5,-77.3538053019083,-19.5996670792217));
#8413=CARTESIAN_POINT('',(17.5,-76.8538053019082,-19.0996670792217));
#8414=CARTESIAN_POINT('',(69.425,-77.3538053019082,-19.5996670792217));
#8415=CARTESIAN_POINT('',(69.425,-76.8538053019082,-19.0996670792217));
#8416=CARTESIAN_POINT('Origin',(17.5,-73.8538053019082,-19.3496670792217));
#8417=CARTESIAN_POINT('Origin',(17.5,-73.8538053019082,-19.5996670792217));
#8418=CARTESIAN_POINT('Origin',(17.5,-73.8538053019082,-19.0996670792216));
#8419=CARTESIAN_POINT('Origin',(5.50000000000004,-73.8538053019083,-19.5996670792218));
#8420=CARTESIAN_POINT('',(5.50000000000001,-70.8538053019082,-18.5996670792218));
#8421=CARTESIAN_POINT('',(5.50000000000001,-70.8538053019082,-19.5996670792218));
#8422=CARTESIAN_POINT('',(5.50000000000001,-76.8538053019083,-18.5996670792218));
#8423=CARTESIAN_POINT('Origin',(5.50000000000004,-73.8538053019083,-18.5996670792218));
#8424=CARTESIAN_POINT('',(5.50000000000001,-76.8538053019083,-19.5996670792218));
#8425=CARTESIAN_POINT('Origin',(17.5,-70.8538053019082,-19.5996670792218));
#8426=CARTESIAN_POINT('',(17.5,-70.8538053019082,-18.5996670792218));
#8427=CARTESIAN_POINT('',(17.5,-70.8538053019082,-19.5996670792218));
#8428=CARTESIAN_POINT('',(17.5,-70.8538053019082,-18.5996670792218));
#8429=CARTESIAN_POINT('Origin',(133.35,-38.099985464365,-19.5996670792217));
#8430=CARTESIAN_POINT('',(-6.5,1.734156193259,-19.5996670792217));
#8431=CARTESIAN_POINT('',(-6.5,-71.6579672513882,-19.5996670792217));
#8432=CARTESIAN_POINT('',(-6.5,-58.7636249980626,-19.5996670792217));
#8433=CARTESIAN_POINT('',(-6.5,1.82164485678493,-19.5996670792217));
#8434=CARTESIAN_POINT('Ctrl Pts',(-6.49999999999999,1.82164485678492,-19.5996670792217));
#8435=CARTESIAN_POINT('Ctrl Pts',(-6.49999999999999,1.79248196894295,-19.5996670792217));
#8436=CARTESIAN_POINT('Ctrl Pts',(-6.49999999999999,1.76331908110097,-19.5996670792217));
#8437=CARTESIAN_POINT('Ctrl Pts',(-6.49999999999999,1.73415619325899,-19.5996670792217));
#8438=CARTESIAN_POINT('',(-1.49999999999999,6.84456388204501,-19.5996670792217));
#8439=CARTESIAN_POINT('Ctrl Pts',(-1.5,6.84456388204501,-19.5996670792217));
#8440=CARTESIAN_POINT('Ctrl Pts',(-2.24742680449452,6.84456388204501,-19.5996670792217));
#8441=CARTESIAN_POINT('Ctrl Pts',(-2.99367247033488,6.6731123004843,-19.5996670792217));
#8442=CARTESIAN_POINT('Ctrl Pts',(-3.66735819700972,6.34754783053258,-19.5996670792217));
#8443=CARTESIAN_POINT('Ctrl Pts',(-4.34104392368456,6.02198336058086,-19.5996670792217));
#8444=CARTESIAN_POINT('Ctrl Pts',(-4.94216971119388,5.54230600223812,-19.5996670792217));
#8445=CARTESIAN_POINT('Ctrl Pts',(-5.40782784090621,4.95479545816626,-19.5996670792217));
#8446=CARTESIAN_POINT('Ctrl Pts',(-6.10631503547471,4.07352964205848,-19.5996670792217));
#8447=CARTESIAN_POINT('Ctrl Pts',(-6.5,2.94963915806016,-19.5996670792217));
#8448=CARTESIAN_POINT('Ctrl Pts',(-6.5,1.82164485678493,-19.5996670792217));
#8449=CARTESIAN_POINT('',(268.2,6.84456388204501,-19.5996670792217));
#8450=CARTESIAN_POINT('',(65.925,6.84456388204501,-19.5996670792217));
#8451=CARTESIAN_POINT('',(273.2,1.82164485678488,-19.5996670792217));
#8452=CARTESIAN_POINT('Ctrl Pts',(273.2,1.82164485678488,-19.5996670792217));
#8453=CARTESIAN_POINT('Ctrl Pts',(273.2,2.57364105763503,-19.5996670792217));
#8454=CARTESIAN_POINT('Ctrl Pts',(273.028579012061,3.324201660105,-19.5996670792217));
#8455=CARTESIAN_POINT('Ctrl Pts',(272.703703966878,4.00119698650338,-19.5996670792217));
#8456=CARTESIAN_POINT('Ctrl Pts',(272.378828921695,4.67819231290177,-19.5996670792217));
#8457=CARTESIAN_POINT('Ctrl Pts',(271.900499819269,5.28162236322856,-19.5996670792217));
#8458=CARTESIAN_POINT('Ctrl Pts',(271.315603804391,5.74892782435684,-19.5996670792217));
#8459=CARTESIAN_POINT('Ctrl Pts',(270.438259782074,6.44988601604925,-19.5996670792217));
#8460=CARTESIAN_POINT('Ctrl Pts',(269.321140206742,6.844563882045,-19.5996670792217));
#8461=CARTESIAN_POINT('Ctrl Pts',(268.2,6.84456388204501,-19.5996670792217));
#8462=CARTESIAN_POINT('',(273.2,1.734156193259,-19.5996670792217));
#8463=CARTESIAN_POINT('Ctrl Pts',(273.2,1.734156193259,-19.5996670792217));
#8464=CARTESIAN_POINT('Ctrl Pts',(273.2,1.76331908110096,-19.5996670792217));
#8465=CARTESIAN_POINT('Ctrl Pts',(273.2,1.79248196894292,-19.5996670792217));
#8466=CARTESIAN_POINT('Ctrl Pts',(273.2,1.82164485678488,-19.5996670792217));
#8467=CARTESIAN_POINT('',(273.2,-71.6579672513882,-19.5996670792217));
#8468=CARTESIAN_POINT('',(273.2,-19.3143149536295,-19.5996670792217));
#8469=CARTESIAN_POINT('',(273.19970968134,-71.738218468007,-19.5996670792217));
#8470=CARTESIAN_POINT('Ctrl Pts',(273.19970968134,-71.738218468007,-19.5996670792217));
#8471=CARTESIAN_POINT('Ctrl Pts',(273.199903226257,-71.7114685337879,-19.5996670792217));
#8472=CARTESIAN_POINT('Ctrl Pts',(273.2,-71.6847178925887,-19.5996670792217));
#8473=CARTESIAN_POINT('Ctrl Pts',(273.2,-71.6579672513882,-19.5996670792217));
#8474=CARTESIAN_POINT('',(262.2,-82.7038053019083,-19.5996670792217));
#8475=CARTESIAN_POINT('Ctrl Pts',(262.2,-82.7038053019083,-19.5996670792217));
#8476=CARTESIAN_POINT('Ctrl Pts',(263.837418645676,-82.7038053019083,-19.5996670792217));
#8477=CARTESIAN_POINT('Ctrl Pts',(267.10618194528,-81.9553997768899,-19.5996670792217));
#8478=CARTESIAN_POINT('Ctrl Pts',(271.721682801011,-78.2937950711179,-19.5996670792217));
#8479=CARTESIAN_POINT('Ctrl Pts',(273.181852826048,-74.2062228499787,-19.5996670792217));
#8480=CARTESIAN_POINT('Ctrl Pts',(273.19970968134,-71.738218468007,-19.5996670792217));
#8481=CARTESIAN_POINT('',(4.49999999999999,-82.7038053019083,-19.5996670792217));
#8482=CARTESIAN_POINT('',(200.775,-82.7038053019083,-19.5996670792217));
#8483=CARTESIAN_POINT('',(-6.4997096813428,-71.7382184675867,-19.5996670792217));
#8484=CARTESIAN_POINT('Ctrl Pts',(-6.49970968134282,-71.7382184675867,-19.5996670792217));
#8485=CARTESIAN_POINT('Ctrl Pts',(-6.48780511121007,-73.383554722275,-19.5996670792217));
#8486=CARTESIAN_POINT('Ctrl Pts',(-5.71796657630132,-76.6632273569828,-19.5996670792217));
#8487=CARTESIAN_POINT('Ctrl Pts',(-2.03547968472487,-81.2709872072639,-19.5996670792217));
#8488=CARTESIAN_POINT('Ctrl Pts',(2.04387203142695,-82.7038053019083,-19.5996670792217));
#8489=CARTESIAN_POINT('Ctrl Pts',(4.49999999999999,-82.7038053019083,-19.5996670792217));
#8490=CARTESIAN_POINT('Ctrl Pts',(-6.5,-71.6579672513881,-19.5996670792217));
#8491=CARTESIAN_POINT('Ctrl Pts',(-6.5,-71.6847178924486,-19.5996670792217));
#8492=CARTESIAN_POINT('Ctrl Pts',(-6.49990322625826,-71.7114685335077,-19.5996670792217));
#8493=CARTESIAN_POINT('Ctrl Pts',(-6.49970968134282,-71.7382184675867,-19.5996670792217));
#8494=CARTESIAN_POINT('',(5.50000000000001,1.49456388204501,-19.5996670792217));
#8495=CARTESIAN_POINT('',(17.5,1.49456388204501,-19.5996670792217));
#8496=CARTESIAN_POINT('',(75.425,1.49456388204501,-19.5996670792217));
#8497=CARTESIAN_POINT('',(5.5,-5.505436117955,-19.5996670792217));
#8498=CARTESIAN_POINT('Origin',(5.50000000000004,-2.00543611795496,-19.5996670792217));
#8499=CARTESIAN_POINT('',(17.5,-5.50543611795498,-19.5996670792217));
#8500=CARTESIAN_POINT('',(69.425,-5.50543611795491,-19.5996670792217));
#8501=CARTESIAN_POINT('Origin',(17.5,-2.005436117955,-19.5996670792217));
#8502=CARTESIAN_POINT('',(249.2,-70.3538053019083,-19.5996670792217));
#8503=CARTESIAN_POINT('',(261.2,-70.3538053019083,-19.5996670792217));
#8504=CARTESIAN_POINT('',(197.275,-70.3538053019083,-19.5996670792217));
#8505=CARTESIAN_POINT('',(249.2,-77.3538053019083,-19.5996670792217));
#8506=CARTESIAN_POINT('Origin',(249.2,-73.8538053019082,-19.5996670792217));
#8507=CARTESIAN_POINT('',(261.2,-77.3538053019083,-19.5996670792217));
#8508=CARTESIAN_POINT('',(191.275,-77.3538053019084,-19.5996670792217));
#8509=CARTESIAN_POINT('Origin',(261.2,-73.8538053019082,-19.5996670792217));
#8510=CARTESIAN_POINT('',(249.2,1.49456388204501,-19.5996670792217));
#8511=CARTESIAN_POINT('',(261.2,1.49456388204501,-19.5996670792217));
#8512=CARTESIAN_POINT('',(197.275,1.49456388204501,-19.5996670792217));
#8513=CARTESIAN_POINT('',(249.2,-5.50543611795501,-19.5996670792217));
#8514=CARTESIAN_POINT('Origin',(249.2,-2.00543611795496,-19.5996670792217));
#8515=CARTESIAN_POINT('',(261.2,-5.50543611795499,-19.5996670792217));
#8516=CARTESIAN_POINT('',(191.275,-5.50543611795509,-19.5996670792217));
#8517=CARTESIAN_POINT('Origin',(261.2,-2.005436117955,-19.5996670792217));
#8518=CARTESIAN_POINT('Origin',(75.425,1.24456388204501,-19.3496670792217));
#8519=CARTESIAN_POINT('',(5.50000000000001,0.994563882045015,-19.0996670792217));
#8520=CARTESIAN_POINT('',(5.50000000000001,0.994563882045015,-19.0996670792217));
#8521=CARTESIAN_POINT('',(17.5,0.994563882045005,-19.0996670792217));
#8522=CARTESIAN_POINT('',(17.5,1.49456388204501,-19.5996670792217));
#8523=CARTESIAN_POINT('',(75.425,0.994563882045005,-19.0996670792217));
#8524=CARTESIAN_POINT('Origin',(5.50000000000004,-2.00543611795496,-19.3496670792217));
#8525=CARTESIAN_POINT('',(5.50000000000001,-5.005436117955,-19.0996670792217));
#8526=CARTESIAN_POINT('',(5.50000000000001,-5.005436117955,-19.0996670792217));
#8527=CARTESIAN_POINT('Origin',(5.50000000000004,-2.00543611795496,-19.0996670792217));
#8528=CARTESIAN_POINT('Origin',(69.425,-5.25543611795491,-19.3496670792217));
#8529=CARTESIAN_POINT('',(17.5,-5.00543611795499,-19.0996670792217));
#8530=CARTESIAN_POINT('',(17.5,-5.00543611795499,-19.0996670792217));
#8531=CARTESIAN_POINT('',(69.425,-5.00543611795491,-19.0996670792217));
#8532=CARTESIAN_POINT('Origin',(17.5,-2.005436117955,-19.3496670792217));
#8533=CARTESIAN_POINT('Origin',(17.5,-2.005436117955,-19.0996670792217));
#8534=CARTESIAN_POINT('Origin',(5.50000000000004,-2.00543611795496,-19.5996670792217));
#8535=CARTESIAN_POINT('',(5.50000000000001,0.994563882045014,-18.5996670792217));
#8536=CARTESIAN_POINT('',(5.50000000000001,0.994563882045015,-19.5996670792217));
#8537=CARTESIAN_POINT('',(5.50000000000001,-5.005436117955,-18.5996670792217));
#8538=CARTESIAN_POINT('Origin',(5.50000000000004,-2.00543611795496,-18.5996670792217));
#8539=CARTESIAN_POINT('',(5.50000000000001,-5.005436117955,-19.5996670792217));
#8540=CARTESIAN_POINT('Origin',(17.5,0.994563882045005,-19.5996670792217));
#8541=CARTESIAN_POINT('',(17.5,0.994563882045005,-18.5996670792217));
#8542=CARTESIAN_POINT('',(17.5,0.994563882045005,-19.5996670792217));
#8543=CARTESIAN_POINT('',(17.5,0.994563882045005,-18.5996670792217));
#8544=CARTESIAN_POINT('Origin',(197.275,1.24456388204501,-19.3496670792217));
#8545=CARTESIAN_POINT('',(249.2,0.994563882045015,-19.0996670792217));
#8546=CARTESIAN_POINT('',(249.2,0.994563882045015,-19.0996670792217));
#8547=CARTESIAN_POINT('',(261.2,0.994563882045006,-19.0996670792217));
#8548=CARTESIAN_POINT('',(261.2,1.49456388204501,-19.5996670792217));
#8549=CARTESIAN_POINT('',(197.275,0.994563882045006,-19.0996670792217));
#8550=CARTESIAN_POINT('Origin',(249.2,-2.00543611795496,-19.3496670792217));
#8551=CARTESIAN_POINT('',(249.2,-5.005436117955,-19.0996670792217));
#8552=CARTESIAN_POINT('',(249.2,-5.005436117955,-19.0996670792217));
#8553=CARTESIAN_POINT('Origin',(249.2,-2.00543611795496,-19.0996670792217));
#8554=CARTESIAN_POINT('Origin',(191.275,-5.25543611795509,-19.3496670792217));
#8555=CARTESIAN_POINT('',(261.2,-5.00543611795499,-19.0996670792217));
#8556=CARTESIAN_POINT('',(261.2,-5.00543611795499,-19.0996670792217));
#8557=CARTESIAN_POINT('',(191.275,-5.00543611795509,-19.0996670792217));
#8558=CARTESIAN_POINT('Origin',(261.2,-2.005436117955,-19.3496670792217));
#8559=CARTESIAN_POINT('Origin',(261.2,-2.005436117955,-19.0996670792218));
#8560=CARTESIAN_POINT('Origin',(249.2,-2.00543611795496,-19.5996670792217));
#8561=CARTESIAN_POINT('',(249.2,0.994563882045015,-18.5996670792217));
#8562=CARTESIAN_POINT('',(249.2,0.994563882045015,-19.5996670792217));
#8563=CARTESIAN_POINT('',(249.2,-5.005436117955,-18.5996670792217));
#8564=CARTESIAN_POINT('Origin',(249.2,-2.00543611795496,-18.5996670792217));
#8565=CARTESIAN_POINT('',(249.2,-5.005436117955,-19.5996670792217));
#8566=CARTESIAN_POINT('Origin',(261.2,0.994563882045005,-19.5996670792217));
#8567=CARTESIAN_POINT('',(261.2,0.994563882045006,-18.5996670792217));
#8568=CARTESIAN_POINT('',(261.2,0.994563882045005,-19.5996670792217));
#8569=CARTESIAN_POINT('',(261.2,0.994563882045006,-18.5996670792217));
#8570=CARTESIAN_POINT('Origin',(197.275,-70.6038053019083,-19.3496670792217));
#8571=CARTESIAN_POINT('',(249.2,-70.8538053019083,-19.0996670792217));
#8572=CARTESIAN_POINT('',(249.2,-70.8538053019083,-19.0996670792217));
#8573=CARTESIAN_POINT('',(261.2,-70.8538053019083,-19.0996670792217));
#8574=CARTESIAN_POINT('',(261.2,-70.3538053019083,-19.5996670792217));
#8575=CARTESIAN_POINT('',(197.275,-70.8538053019083,-19.0996670792217));
#8576=CARTESIAN_POINT('Origin',(249.2,-73.8538053019082,-19.3496670792217));
#8577=CARTESIAN_POINT('',(249.2,-76.8538053019083,-19.0996670792216));
#8578=CARTESIAN_POINT('',(249.2,-76.8538053019083,-19.0996670792216));
#8579=CARTESIAN_POINT('Origin',(249.2,-73.8538053019082,-19.0996670792216));
#8580=CARTESIAN_POINT('Origin',(191.275,-77.1038053019084,-19.3496670792217));
#8581=CARTESIAN_POINT('',(261.2,-76.8538053019083,-19.0996670792217));
#8582=CARTESIAN_POINT('',(261.2,-76.8538053019083,-19.0996670792217));
#8583=CARTESIAN_POINT('',(191.275,-76.8538053019084,-19.0996670792217));
#8584=CARTESIAN_POINT('Origin',(261.2,-73.8538053019082,-19.3496670792217));
#8585=CARTESIAN_POINT('Origin',(261.2,-73.8538053019082,-19.0996670792216));
#8586=CARTESIAN_POINT('Origin',(249.2,-73.8538053019082,-19.5996670792218));
#8587=CARTESIAN_POINT('',(249.2,-70.8538053019083,-18.5996670792218));
#8588=CARTESIAN_POINT('',(249.2,-70.8538053019083,-19.5996670792218));
#8589=CARTESIAN_POINT('',(249.2,-76.8538053019083,-18.5996670792218));
#8590=CARTESIAN_POINT('Origin',(249.2,-73.8538053019082,-18.5996670792218));
#8591=CARTESIAN_POINT('',(249.2,-76.8538053019083,-19.5996670792218));
#8592=CARTESIAN_POINT('Origin',(261.2,-70.8538053019083,-19.5996670792218));
#8593=CARTESIAN_POINT('',(261.2,-70.8538053019083,-18.5996670792218));
#8594=CARTESIAN_POINT('',(261.2,-70.8538053019083,-19.5996670792218));
#8595=CARTESIAN_POINT('',(261.2,-70.8538053019083,-18.5996670792218));
#8596=CARTESIAN_POINT('Origin',(17.5,-2.005436117955,-19.5996670792217));
#8597=CARTESIAN_POINT('',(17.5,-5.00543611795499,-18.5996670792217));
#8598=CARTESIAN_POINT('',(17.5,-5.00543611795499,-19.5996670792217));
#8599=CARTESIAN_POINT('Origin',(17.5,-2.005436117955,-18.5996670792217));
#8600=CARTESIAN_POINT('Origin',(5.50000000000001,-5.005436117955,-19.5996670792217));
#8601=CARTESIAN_POINT('',(5.50000000000001,-5.005436117955,-18.5996670792217));
#8602=CARTESIAN_POINT('Origin',(133.35,-37.9296207099316,-18.5996670792218));
#8603=CARTESIAN_POINT('Origin',(38.1,-73.1769981695589,-16.5792057921059));
#8604=CARTESIAN_POINT('',(38.1,-73.1490198242782,-16.898999742009));
#8605=CARTESIAN_POINT('',(37.325,-73.1769981695589,-16.5792057921059));
#8606=CARTESIAN_POINT('Origin',(85.725,-73.1769981695588,-16.5792057921059));
#8607=CARTESIAN_POINT('',(85.725,-73.1490198242781,-16.898999742009));
#8608=CARTESIAN_POINT('',(84.95,-73.1769981695588,-16.5792057921059));
#8609=CARTESIAN_POINT('Origin',(180.975,-73.1769981695589,-16.5792057921059));
#8610=CARTESIAN_POINT('',(180.975,-73.1490198242782,-16.898999742009));
#8611=CARTESIAN_POINT('',(180.2,-73.1769981695589,-16.5792057921059));
#8612=CARTESIAN_POINT('Origin',(228.6,-73.1769981695589,-16.5792057921059));
#8613=CARTESIAN_POINT('',(227.05,-73.2049765148396,-16.2594118422027));
#8614=CARTESIAN_POINT('Origin',(228.6,-73.2049765148396,-16.2594118422027));
#8615=CARTESIAN_POINT('',(228.6,-73.1490198242782,-16.898999742009));
#8616=CARTESIAN_POINT('',(227.825,-73.1769981695589,-16.5792057921059));
#8617=CARTESIAN_POINT('Origin',(247.65,-3.74222771256417,-10.5044505225941));
#8618=CARTESIAN_POINT('',(246.1,-3.77020605784487,-10.1846565726909));
#8619=CARTESIAN_POINT('Origin',(247.65,-3.77020605784487,-10.1846565726909));
#8620=CARTESIAN_POINT('',(247.65,-3.71424936728346,-10.8242444724973));
#8621=CARTESIAN_POINT('',(246.875,-3.74222771256417,-10.5044505225941));
#8622=CARTESIAN_POINT('Origin',(171.45,-3.74222771256417,-10.5044505225941));
#8623=CARTESIAN_POINT('',(171.45,-3.71424936728346,-10.8242444724973));
#8624=CARTESIAN_POINT('',(170.675,-3.74222771256417,-10.5044505225941));
#8625=CARTESIAN_POINT('Origin',(95.25,-3.74222771256417,-10.5044505225941));
#8626=CARTESIAN_POINT('',(95.25,-3.71424936728347,-10.8242444724973));
#8627=CARTESIAN_POINT('',(94.475,-3.74222771256417,-10.5044505225941));
#8628=CARTESIAN_POINT('Origin',(19.05,-3.74222771256417,-10.5044505225941));
#8629=CARTESIAN_POINT('',(19.05,-3.71424936728347,-10.8242444724973));
#8630=CARTESIAN_POINT('',(18.275,-3.74222771256417,-10.5044505225941));
#8631=CARTESIAN_POINT('Origin',(228.6,-73.3836457874723,-14.2172127111146));
#8632=CARTESIAN_POINT('',(227.05,-73.5100216144564,-12.7727303988816));
#8633=CARTESIAN_POINT('Origin',(228.6,-73.5100216144564,-12.7727303988816));
#8634=CARTESIAN_POINT('',(227.05,-73.3836457874723,-14.2172127111146));
#8635=CARTESIAN_POINT('Origin',(247.65,-3.94887533047758,-8.14245744160285));
#8636=CARTESIAN_POINT('',(246.1,-4.07525115746168,-6.69797512936982));
#8637=CARTESIAN_POINT('Origin',(247.65,-4.07525115746168,-6.69797512936982));
#8638=CARTESIAN_POINT('',(246.1,-3.94887533047758,-8.14245744160285));
#8639=CARTESIAN_POINT('Origin',(142.875,-38.792636385959,-9.73535276412571));
#8640=CARTESIAN_POINT('Origin',(133.35,-39.4463044565665,-2.26389252843761));
#8641=CARTESIAN_POINT('',(265.2,-58.9219108042601,-3.96778729915433));
#8642=CARTESIAN_POINT('',(262.2,-58.9219108042601,-3.96778729915433));
#8643=CARTESIAN_POINT('',(194.13125,-58.92191080426,-3.96778729915433));
#8644=CARTESIAN_POINT('',(267.2,-56.9295214080766,-3.79347581365902));
#8645=CARTESIAN_POINT('Origin',(265.2,-56.9295214080766,-3.79347581365901));
#8646=CARTESIAN_POINT('',(267.2,-53.9409373138013,-3.53200858541604));
#8647=CARTESIAN_POINT('',(267.2,-48.1879129323214,-3.02868417104831));
#8648=CARTESIAN_POINT('Origin',(262.2,-53.9409373138014,-3.53200858541604));
#8649=CARTESIAN_POINT('Origin',(133.35,-39.4463044565665,-2.26389252843761));
#8650=CARTESIAN_POINT('',(267.2,-2.98557850640859,0.926007656126678));
#8651=CARTESIAN_POINT('',(267.2,-5.9741626006838,0.664540427883706));
#8652=CARTESIAN_POINT('',(267.2,-48.1879129323214,-3.02868417104831));
#8653=CARTESIAN_POINT('Origin',(265.2,-2.98557850640856,0.926007656126681));
#8654=CARTESIAN_POINT('Origin',(262.2,-5.9741626006838,0.664540427883705));
#8655=CARTESIAN_POINT('Origin',(142.875,-38.792636385959,-9.73535276412571));
#8656=CARTESIAN_POINT('Origin',(133.35,-39.4463044565665,-2.26389252843761));
#8657=CARTESIAN_POINT('Origin',(1.49999999999999,-2.98557850640857,0.926007656126679));
#8658=CARTESIAN_POINT('Origin',(133.35,-39.4463044565665,-2.26389252843761));
#8659=CARTESIAN_POINT('Origin',(1.5,-56.9295214080766,-3.79347581365901));
#8660=CARTESIAN_POINT('Origin',(133.35,-39.4463044565665,-2.26389252843761));
#8661=CARTESIAN_POINT('Origin',(15.7875,-75.9070304067243,-5.4537927130019));
#8662=CARTESIAN_POINT('Origin',(133.35,-39.4463044565665,-2.26389252843761));
#8663=CARTESIAN_POINT('',(252.9125,-75.9070304067244,-5.45379271300191));
#8664=CARTESIAN_POINT('Origin',(250.9125,-75.9070304067243,-5.4537927130019));
#8665=CARTESIAN_POINT('',(252.9125,-72.9184463124491,-5.19232548475893));
#8666=CARTESIAN_POINT('',(252.9125,-57.6766674316453,-3.85884262071975));
#8667=CARTESIAN_POINT('Origin',(247.9125,-72.9184463124491,-5.19232548475893));
#8668=CARTESIAN_POINT('Origin',(180.110254037844,-5.32049453007637,-6.80691980780439));
#8669=CARTESIAN_POINT('Origin',(262.2,-6.50581263144452,6.74132808624335));
#8670=CARTESIAN_POINT('',(267.2,-6.50581263144451,6.74132808624336));
#8671=CARTESIAN_POINT('Origin',(262.2,-54.4725873445621,2.54477907294361));
#8672=CARTESIAN_POINT('',(262.2,-59.4535608350208,2.10900035920532));
#8673=CARTESIAN_POINT('',(267.2,-53.2872692431939,-11.0034688211041));
#8674=CARTESIAN_POINT('Origin',(247.9125,-73.4500963432098,0.884462173600722));
#8675=CARTESIAN_POINT('',(252.9125,-72.2647782418417,-12.663785720447));
#8676=CARTESIAN_POINT('Origin',(15.7875,-76.4386804374851,0.622994945357748));
#8677=CARTESIAN_POINT('Ctrl Pts',(15.7875,-78.4284449227831,0.418680591151089));
#8678=CARTESIAN_POINT('Ctrl Pts',(15.5777794201186,-78.4284449227831,0.418680591151088));
#8679=CARTESIAN_POINT('Ctrl Pts',(15.368840145701,-78.3959441157367,0.42933054358177));
#8680=CARTESIAN_POINT('Ctrl Pts',(14.9910826981829,-78.2764310673626,0.467522030140738));
#8681=CARTESIAN_POINT('Ctrl Pts',(14.8216236259075,-78.1951349531253,0.493231063212968));
#8682=CARTESIAN_POINT('Ctrl Pts',(14.4851017471565,-77.9728444904344,0.56096730105546));
#8683=CARTESIAN_POINT('Ctrl Pts',(14.3266041566789,-77.824975721682,0.604614589424868));
#8684=CARTESIAN_POINT('Ctrl Pts',(14.0495742245848,-77.4686269342647,0.703172458855097));
#8685=CARTESIAN_POINT('Ctrl Pts',(13.9407600633394,-77.2571910004045,0.757967885799986));
#8686=CARTESIAN_POINT('Ctrl Pts',(13.8157632187426,-76.8487314085991,0.854521898005875));
#8687=CARTESIAN_POINT('Ctrl Pts',(13.7875,-76.6578082195303,0.896401646054219));
#8688=CARTESIAN_POINT('Ctrl Pts',(13.7875,-76.4660122678555,0.935399196021653));
#8689=CARTESIAN_POINT('Origin',(250.9125,-76.4386804374851,0.622994945357748));
#8690=CARTESIAN_POINT('',(252.9125,-76.4660122678555,0.935399196021648));
#8691=CARTESIAN_POINT('Ctrl Pts',(252.9125,-76.4660122678555,0.935399196021647));
#8692=CARTESIAN_POINT('Ctrl Pts',(252.9125,-76.8284403537017,0.861707299691359));
#8693=CARTESIAN_POINT('Ctrl Pts',(252.810171001902,-77.1905138756755,0.776230750283776));
#8694=CARTESIAN_POINT('Ctrl Pts',(252.478198433194,-77.7142345612858,0.636516802720538));
#8695=CARTESIAN_POINT('Ctrl Pts',(252.303411769296,-77.9012813829975,0.582308399017194));
#8696=CARTESIAN_POINT('Ctrl Pts',(251.961463875659,-78.1457504787839,0.508453739152947));
#8697=CARTESIAN_POINT('Ctrl Pts',(251.817356484073,-78.2246254715728,0.483815574309593));
#8698=CARTESIAN_POINT('Ctrl Pts',(251.469664839928,-78.3622392292754,0.440242748606458));
#8699=CARTESIAN_POINT('Ctrl Pts',(251.262560039597,-78.4094329129829,0.424849764377679));
#8700=CARTESIAN_POINT('Ctrl Pts',(251.004896253026,-78.426879859565,0.419190337563579));
#8701=CARTESIAN_POINT('Ctrl Pts',(250.958699986008,-78.4284449227831,0.41868059115108));
#8702=CARTESIAN_POINT('Ctrl Pts',(250.9125,-78.4284449227831,0.41868059115108));
#8703=CARTESIAN_POINT('',(252.9125,-76.4386804374851,0.622994945357747));
#8704=CARTESIAN_POINT('Origin',(254.9125,-61.4459502312043,1.93468887371));
#8705=CARTESIAN_POINT('',(252.9125,-61.4895281025781,2.43278622275588));
#8706=CARTESIAN_POINT('',(252.9125,-61.4459502312043,1.93468887371));
#8707=CARTESIAN_POINT('',(254.9125,-59.4971387063946,2.60709770825119));
#8708=CARTESIAN_POINT('Origin',(254.9125,-61.4895281025781,2.43278622275588));
#8709=CARTESIAN_POINT('',(254.9125,-59.4535608350208,2.10900035920532));
#8710=CARTESIAN_POINT('Origin',(1.5,-59.4535608350208,2.10900035920532));
#8711=CARTESIAN_POINT('',(265.2,-59.4971387063946,2.60709770825119));
#8712=CARTESIAN_POINT('',(67.425,-59.4971387063946,2.6070977082512));
#8713=CARTESIAN_POINT('',(265.2,-59.4535608350208,2.10900035920532));
#8714=CARTESIAN_POINT('Origin',(265.2,-57.4611714388373,2.28331184470064));
#8715=CARTESIAN_POINT('',(267.2,-57.5047493102112,2.78140919374651));
#8716=CARTESIAN_POINT('Origin',(265.2,-57.5047493102112,2.78140919374651));
#8717=CARTESIAN_POINT('',(267.2,-57.4611714388374,2.28331184470063));
#8718=CARTESIAN_POINT('Origin',(267.2,-57.4611714388374,2.28331184470063));
#8719=CARTESIAN_POINT('',(267.2,-3.56080640854313,7.5008926635322));
#8720=CARTESIAN_POINT('',(267.2,-48.763140834456,3.54620083635722));
#8721=CARTESIAN_POINT('',(267.2,-3.5172285371693,7.00279531448633));
#8722=CARTESIAN_POINT('Origin',(265.2,-3.51722853716927,7.00279531448633));
#8723=CARTESIAN_POINT('Origin',(265.2,-3.5608064085431,7.5008926635322));
#8724=CARTESIAN_POINT('Origin',(1.49999999999999,-3.51722853716929,7.00279531448633));
#8725=CARTESIAN_POINT('Origin',(1.49999999999999,-3.56080640854312,7.5008926635322));
#8726=CARTESIAN_POINT('Origin',(1.5,-57.4611714388373,2.28331184470064));
#8727=CARTESIAN_POINT('Origin',(1.5,-57.5047493102112,2.78140919374651));
#8728=CARTESIAN_POINT('Origin',(252.9125,-76.4386804374851,0.622994945357747));
#8729=CARTESIAN_POINT('',(252.9125,-76.4116332687773,0.946375846815196));
#8730=CARTESIAN_POINT('Ctrl Pts',(252.9125,-76.4116332687773,0.946375846815197));
#8731=CARTESIAN_POINT('Ctrl Pts',(252.9125,-76.4297642432345,0.942742994719036));
#8732=CARTESIAN_POINT('Ctrl Pts',(252.9125,-76.4478849707101,0.939084989022124));
#8733=CARTESIAN_POINT('Ctrl Pts',(252.9125,-76.4660122678555,0.935399196021646));
#8734=CARTESIAN_POINT('',(252.9125,-71.8898970129556,1.52287184661039));
#8735=CARTESIAN_POINT('Ctrl Pts',(252.9125,-71.8898970129556,1.52287184661039));
#8736=CARTESIAN_POINT('Ctrl Pts',(252.9125,-73.870359398675,1.34960383932042));
#8737=CARTESIAN_POINT('Ctrl Pts',(252.9125,-75.2788711150052,1.17334419727564));
#8738=CARTESIAN_POINT('Ctrl Pts',(252.9125,-76.4116332687773,0.946375846815194));
#8739=CARTESIAN_POINT('',(252.9125,-58.2518953337798,2.71604238668578));
#8740=CARTESIAN_POINT('Ctrl Pts',(13.7875,-71.8898970129556,1.52287184661039));
#8741=CARTESIAN_POINT('Ctrl Pts',(13.7875,-73.870359398675,1.34960383932042));
#8742=CARTESIAN_POINT('Ctrl Pts',(13.7875,-75.2788711150052,1.17334419727563));
#8743=CARTESIAN_POINT('Ctrl Pts',(13.7875,-76.4116332687773,0.946375846815198));
#8744=CARTESIAN_POINT('Ctrl Pts',(13.5375,-71.9044229700802,1.68890429629234));
#8745=CARTESIAN_POINT('Ctrl Pts',(13.5375,-73.8878456882148,1.51537729347579));
#8746=CARTESIAN_POINT('Ctrl Pts',(13.5375,-75.3018677932179,1.33871574701076));
#8747=CARTESIAN_POINT('Ctrl Pts',(13.5375,-76.4443769843483,1.10979441022946));
#8748=CARTESIAN_POINT('Ctrl Pts',(13.2875,-71.9189489272048,1.8549367459743));
#8749=CARTESIAN_POINT('Ctrl Pts',(13.2875,-73.9053319777545,1.68115074763116));
#8750=CARTESIAN_POINT('Ctrl Pts',(13.2875,-75.3248644714305,1.50408729674589));
#8751=CARTESIAN_POINT('Ctrl Pts',(13.2875,-76.4771206999194,1.27321297364372));
#8752=CARTESIAN_POINT('Ctrl Pts',(13.0375,-71.9334748843294,2.02096919565626));
#8753=CARTESIAN_POINT('Ctrl Pts',(13.0375,-73.9228182672943,1.84692420178652));
#8754=CARTESIAN_POINT('Ctrl Pts',(13.0375,-75.3478611496431,1.66945884648102));
#8755=CARTESIAN_POINT('Ctrl Pts',(13.0375,-76.5098644154904,1.43663153705798));
#8756=CARTESIAN_POINT('',(13.0375,-76.5098644154904,1.43663153705798));
#8757=CARTESIAN_POINT('',(13.0375,-76.5098644154904,1.43663153705798));
#8758=CARTESIAN_POINT('',(13.0375,-71.9334748843294,2.02096919565626));
#8759=CARTESIAN_POINT('',(13.7875,-71.8898970129555,1.52287184661039));
#8760=CARTESIAN_POINT('Ctrl Pts',(13.0375,-71.9334748843294,2.02096919565626));
#8761=CARTESIAN_POINT('Ctrl Pts',(13.0375,-73.9228182672943,1.84692420178652));
#8762=CARTESIAN_POINT('Ctrl Pts',(13.0375,-75.3478611496431,1.66945884648102));
#8763=CARTESIAN_POINT('Ctrl Pts',(13.0375,-76.5098644154904,1.43663153705798));
#8764=CARTESIAN_POINT('Ctrl Pts',(13.0385953685875,-76.5862802676076,1.4211629823325));
#8765=CARTESIAN_POINT('Ctrl Pts',(13.0378656303845,-76.5608383640528,1.42636594742419));
#8766=CARTESIAN_POINT('Ctrl Pts',(13.0375,-76.5353638129458,1.43152229487603));
#8767=CARTESIAN_POINT('Ctrl Pts',(13.0375,-76.509864415491,1.43663153705786));
#8768=CARTESIAN_POINT('Ctrl Pts',(13.288230245725,-76.5461909343569,1.25924172022889));
#8769=CARTESIAN_POINT('Ctrl Pts',(13.2877437535897,-76.5231897275708,1.26393845406077));
#8770=CARTESIAN_POINT('Ctrl Pts',(13.2875,-76.5001664581283,1.2685953602212));
#8771=CARTESIAN_POINT('Ctrl Pts',(13.2875,-76.4771206999198,1.27321297364364));
#8772=CARTESIAN_POINT('Ctrl Pts',(13.5378651228625,-76.5061016011062,1.09732045812527));
#8773=CARTESIAN_POINT('Ctrl Pts',(13.5376218767949,-76.4855410910887,1.10151096069735));
#8774=CARTESIAN_POINT('Ctrl Pts',(13.5375,-76.4649691033108,1.10566842556638));
#8775=CARTESIAN_POINT('Ctrl Pts',(13.5375,-76.4443769843486,1.10979441022942));
#8776=CARTESIAN_POINT('Ctrl Pts',(13.7875,-76.4660122678555,0.935399196021651));
#8777=CARTESIAN_POINT('Ctrl Pts',(13.7875,-76.4478924546067,0.939083467333937));
#8778=CARTESIAN_POINT('Ctrl Pts',(13.7875,-76.4297717484932,0.942741490911552));
#8779=CARTESIAN_POINT('Ctrl Pts',(13.7875,-76.4116332687773,0.946375846815196));
#8780=CARTESIAN_POINT('',(13.0385953685875,-76.5862802676076,1.4211629823325));
#8781=CARTESIAN_POINT('Ctrl Pts',(13.0375,-76.509864415491,1.43663153705786));
#8782=CARTESIAN_POINT('Ctrl Pts',(13.0375,-76.5353638129458,1.43152229487603));
#8783=CARTESIAN_POINT('Ctrl Pts',(13.0378656303845,-76.5608383640528,1.42636594742419));
#8784=CARTESIAN_POINT('Ctrl Pts',(13.0385953685875,-76.5862802676076,1.4211629823325));
#8785=CARTESIAN_POINT('',(13.7875,-76.4660122678555,0.935399196021651));
#8786=CARTESIAN_POINT('Ctrl Pts',(15.7875,-79.1754935817715,0.65672246347551));
#8787=CARTESIAN_POINT('Ctrl Pts',(15.5136244307481,-79.1754935817715,0.65672246347551));
#8788=CARTESIAN_POINT('Ctrl Pts',(15.2407074777317,-79.1364852187505,0.672459828818446));
#8789=CARTESIAN_POINT('Ctrl Pts',(14.7425433675672,-78.9909947279888,0.729149502380073));
#8790=CARTESIAN_POINT('Ctrl Pts',(14.5168423079031,-78.8914423281125,0.76740429814805));
#8791=CARTESIAN_POINT('Ctrl Pts',(14.0617092325537,-78.6140076696056,0.868615388815974));
#8792=CARTESIAN_POINT('Ctrl Pts',(13.8423325213628,-78.4265009447148,0.93411671307549));
#8793=CARTESIAN_POINT('Ctrl Pts',(13.449333197233,-77.9622713554582,1.08185669839717));
#8794=CARTESIAN_POINT('Ctrl Pts',(13.2882248800702,-77.679884499969,1.16379879659808));
#8795=CARTESIAN_POINT('Ctrl Pts',(13.0948268630238,-77.1211549089346,1.30562319895629));
#8796=CARTESIAN_POINT('Ctrl Pts',(13.0463195559831,-76.85557962725,1.36609024909886));
#8797=CARTESIAN_POINT('Ctrl Pts',(13.0385953685875,-76.5862802676076,1.42116298233251));
#8798=CARTESIAN_POINT('Ctrl Pts',(15.7875,-78.9264773621087,0.577375172700703));
#8799=CARTESIAN_POINT('Ctrl Pts',(15.5350309592509,-78.9264894469719,0.577380924425183));
#8800=CARTESIAN_POINT('Ctrl Pts',(15.2834229751901,-78.8896419947125,0.591416985081282));
#8801=CARTESIAN_POINT('Ctrl Pts',(14.8253898761337,-78.7528054302148,0.641941199163036));
#8802=CARTESIAN_POINT('Ctrl Pts',(14.6184426992723,-78.6593477163423,0.676014457264075));
#8803=CARTESIAN_POINT('Ctrl Pts',(14.2028381296678,-78.4002775838759,0.766064546056874));
#8804=CARTESIAN_POINT('Ctrl Pts',(14.0037564109508,-78.2259994546961,0.824285977471847));
#8805=CARTESIAN_POINT('Ctrl Pts',(13.6494180791367,-77.797712527777,0.955622901834231));
#8806=CARTESIAN_POINT('Ctrl Pts',(13.505734504229,-77.5389722635207,1.0285172365101));
#8807=CARTESIAN_POINT('Ctrl Pts',(13.3351435166498,-77.0303553082131,1.15525712735186));
#8808=CARTESIAN_POINT('Ctrl Pts',(13.2933862446584,-76.7896383973303,1.20951510633224));
#8809=CARTESIAN_POINT('Ctrl Pts',(13.288230245725,-76.5461909343569,1.25924172022889));
#8810=CARTESIAN_POINT('Ctrl Pts',(15.7875,-78.6774611424459,0.498027881925896));
#8811=CARTESIAN_POINT('Ctrl Pts',(15.5563728916158,-78.6774490575827,0.498022130201415));
#8812=CARTESIAN_POINT('Ctrl Pts',(15.3261246482426,-78.6427873397748,0.510373387318934));
#8813=CARTESIAN_POINT('Ctrl Pts',(14.9082361896163,-78.5146203651366,0.554730333357775));
#8814=CARTESIAN_POINT('Ctrl Pts',(14.7200232345383,-78.4272295648955,0.584620904096943));
#8815=CARTESIAN_POINT('Ctrl Pts',(14.3439728500423,-78.1865745761642,0.66351814381456));
#8816=CARTESIAN_POINT('Ctrl Pts',(14.165180267091,-78.0254772117007,0.714445325028511));
#8817=CARTESIAN_POINT('Ctrl Pts',(13.8494893426811,-77.6331857619459,0.829406255418035));
#8818=CARTESIAN_POINT('Ctrl Pts',(13.7232504391805,-77.3981032368528,0.893249445887965));
#8819=CARTESIAN_POINT('Ctrl Pts',(13.5754465651167,-76.9395310093207,1.0048879696103));
#8820=CARTESIAN_POINT('Ctrl Pts',(13.5404333113247,-76.72374944945,1.05297678882084));
#8821=CARTESIAN_POINT('Ctrl Pts',(13.5378651228625,-76.5061016011062,1.09732045812527));
#8822=CARTESIAN_POINT('Ctrl Pts',(15.7875,-78.4284449227831,0.418680591151089));
#8823=CARTESIAN_POINT('Ctrl Pts',(15.5777794201186,-78.4284449227831,0.418680591151088));
#8824=CARTESIAN_POINT('Ctrl Pts',(15.368840145701,-78.3959441157367,0.42933054358177));
#8825=CARTESIAN_POINT('Ctrl Pts',(14.9910826981829,-78.2764310673626,0.467522030140738));
#8826=CARTESIAN_POINT('Ctrl Pts',(14.8216236259075,-78.1951349531253,0.493231063212968));
#8827=CARTESIAN_POINT('Ctrl Pts',(14.4851017471565,-77.9728444904344,0.56096730105546));
#8828=CARTESIAN_POINT('Ctrl Pts',(14.3266041566789,-77.824975721682,0.604614589424868));
#8829=CARTESIAN_POINT('Ctrl Pts',(14.0495742245848,-77.4686269342647,0.703172458855097));
#8830=CARTESIAN_POINT('Ctrl Pts',(13.9407600633394,-77.2571910004045,0.757967885799986));
#8831=CARTESIAN_POINT('Ctrl Pts',(13.8157632187426,-76.8487314085991,0.854521898005875));
#8832=CARTESIAN_POINT('Ctrl Pts',(13.7875,-76.6578082195303,0.896401646054219));
#8833=CARTESIAN_POINT('Ctrl Pts',(13.7875,-76.4660122678555,0.935399196021653));
#8834=CARTESIAN_POINT('',(15.7875,-79.1754935817716,0.656722463475481));
#8835=CARTESIAN_POINT('Ctrl Pts',(13.0385953685875,-76.5862802676076,1.42116298233251));
#8836=CARTESIAN_POINT('Ctrl Pts',(13.0463195559831,-76.85557962725,1.36609024909886));
#8837=CARTESIAN_POINT('Ctrl Pts',(13.0948268630238,-77.1211549089346,1.30562319895629));
#8838=CARTESIAN_POINT('Ctrl Pts',(13.2882248800702,-77.679884499969,1.16379879659808));
#8839=CARTESIAN_POINT('Ctrl Pts',(13.449333197233,-77.9622713554582,1.08185669839717));
#8840=CARTESIAN_POINT('Ctrl Pts',(13.8423325213628,-78.4265009447148,0.93411671307549));
#8841=CARTESIAN_POINT('Ctrl Pts',(14.0617092325537,-78.6140076696056,0.868615388815974));
#8842=CARTESIAN_POINT('Ctrl Pts',(14.5168423079031,-78.8914423281125,0.76740429814805));
#8843=CARTESIAN_POINT('Ctrl Pts',(14.7425433675672,-78.9909947279888,0.729149502380073));
#8844=CARTESIAN_POINT('Ctrl Pts',(15.2407074777317,-79.1364852187505,0.672459828818446));
#8845=CARTESIAN_POINT('Ctrl Pts',(15.5136244307481,-79.1754935817715,0.65672246347551));
#8846=CARTESIAN_POINT('Ctrl Pts',(15.7875,-79.1754935817715,0.65672246347551));
#8847=CARTESIAN_POINT('',(15.7875,-78.4284449227831,0.418680591151076));
#8848=CARTESIAN_POINT('Ctrl Pts',(250.9125,-79.1754935817716,0.656722463475483));
#8849=CARTESIAN_POINT('Ctrl Pts',(172.5375,-79.1754935817716,0.656722463475483));
#8850=CARTESIAN_POINT('Ctrl Pts',(94.1625000000001,-79.1754935817716,0.656722463475481));
#8851=CARTESIAN_POINT('Ctrl Pts',(15.7875,-79.1754935817716,0.656722463475481));
#8852=CARTESIAN_POINT('Ctrl Pts',(250.9125,-78.9264773621087,0.577375172700681));
#8853=CARTESIAN_POINT('Ctrl Pts',(172.5375,-78.9264773621087,0.577375172700681));
#8854=CARTESIAN_POINT('Ctrl Pts',(94.1625000000001,-78.9264773621087,0.57737517270068));
#8855=CARTESIAN_POINT('Ctrl Pts',(15.7875,-78.9264773621087,0.57737517270068));
#8856=CARTESIAN_POINT('Ctrl Pts',(250.9125,-78.6774611424459,0.498027881925878));
#8857=CARTESIAN_POINT('Ctrl Pts',(172.5375,-78.6774611424459,0.498027881925878));
#8858=CARTESIAN_POINT('Ctrl Pts',(94.1625,-78.6774611424459,0.498027881925878));
#8859=CARTESIAN_POINT('Ctrl Pts',(15.7875,-78.6774611424459,0.498027881925878));
#8860=CARTESIAN_POINT('Ctrl Pts',(250.9125,-78.4284449227831,0.418680591151076));
#8861=CARTESIAN_POINT('Ctrl Pts',(172.5375,-78.4284449227831,0.418680591151076));
#8862=CARTESIAN_POINT('Ctrl Pts',(94.1625,-78.4284449227831,0.418680591151076));
#8863=CARTESIAN_POINT('Ctrl Pts',(15.7875,-78.4284449227831,0.418680591151076));
#8864=CARTESIAN_POINT('',(250.9125,-79.1754935817716,0.656722463475482));
#8865=CARTESIAN_POINT('Ctrl Pts',(15.7875,-79.1754935817716,0.656722463475481));
#8866=CARTESIAN_POINT('Ctrl Pts',(94.1625000000001,-79.1754935817716,0.656722463475481));
#8867=CARTESIAN_POINT('Ctrl Pts',(172.5375,-79.1754935817716,0.656722463475483));
#8868=CARTESIAN_POINT('Ctrl Pts',(250.9125,-79.1754935817716,0.656722463475483));
#8869=CARTESIAN_POINT('',(250.9125,-79.1754935817716,0.656722463475482));
#8870=CARTESIAN_POINT('Ctrl Pts',(253.661404631413,-76.5862802676076,1.4211629823325));
#8871=CARTESIAN_POINT('Ctrl Pts',(253.646808585834,-77.095163018169,1.31709454338009));
#8872=CARTESIAN_POINT('Ctrl Pts',(253.483702627956,-77.5930392424514,1.19107116538755));
#8873=CARTESIAN_POINT('Ctrl Pts',(253.004192018111,-78.2845155170561,0.982022873393239));
#8874=CARTESIAN_POINT('Ctrl Pts',(252.759431323586,-78.5237616174394,0.900559134987202));
#8875=CARTESIAN_POINT('Ctrl Pts',(252.29490921178,-78.8301636451773,0.790116890896179));
#8876=CARTESIAN_POINT('Ctrl Pts',(252.101894581774,-78.927385598622,0.753393009976604));
#8877=CARTESIAN_POINT('Ctrl Pts',(251.641084520244,-79.0957550548237,0.688616875731519));
#8878=CARTESIAN_POINT('Ctrl Pts',(251.369797149754,-79.1525489060484,0.66585145778256));
#8879=CARTESIAN_POINT('Ctrl Pts',(251.033161827092,-79.1736087022181,0.657476408985878));
#8880=CARTESIAN_POINT('Ctrl Pts',(250.972832884233,-79.1754935817715,0.656722463475487));
#8881=CARTESIAN_POINT('Ctrl Pts',(250.9125,-79.1754935817715,0.656722463475487));
#8882=CARTESIAN_POINT('Ctrl Pts',(253.411769754275,-76.5461909343569,1.25924172022888));
#8883=CARTESIAN_POINT('Ctrl Pts',(253.4019342481,-77.0059484021122,1.16520914567345));
#8884=CARTESIAN_POINT('Ctrl Pts',(253.259181038859,-77.4587581755512,1.05276650109279));
#8885=CARTESIAN_POINT('Ctrl Pts',(252.828852651053,-78.0944508142729,0.866856241326437));
#8886=CARTESIAN_POINT('Ctrl Pts',(252.607427777119,-78.3161998586104,0.794464193754747));
#8887=CARTESIAN_POINT('Ctrl Pts',(252.183749575195,-78.602044642029,0.696228661442746));
#8888=CARTESIAN_POINT('Ctrl Pts',(252.007047150889,-78.6931105549207,0.663529420913985));
#8889=CARTESIAN_POINT('Ctrl Pts',(251.583938827595,-78.8512581986576,0.605825053922911));
#8890=CARTESIAN_POINT('Ctrl Pts',(251.334056842652,-78.9048443399395,0.585519478299603));
#8891=CARTESIAN_POINT('Ctrl Pts',(251.023738547223,-78.9246986157491,0.578047158100179));
#8892=CARTESIAN_POINT('Ctrl Pts',(250.96812298235,-78.9264779290423,0.577375676220885));
#8893=CARTESIAN_POINT('Ctrl Pts',(250.9125,-78.9264773621087,0.577375172700685));
#8894=CARTESIAN_POINT('Ctrl Pts',(253.162134877138,-76.5061016011062,1.09732045812526));
#8895=CARTESIAN_POINT('Ctrl Pts',(253.157374337734,-76.9176549697585,1.013592697398));
#8896=CARTESIAN_POINT('Ctrl Pts',(253.034692590999,-77.3247949425757,0.914535414578534));
#8897=CARTESIAN_POINT('Ctrl Pts',(252.653537800252,-77.904299264069,0.75168343478734));
#8898=CARTESIAN_POINT('Ctrl Pts',(252.455415315763,-78.1088431418264,0.688403340249649));
#8899=CARTESIAN_POINT('Ctrl Pts',(252.072623512244,-78.3738694819323,0.602341968606379));
#8900=CARTESIAN_POINT('Ctrl Pts',(251.912203914958,-78.458900515274,0.573679163372213));
#8901=CARTESIAN_POINT('Ctrl Pts',(251.526810532576,-78.6067360854415,0.523034570415065));
#8902=CARTESIAN_POINT('Ctrl Pts',(251.2983003467,-78.6571374790918,0.505181743860637));
#8903=CARTESIAN_POINT('Ctrl Pts',(251.014319532896,-78.6757899460341,0.498619588449277));
#8904=CARTESIAN_POINT('Ctrl Pts',(250.963409887891,-78.6774605755123,0.498027378405682));
#8905=CARTESIAN_POINT('Ctrl Pts',(250.9125,-78.6774611424459,0.498027881925882));
#8906=CARTESIAN_POINT('Ctrl Pts',(252.9125,-76.4660122678555,0.935399196021647));
#8907=CARTESIAN_POINT('Ctrl Pts',(252.9125,-76.8284403537017,0.861707299691359));
#8908=CARTESIAN_POINT('Ctrl Pts',(252.810171001902,-77.1905138756755,0.776230750283776));
#8909=CARTESIAN_POINT('Ctrl Pts',(252.478198433194,-77.7142345612858,0.636516802720538));
#8910=CARTESIAN_POINT('Ctrl Pts',(252.303411769296,-77.9012813829975,0.582308399017194));
#8911=CARTESIAN_POINT('Ctrl Pts',(251.961463875659,-78.1457504787839,0.508453739152947));
#8912=CARTESIAN_POINT('Ctrl Pts',(251.817356484073,-78.2246254715728,0.483815574309593));
#8913=CARTESIAN_POINT('Ctrl Pts',(251.469664839928,-78.3622392292754,0.440242748606458));
#8914=CARTESIAN_POINT('Ctrl Pts',(251.262560039597,-78.4094329129829,0.424849764377679));
#8915=CARTESIAN_POINT('Ctrl Pts',(251.004896253026,-78.426879859565,0.419190337563579));
#8916=CARTESIAN_POINT('Ctrl Pts',(250.958699986008,-78.4284449227831,0.41868059115108));
#8917=CARTESIAN_POINT('Ctrl Pts',(250.9125,-78.4284449227831,0.41868059115108));
#8918=CARTESIAN_POINT('',(253.661404631413,-76.5862802676076,1.4211629823325));
#8919=CARTESIAN_POINT('',(253.661404631413,-76.5862802676076,1.4211629823325));
#8920=CARTESIAN_POINT('Ctrl Pts',(250.9125,-79.1754935817715,0.656722463475487));
#8921=CARTESIAN_POINT('Ctrl Pts',(250.972832884233,-79.1754935817715,0.656722463475487));
#8922=CARTESIAN_POINT('Ctrl Pts',(251.033161827092,-79.1736087022181,0.657476408985878));
#8923=CARTESIAN_POINT('Ctrl Pts',(251.369797149754,-79.1525489060484,0.66585145778256));
#8924=CARTESIAN_POINT('Ctrl Pts',(251.641084520244,-79.0957550548237,0.688616875731519));
#8925=CARTESIAN_POINT('Ctrl Pts',(252.101894581774,-78.927385598622,0.753393009976604));
#8926=CARTESIAN_POINT('Ctrl Pts',(252.29490921178,-78.8301636451773,0.790116890896179));
#8927=CARTESIAN_POINT('Ctrl Pts',(252.759431323586,-78.5237616174394,0.900559134987202));
#8928=CARTESIAN_POINT('Ctrl Pts',(253.004192018111,-78.2845155170561,0.982022873393239));
#8929=CARTESIAN_POINT('Ctrl Pts',(253.483702627956,-77.5930392424514,1.19107116538755));
#8930=CARTESIAN_POINT('Ctrl Pts',(253.646808585834,-77.095163018169,1.31709454338009));
#8931=CARTESIAN_POINT('Ctrl Pts',(253.661404631413,-76.5862802676076,1.4211629823325));
#8932=CARTESIAN_POINT('Ctrl Pts',(253.6625,-76.5098644154911,1.43663153705785));
#8933=CARTESIAN_POINT('Ctrl Pts',(253.6625,-76.5353532619194,1.43152440895534));
#8934=CARTESIAN_POINT('Ctrl Pts',(253.662134671014,-76.5608278559656,1.42636809636759));
#8935=CARTESIAN_POINT('Ctrl Pts',(253.661404631413,-76.5862802676077,1.4211629823325));
#8936=CARTESIAN_POINT('Ctrl Pts',(253.4125,-76.4771206999198,1.27321297364364));
#8937=CARTESIAN_POINT('Ctrl Pts',(253.4125,-76.5001569223578,1.26859727087657));
#8938=CARTESIAN_POINT('Ctrl Pts',(253.412256447343,-76.5231802275471,1.2639403939191));
#8939=CARTESIAN_POINT('Ctrl Pts',(253.411769754275,-76.5461909343569,1.25924172022888));
#8940=CARTESIAN_POINT('Ctrl Pts',(253.1625,-76.4443769843486,1.10979441022942));
#8941=CARTESIAN_POINT('Ctrl Pts',(253.1625,-76.4649605827961,1.10567013279781));
#8942=CARTESIAN_POINT('Ctrl Pts',(253.162378223671,-76.4855325991286,1.10151269147061));
#8943=CARTESIAN_POINT('Ctrl Pts',(253.162134877138,-76.5061016011062,1.09732045812526));
#8944=CARTESIAN_POINT('Ctrl Pts',(252.9125,-76.4116332687773,0.946375846815197));
#8945=CARTESIAN_POINT('Ctrl Pts',(252.9125,-76.4297642432345,0.942742994719036));
#8946=CARTESIAN_POINT('Ctrl Pts',(252.9125,-76.4478849707101,0.939084989022124));
#8947=CARTESIAN_POINT('Ctrl Pts',(252.9125,-76.4660122678555,0.935399196021646));
#8948=CARTESIAN_POINT('',(253.6625,-76.5098644154904,1.43663153705798));
#8949=CARTESIAN_POINT('Ctrl Pts',(253.661404631413,-76.5862802676077,1.4211629823325));
#8950=CARTESIAN_POINT('Ctrl Pts',(253.662134671014,-76.5608278559656,1.42636809636759));
#8951=CARTESIAN_POINT('Ctrl Pts',(253.6625,-76.5353532619194,1.43152440895534));
#8952=CARTESIAN_POINT('Ctrl Pts',(253.6625,-76.5098644154911,1.43663153705785));
#8953=CARTESIAN_POINT('',(252.9125,-76.4116332687773,0.946375846815196));
#8954=CARTESIAN_POINT('Ctrl Pts',(253.6625,-71.9334748843294,2.02096919565626));
#8955=CARTESIAN_POINT('Ctrl Pts',(253.6625,-73.9228182672943,1.84692420178652));
#8956=CARTESIAN_POINT('Ctrl Pts',(253.6625,-75.3478611496432,1.66945884648101));
#8957=CARTESIAN_POINT('Ctrl Pts',(253.6625,-76.5098644154904,1.43663153705798));
#8958=CARTESIAN_POINT('Ctrl Pts',(253.4125,-71.9189489272048,1.8549367459743));
#8959=CARTESIAN_POINT('Ctrl Pts',(253.4125,-73.9053319777545,1.68115074763115));
#8960=CARTESIAN_POINT('Ctrl Pts',(253.4125,-75.3248644714305,1.50408729674589));
#8961=CARTESIAN_POINT('Ctrl Pts',(253.4125,-76.4771206999194,1.27321297364372));
#8962=CARTESIAN_POINT('Ctrl Pts',(253.1625,-71.9044229700802,1.68890429629234));
#8963=CARTESIAN_POINT('Ctrl Pts',(253.1625,-73.8878456882148,1.51537729347579));
#8964=CARTESIAN_POINT('Ctrl Pts',(253.1625,-75.3018677932179,1.33871574701076));
#8965=CARTESIAN_POINT('Ctrl Pts',(253.1625,-76.4443769843484,1.10979441022946));
#8966=CARTESIAN_POINT('Ctrl Pts',(252.9125,-71.8898970129556,1.52287184661039));
#8967=CARTESIAN_POINT('Ctrl Pts',(252.9125,-73.870359398675,1.34960383932042));
#8968=CARTESIAN_POINT('Ctrl Pts',(252.9125,-75.2788711150052,1.17334419727564));
#8969=CARTESIAN_POINT('Ctrl Pts',(252.9125,-76.4116332687773,0.946375846815194));
#8970=CARTESIAN_POINT('',(253.6625,-71.9334748843294,2.02096919565626));
#8971=CARTESIAN_POINT('Ctrl Pts',(253.6625,-76.5098644154904,1.43663153705798));
#8972=CARTESIAN_POINT('Ctrl Pts',(253.6625,-75.3478611496432,1.66945884648101));
#8973=CARTESIAN_POINT('Ctrl Pts',(253.6625,-73.9228182672943,1.84692420178652));
#8974=CARTESIAN_POINT('Ctrl Pts',(253.6625,-71.9334748843294,2.02096919565626));
#8975=CARTESIAN_POINT('',(253.6625,-71.9334748843294,2.02096919565626));
#8976=CARTESIAN_POINT('Origin',(254.9125,-61.5113170382651,2.68183489727881));
#8977=CARTESIAN_POINT('',(253.6625,-61.533105973952,2.93088357180175));
#8978=CARTESIAN_POINT('',(253.6625,-61.533105973952,2.93088357180175));
#8979=CARTESIAN_POINT('',(254.9125,-60.2878626013373,3.03982825023632));
#8980=CARTESIAN_POINT('Origin',(254.9125,-61.533105973952,2.93088357180175));
#8981=CARTESIAN_POINT('',(254.9125,-60.2878626013373,3.03982825023632));
#8982=CARTESIAN_POINT('Origin',(67.425,-59.8925006538659,2.82346297924376));
#8983=CARTESIAN_POINT('',(265.2,-60.287862601337,3.03982825023634));
#8984=CARTESIAN_POINT('',(67.425,-60.2878626013372,3.03982825023633));
#8985=CARTESIAN_POINT('',(265.2,-60.287862601337,3.03982825023634));
#8986=CARTESIAN_POINT('Origin',(265.2,-57.5265382458981,3.03045786826944));
#8987=CARTESIAN_POINT('',(267.95,-57.548327181585,3.27950654279238));
#8988=CARTESIAN_POINT('Origin',(265.2,-57.548327181585,3.27950654279238));
#8989=CARTESIAN_POINT('',(267.95,-57.548327181585,3.27950654279238));
#8990=CARTESIAN_POINT('Origin',(267.575,-48.7849297701429,3.79524951088015));
#8991=CARTESIAN_POINT('',(267.95,-3.60438427991696,7.99899001257808));
#8992=CARTESIAN_POINT('',(267.95,-48.8067187058298,4.04429818540309));
#8993=CARTESIAN_POINT('',(267.95,-3.60438427991696,7.99899001257808));
#8994=CARTESIAN_POINT('Origin',(265.2,-3.58259534423001,7.74994133805514));
#8995=CARTESIAN_POINT('',(265.2,-0.864848860164645,8.23866830513414));
#8996=CARTESIAN_POINT('Origin',(265.2,-3.60438427991693,7.99899001257808));
#8997=CARTESIAN_POINT('',(265.2,-0.864848860164645,8.23866830513414));
#8998=CARTESIAN_POINT('Origin',(199.275,-1.21663293626213,7.95693622708083));
#8999=CARTESIAN_POINT('',(1.49999999999999,-0.864848860164648,8.23866830513414));
#9000=CARTESIAN_POINT('',(199.275,-0.864848860164636,8.23866830513414));
#9001=CARTESIAN_POINT('',(1.49999999999999,-1.56841701235963,7.67520414902752));
#9002=CARTESIAN_POINT('Origin',(1.49999999999999,-3.58259534423003,7.74994133805514));
#9003=CARTESIAN_POINT('',(-1.25000000000001,-3.60438427991695,7.99899001257808));
#9004=CARTESIAN_POINT('Origin',(1.49999999999999,-3.60438427991695,7.99899001257808));
#9005=CARTESIAN_POINT('',(-0.500000000000007,-3.56080640854312,7.5008926635322));
#9006=CARTESIAN_POINT('Origin',(-0.875000000000008,-21.812958319309,6.15499124577299));
#9007=CARTESIAN_POINT('',(-1.25,-57.548327181585,3.27950654279238));
#9008=CARTESIAN_POINT('',(-1.25000000000001,-21.8347472549959,6.40403992029593));
#9009=CARTESIAN_POINT('',(-0.500000000000002,-57.5047493102111,2.78140919374651));
#9010=CARTESIAN_POINT('Origin',(1.5,-57.5265382458981,3.03045786826945));
#9011=CARTESIAN_POINT('',(1.5,-60.2878626013373,3.03982825023632));
#9012=CARTESIAN_POINT('Origin',(1.5,-57.548327181585,3.27950654279238));
#9013=CARTESIAN_POINT('',(1.5,-59.4971387063946,2.60709770825119));
#9014=CARTESIAN_POINT('Origin',(67.425,-59.8925006538659,2.82346297924376));
#9015=CARTESIAN_POINT('',(11.7875,-60.2878626013373,3.03982825023632));
#9016=CARTESIAN_POINT('',(67.425,-60.2878626013372,3.03982825023633));
#9017=CARTESIAN_POINT('',(11.7875,-59.4971387063946,2.60709770825119));
#9018=CARTESIAN_POINT('Origin',(11.7875,-61.5113170382651,2.68183489727881));
#9019=CARTESIAN_POINT('',(13.0375,-61.533105973952,2.93088357180175));
#9020=CARTESIAN_POINT('Origin',(11.7875,-61.533105973952,2.93088357180175));
#9021=CARTESIAN_POINT('',(13.7875,-61.4895281025781,2.43278622275588));
#9022=CARTESIAN_POINT('Origin',(13.4125,-50.7773191663265,3.62093802538483));
#9023=CARTESIAN_POINT('',(13.0375,-50.7991081020134,3.86998669990777));
#9024=CARTESIAN_POINT('Origin',(253.2875,-58.2736842694667,2.96509106120871));
#9025=CARTESIAN_POINT('',(253.6625,-58.2954732051537,3.21413973573165));
#9026=CARTESIAN_POINT('Ctrl Pts',(273.2,-84.3368816334217,-2.13013802212803));
#9027=CARTESIAN_POINT('Ctrl Pts',(179.966666666667,-84.3368816334217,-2.13013802212803));
#9028=CARTESIAN_POINT('Ctrl Pts',(86.7333333333334,-84.3368816334217,-2.13013802212803));
#9029=CARTESIAN_POINT('Ctrl Pts',(-6.5,-84.3368816334217,-2.13013802212803));
#9030=CARTESIAN_POINT('Ctrl Pts',(273.2,-83.7892488565829,-1.79226744395664));
#9031=CARTESIAN_POINT('Ctrl Pts',(179.966666666667,-83.7892488565829,-1.79226744395664));
#9032=CARTESIAN_POINT('Ctrl Pts',(86.7333333333334,-83.7892488565829,-1.79226744395664));
#9033=CARTESIAN_POINT('Ctrl Pts',(-6.5,-83.7892488565829,-1.79226744395664));
#9034=CARTESIAN_POINT('Ctrl Pts',(273.2,-82.8774645491438,-1.24157014969616));
#9035=CARTESIAN_POINT('Ctrl Pts',(179.966666666667,-82.8774645491438,-1.24157014969616));
#9036=CARTESIAN_POINT('Ctrl Pts',(86.7333333333334,-82.8774645491438,-1.24157014969616));
#9037=CARTESIAN_POINT('Ctrl Pts',(-6.5,-82.8774645491438,-1.24157014969616));
#9038=CARTESIAN_POINT('Ctrl Pts',(273.2,-81.4805424579098,-0.436590585137308));
#9039=CARTESIAN_POINT('Ctrl Pts',(179.966666666667,-81.4805424579098,-0.436590585137308));
#9040=CARTESIAN_POINT('Ctrl Pts',(86.7333333333334,-81.4805424579098,-0.436590585137308));
#9041=CARTESIAN_POINT('Ctrl Pts',(-6.5,-81.4805424579098,-0.436590585137308));
#9042=CARTESIAN_POINT('Ctrl Pts',(273.2,-79.7107105369759,0.479215534670412));
#9043=CARTESIAN_POINT('Ctrl Pts',(179.966666666667,-79.7107105369759,0.479215534670412));
#9044=CARTESIAN_POINT('Ctrl Pts',(86.7333333333334,-79.7107105369759,0.479215534670412));
#9045=CARTESIAN_POINT('Ctrl Pts',(-6.5,-79.7107105369759,0.479215534670412));
#9046=CARTESIAN_POINT('Ctrl Pts',(273.2,-78.2410503224703,1.03732977868293));
#9047=CARTESIAN_POINT('Ctrl Pts',(179.966666666667,-78.2410503224703,1.03732977868293));
#9048=CARTESIAN_POINT('Ctrl Pts',(86.7333333333333,-78.2410503224703,1.03732977868293));
#9049=CARTESIAN_POINT('Ctrl Pts',(-6.5,-78.2410503224703,1.03732977868293));
#9050=CARTESIAN_POINT('Ctrl Pts',(273.2,-76.5175423902706,1.45486979185079));
#9051=CARTESIAN_POINT('Ctrl Pts',(179.966666666667,-76.5175423902706,1.45486979185079));
#9052=CARTESIAN_POINT('Ctrl Pts',(86.7333333333335,-76.5175423902706,1.45486979185079));
#9053=CARTESIAN_POINT('Ctrl Pts',(-6.5,-76.5175423902706,1.45486979185079));
#9054=CARTESIAN_POINT('Ctrl Pts',(273.2,-74.845520726618,1.72744633973644));
#9055=CARTESIAN_POINT('Ctrl Pts',(179.966666666667,-74.845520726618,1.72744633973644));
#9056=CARTESIAN_POINT('Ctrl Pts',(86.7333333333333,-74.845520726618,1.72744633973644));
#9057=CARTESIAN_POINT('Ctrl Pts',(-6.5,-74.845520726618,1.72744633973644));
#9058=CARTESIAN_POINT('Ctrl Pts',(273.2,-73.1643528325286,1.91328132900478));
#9059=CARTESIAN_POINT('Ctrl Pts',(179.966666666667,-73.1643528325286,1.91328132900478));
#9060=CARTESIAN_POINT('Ctrl Pts',(86.7333333333334,-73.1643528325286,1.91328132900478));
#9061=CARTESIAN_POINT('Ctrl Pts',(-6.5,-73.1643528325286,1.91328132900478));
#9062=CARTESIAN_POINT('Ctrl Pts',(273.2,-71.9334748843294,2.02096919565626));
#9063=CARTESIAN_POINT('Ctrl Pts',(179.966666666667,-71.9334748843294,2.02096919565626));
#9064=CARTESIAN_POINT('Ctrl Pts',(86.7333333333334,-71.9334748843294,2.02096919565626));
#9065=CARTESIAN_POINT('Ctrl Pts',(-6.5,-71.9334748843294,2.02096919565626));
#9066=CARTESIAN_POINT('',(-6.49999999999999,-71.9334748843294,2.02096919565626));
#9067=CARTESIAN_POINT('Ctrl Pts',(13.0374999999999,-71.9334748843294,2.02096919565626));
#9068=CARTESIAN_POINT('Ctrl Pts',(6.52499999999996,-71.9334748843294,2.02096919565626));
#9069=CARTESIAN_POINT('Ctrl Pts',(0.0124999999999797,-71.9334748843294,
2.02096919565626));
#9070=CARTESIAN_POINT('Ctrl Pts',(-6.5,-71.9334748843294,2.02096919565626));
#9071=CARTESIAN_POINT('',(-6.5,-73.5360229892795,1.86660823237731));
#9072=CARTESIAN_POINT('Ctrl Pts',(-6.5,-73.5360229892795,1.86660823237731));
#9073=CARTESIAN_POINT('Ctrl Pts',(-6.5,-73.0010745538851,1.92388296131339));
#9074=CARTESIAN_POINT('Ctrl Pts',(-6.5,-72.4563002277395,1.97522790510383));
#9075=CARTESIAN_POINT('Ctrl Pts',(-6.5,-71.9334748843294,2.02096919565626));
#9076=CARTESIAN_POINT('',(-6.49998516477828,-73.5539896354366,1.86468198889378));
#9077=CARTESIAN_POINT('Ctrl Pts',(-6.49998516477828,-73.5539896354366,1.86468198889378));
#9078=CARTESIAN_POINT('Ctrl Pts',(-6.49999505499017,-73.5480007914956,1.86532494419383));
#9079=CARTESIAN_POINT('Ctrl Pts',(-6.50000000000001,-73.5420119071154,1.86596702357478));
#9080=CARTESIAN_POINT('Ctrl Pts',(-6.50000000000001,-73.5360229892795,1.86660823237731));
#9081=CARTESIAN_POINT('',(4.50000000000001,-84.3368816334217,-2.13013802212801));
#9082=CARTESIAN_POINT('Ctrl Pts',(4.50000000000001,-84.3368816334217,-2.13013802212799));
#9083=CARTESIAN_POINT('Ctrl Pts',(3.57364662701277,-84.3368816334217,-2.13013802212799));
#9084=CARTESIAN_POINT('Ctrl Pts',(1.71885823254875,-84.1045586442131,-1.98629347884189));
#9085=CARTESIAN_POINT('Ctrl Pts',(-0.838571076917517,-83.1292508833827,
-1.3911400015389));
#9086=CARTESIAN_POINT('Ctrl Pts',(-3.0554782076985,-81.5628584118558,-0.475889080954853));
#9087=CARTESIAN_POINT('Ctrl Pts',(-4.09746004758415,-80.3563893547301,0.145826611763235));
#9088=CARTESIAN_POINT('Ctrl Pts',(-4.99842396836562,-79.0852786995626,0.710827897246738));
#9089=CARTESIAN_POINT('Ctrl Pts',(-5.66497981339803,-77.8294862566446,1.15578735145105));
#9090=CARTESIAN_POINT('Ctrl Pts',(-5.97678692290093,-76.880054432071,1.36141990527012));
#9091=CARTESIAN_POINT('Ctrl Pts',(-6.21713928553654,-76.0449410865296,1.52981798211054));
#9092=CARTESIAN_POINT('Ctrl Pts',(-6.42554292016071,-75.0719951463097,1.68908548005933));
#9093=CARTESIAN_POINT('Ctrl Pts',(-6.49829504842168,-74.0730673847111,1.80876251446299));
#9094=CARTESIAN_POINT('Ctrl Pts',(-6.49996129062674,-73.5656577082001,1.86342882023696));
#9095=CARTESIAN_POINT('Ctrl Pts',(-6.49997553035059,-73.5598235937507,1.86405566193398));
#9096=CARTESIAN_POINT('Ctrl Pts',(-6.49998516477828,-73.5539896354366,1.86468198889378));
#9097=CARTESIAN_POINT('',(262.2,-84.3368816334217,-2.13013802212802));
#9098=CARTESIAN_POINT('Ctrl Pts',(262.2,-84.3368816334217,-2.130138022128));
#9099=CARTESIAN_POINT('Ctrl Pts',(176.3,-84.3368816334217,-2.130138022128));
#9100=CARTESIAN_POINT('Ctrl Pts',(90.4,-84.3368816334217,-2.13013802212801));
#9101=CARTESIAN_POINT('Ctrl Pts',(4.49999999999997,-84.3368816334217,-2.13013802212801));
#9102=CARTESIAN_POINT('',(273.199985164778,-73.5539896354375,1.86468198889368));
#9103=CARTESIAN_POINT('Ctrl Pts',(273.199985164778,-73.5539896354375,1.86468198889368));
#9104=CARTESIAN_POINT('Ctrl Pts',(273.198800927629,-74.2710836221661,1.78769561490536));
#9105=CARTESIAN_POINT('Ctrl Pts',(273.089495699622,-75.3459820358663,1.6544363643006));
#9106=CARTESIAN_POINT('Ctrl Pts',(272.804720726435,-76.46285292171,1.45011075804907));
#9107=CARTESIAN_POINT('Ctrl Pts',(272.640407349542,-76.9738231542808,1.33830874996652));
#9108=CARTESIAN_POINT('Ctrl Pts',(272.500080990749,-77.3739823445997,1.24380790345571));
#9109=CARTESIAN_POINT('Ctrl Pts',(272.176731594046,-78.1766421044954,1.03059565117641));
#9110=CARTESIAN_POINT('Ctrl Pts',(271.726981169539,-79.0273992475739,0.729154148636828));
#9111=CARTESIAN_POINT('Ctrl Pts',(271.014192051075,-80.0622170348801,0.279692940179041));
#9112=CARTESIAN_POINT('Ctrl Pts',(269.979431617845,-81.3664323325615,-0.358483017877171));
#9113=CARTESIAN_POINT('Ctrl Pts',(267.514041649304,-83.2537147285798,-1.46307046745987));
#9114=CARTESIAN_POINT('Ctrl Pts',(265.131390491792,-84.0223884991803,-1.93644861002737));
#9115=CARTESIAN_POINT('Ctrl Pts',(263.330043066525,-84.2951501641909,-2.1043553182896));
#9116=CARTESIAN_POINT('Ctrl Pts',(262.765362555041,-84.3368816334217,-2.13013802212801));
#9117=CARTESIAN_POINT('Ctrl Pts',(262.2,-84.3368816334217,-2.13013802212801));
#9118=CARTESIAN_POINT('',(273.2,-73.5360229892794,1.86660823237732));
#9119=CARTESIAN_POINT('Ctrl Pts',(273.2,-73.5360229892795,1.86660823237732));
#9120=CARTESIAN_POINT('Ctrl Pts',(273.2,-73.5420120526243,1.86596700799575));
#9121=CARTESIAN_POINT('Ctrl Pts',(273.19999505475,-73.5480009370571,1.86532492856652));
#9122=CARTESIAN_POINT('Ctrl Pts',(273.199985164778,-73.5539896354375,1.86468198889369));
#9123=CARTESIAN_POINT('',(273.2,-71.9334748843294,2.02096919565626));
#9124=CARTESIAN_POINT('Ctrl Pts',(273.2,-71.9334748843294,2.02096919565626));
#9125=CARTESIAN_POINT('Ctrl Pts',(273.2,-72.4563002277336,1.97522790510434));
#9126=CARTESIAN_POINT('Ctrl Pts',(273.2,-73.0010745538798,1.92388296131396));
#9127=CARTESIAN_POINT('Ctrl Pts',(273.2,-73.5360229892794,1.86660823237731));
#9128=CARTESIAN_POINT('Ctrl Pts',(273.2,-71.9334748843294,2.02096919565626));
#9129=CARTESIAN_POINT('Ctrl Pts',(266.6875,-71.9334748843294,2.02096919565626));
#9130=CARTESIAN_POINT('Ctrl Pts',(260.175,-71.9334748843294,2.02096919565626));
#9131=CARTESIAN_POINT('Ctrl Pts',(253.6625,-71.9334748843294,2.02096919565626));
#9132=CARTESIAN_POINT('Origin',(133.35,-40.0651102300748,4.80908982801378));
#9133=CARTESIAN_POINT('',(273.2,-0.615800185641711,8.26045724082105));
#9134=CARTESIAN_POINT('',(273.2,-20.3404552078583,6.53477353441742));
#9135=CARTESIAN_POINT('',(268.2,4.36517330481702,8.69623595455934));
#9136=CARTESIAN_POINT('Origin',(268.2,-0.615800185641757,8.26045724082105));
#9137=CARTESIAN_POINT('',(-1.49999999999999,4.36517330481702,8.69623595455934));
#9138=CARTESIAN_POINT('',(65.925,4.36517330481702,8.69623595455934));
#9139=CARTESIAN_POINT('',(-6.5,-0.615800185641714,8.26045724082105));
#9140=CARTESIAN_POINT('Origin',(-1.5,-0.61580018564171,8.26045724082105));
#9141=CARTESIAN_POINT('',(-6.5,-59.7897652522914,3.08340612161015));
#9142=CARTESIAN_POINT('Ctrl Pts',(-6.49998516477828,-73.5539896354366,1.86468198889378));
#9143=CARTESIAN_POINT('Ctrl Pts',(-6.49997553035059,-73.5598235937507,1.86405566193398));
#9144=CARTESIAN_POINT('Ctrl Pts',(-6.49996129062674,-73.5656577082001,1.86342882023696));
#9145=CARTESIAN_POINT('Ctrl Pts',(-6.49829504842168,-74.0730673847111,1.80876251446299));
#9146=CARTESIAN_POINT('Ctrl Pts',(-6.42554292016071,-75.0719951463097,1.68908548005933));
#9147=CARTESIAN_POINT('Ctrl Pts',(-6.21713928553654,-76.0449410865296,1.52981798211054));
#9148=CARTESIAN_POINT('Ctrl Pts',(-5.97678692290093,-76.880054432071,1.36141990527012));
#9149=CARTESIAN_POINT('Ctrl Pts',(-5.66497981339803,-77.8294862566446,1.15578735145105));
#9150=CARTESIAN_POINT('Ctrl Pts',(-4.99842396836562,-79.0852786995626,0.710827897246738));
#9151=CARTESIAN_POINT('Ctrl Pts',(-4.09746004758415,-80.3563893547301,0.145826611763235));
#9152=CARTESIAN_POINT('Ctrl Pts',(-3.0554782076985,-81.5628584118558,-0.475889080954853));
#9153=CARTESIAN_POINT('Ctrl Pts',(-0.838571076917517,-83.1292508833827,
-1.3911400015389));
#9154=CARTESIAN_POINT('Ctrl Pts',(1.71885823254875,-84.1045586442131,-1.98629347884189));
#9155=CARTESIAN_POINT('Ctrl Pts',(3.57364662701277,-84.3368816334217,-2.13013802212799));
#9156=CARTESIAN_POINT('Ctrl Pts',(4.50000000000001,-84.3368816334217,-2.13013802212799));
#9157=CARTESIAN_POINT('Ctrl Pts',(-6.83332344318552,-73.5189432859146,1.5331957007444));
#9158=CARTESIAN_POINT('Ctrl Pts',(-6.83331731408476,-73.524916808581,1.53255412687207));
#9159=CARTESIAN_POINT('Ctrl Pts',(-6.83330555038159,-73.5308996494601,1.53191166485829));
#9160=CARTESIAN_POINT('Ctrl Pts',(-6.83192832782078,-74.0505361951257,1.47590414105193));
#9161=CARTESIAN_POINT('Ctrl Pts',(-6.75829213307342,-75.0724451892236,1.35308929667893));
#9162=CARTESIAN_POINT('Ctrl Pts',(-6.54866476036615,-76.0604825626425,1.18861232364477));
#9163=CARTESIAN_POINT('Ctrl Pts',(-6.30842331589145,-76.9057412452663,1.01401090022273));
#9164=CARTESIAN_POINT('Ctrl Pts',(-5.9977272847838,-77.862318161968,0.800456381269926));
#9165=CARTESIAN_POINT('Ctrl Pts',(-5.33585948949356,-79.1273569004263,0.337175693032678));
#9166=CARTESIAN_POINT('Ctrl Pts',(-4.42972531147348,-80.4238749033135,-0.251749992697634));
#9167=CARTESIAN_POINT('Ctrl Pts',(-3.37347420158958,-81.6672478141499,-0.900138618504807));
#9168=CARTESIAN_POINT('Ctrl Pts',(-1.08818731713736,-83.3087878433617,-1.85890221331639));
#9169=CARTESIAN_POINT('Ctrl Pts',(1.57989736741205,-84.3430036047736,-2.48614437606714));
#9170=CARTESIAN_POINT('Ctrl Pts',(3.52720161692468,-84.5910402867108,-2.63837240129581));
#9171=CARTESIAN_POINT('Ctrl Pts',(4.5,-84.590861149741,-2.63828335885348));
#9172=CARTESIAN_POINT('Ctrl Pts',(-7.16666172159277,-73.4838969363925,1.20170941259502));
#9173=CARTESIAN_POINT('Ctrl Pts',(-7.16665821626635,-73.4900190513796,1.20105224576534));
#9174=CARTESIAN_POINT('Ctrl Pts',(-7.16665082737297,-73.4961317307505,1.20039488388332));
#9175=CARTESIAN_POINT('Ctrl Pts',(-7.16549384312493,-74.0284605338271,1.14303654419517));
#9176=CARTESIAN_POINT('Ctrl Pts',(-7.09106421662431,-75.0723328905988,1.01712863737572));
#9177=CARTESIAN_POINT('Ctrl Pts',(-6.88014909955482,-76.0767284420322,0.847339469003601));
#9178=CARTESIAN_POINT('Ctrl Pts',(-6.6400346827393,-76.9312092486969,0.666621380177973));
#9179=CARTESIAN_POINT('Ctrl Pts',(-6.33065558619262,-77.89508781615,0.445141409620796));
#9180=CARTESIAN_POINT('Ctrl Pts',(-5.67330386428375,-79.169431152672,-0.0365413978482711));
#9181=CARTESIAN_POINT('Ctrl Pts',(-4.76171670344771,-80.4909197496297,-0.649129465601833));
#9182=CARTESIAN_POINT('Ctrl Pts',(-3.69145437091261,-81.7713280734403,-1.32423765167748));
#9183=CARTESIAN_POINT('Ctrl Pts',(-1.33766756096302,-83.4882982026471,-2.32668078736045));
#9184=CARTESIAN_POINT('Ctrl Pts',(1.4406123442834,-84.5814873749891,-2.98600273460716));
#9185=CARTESIAN_POINT('Ctrl Pts',(3.48089807473482,-84.8446615290904,-3.14633965313664));
#9186=CARTESIAN_POINT('Ctrl Pts',(4.49999999999999,-84.8448406660603,-3.14642869557897));
#9187=CARTESIAN_POINT('Ctrl Pts',(-7.50000000000001,-73.4488505868705,0.87022312444564));
#9188=CARTESIAN_POINT('Ctrl Pts',(-7.50000000000051,-73.45511226621,0.869550710703428));
#9189=CARTESIAN_POINT('Ctrl Pts',(-7.49999508712782,-73.4613736720105,0.868877728504651));
#9190=CARTESIAN_POINT('Ctrl Pts',(-7.49912712252402,-74.0059293442418,0.810178170784118));
#9191=CARTESIAN_POINT('Ctrl Pts',(-7.42381342953703,-75.0727829335127,0.681132453995309));
#9192=CARTESIAN_POINT('Ctrl Pts',(-7.21167457438443,-76.0922699181451,0.506133810537833));
#9193=CARTESIAN_POINT('Ctrl Pts',(-6.97167107572981,-76.9568960618921,0.319212375130587));
#9194=CARTESIAN_POINT('Ctrl Pts',(-6.66340305757838,-77.9279197214735,0.0898104394396686));
#9195=CARTESIAN_POINT('Ctrl Pts',(-6.0107393854117,-79.2115093535358,-0.410193602062331));
#9196=CARTESIAN_POINT('Ctrl Pts',(-5.09398196733705,-80.5584052982132,-1.0467060700627));
#9197=CARTESIAN_POINT('Ctrl Pts',(-4.0094503648037,-81.8757174757344,-1.74848718922744));
#9198=CARTESIAN_POINT('Ctrl Pts',(-1.58728380118287,-83.6678351626261,-2.79444299913794));
#9199=CARTESIAN_POINT('Ctrl Pts',(1.30165147914671,-84.8199323355497,-3.48585363183241));
#9200=CARTESIAN_POINT('Ctrl Pts',(3.43445306464674,-85.0988201823796,-3.65457403230446));
#9201=CARTESIAN_POINT('Ctrl Pts',(4.49999999999998,-85.0988201823796,-3.65457403230446));
#9202=CARTESIAN_POINT('',(-7.50000000000001,-73.4488505868725,0.870223124464353));
#9203=CARTESIAN_POINT('',(-6.49998516477828,-73.5539896354366,1.86468198889378));
#9204=CARTESIAN_POINT('',(4.49999999999998,-85.0988201823796,-3.65457403230447));
#9205=CARTESIAN_POINT('Ctrl Pts',(-7.50000000000001,-73.4488505868705,0.87022312444564));
#9206=CARTESIAN_POINT('Ctrl Pts',(-7.50000000000051,-73.45511226621,0.869550710703428));
#9207=CARTESIAN_POINT('Ctrl Pts',(-7.49999508712782,-73.4613736720105,0.868877728504651));
#9208=CARTESIAN_POINT('Ctrl Pts',(-7.49912712252402,-74.0059293442418,0.810178170784118));
#9209=CARTESIAN_POINT('Ctrl Pts',(-7.42381342953703,-75.0727829335127,0.681132453995309));
#9210=CARTESIAN_POINT('Ctrl Pts',(-7.21167457438443,-76.0922699181451,0.506133810537833));
#9211=CARTESIAN_POINT('Ctrl Pts',(-6.97167107572981,-76.9568960618921,0.319212375130587));
#9212=CARTESIAN_POINT('Ctrl Pts',(-6.66340305757838,-77.9279197214735,0.0898104394396686));
#9213=CARTESIAN_POINT('Ctrl Pts',(-6.0107393854117,-79.2115093535358,-0.410193602062331));
#9214=CARTESIAN_POINT('Ctrl Pts',(-5.09398196733705,-80.5584052982132,-1.0467060700627));
#9215=CARTESIAN_POINT('Ctrl Pts',(-4.0094503648037,-81.8757174757344,-1.74848718922744));
#9216=CARTESIAN_POINT('Ctrl Pts',(-1.58728380118287,-83.6678351626261,-2.79444299913794));
#9217=CARTESIAN_POINT('Ctrl Pts',(1.30165147914671,-84.8199323355497,-3.48585363183241));
#9218=CARTESIAN_POINT('Ctrl Pts',(3.43445306464674,-85.0988201823796,-3.65457403230446));
#9219=CARTESIAN_POINT('Ctrl Pts',(4.49999999999998,-85.0988201823796,-3.65457403230446));
#9220=CARTESIAN_POINT('',(4.49999999999998,-85.0988201823796,-3.65457403230447));
#9221=CARTESIAN_POINT('Ctrl Pts',(4.49999999999997,-84.3368816334217,-2.13013802212801));
#9222=CARTESIAN_POINT('Ctrl Pts',(90.4,-84.3368816334217,-2.13013802212801));
#9223=CARTESIAN_POINT('Ctrl Pts',(176.3,-84.3368816334217,-2.130138022128));
#9224=CARTESIAN_POINT('Ctrl Pts',(262.2,-84.3368816334217,-2.130138022128));
#9225=CARTESIAN_POINT('Ctrl Pts',(4.49999999999997,-84.590861149741,-2.6382833588535));
#9226=CARTESIAN_POINT('Ctrl Pts',(90.4000000000001,-84.590861149741,-2.6382833588535));
#9227=CARTESIAN_POINT('Ctrl Pts',(176.3,-84.590861149741,-2.6382833588535));
#9228=CARTESIAN_POINT('Ctrl Pts',(262.2,-84.590861149741,-2.6382833588535));
#9229=CARTESIAN_POINT('Ctrl Pts',(4.49999999999997,-84.8448406660603,-3.14642869557899));
#9230=CARTESIAN_POINT('Ctrl Pts',(90.3999999999999,-84.8448406660603,-3.14642869557899));
#9231=CARTESIAN_POINT('Ctrl Pts',(176.3,-84.8448406660603,-3.14642869557899));
#9232=CARTESIAN_POINT('Ctrl Pts',(262.2,-84.8448406660603,-3.14642869557899));
#9233=CARTESIAN_POINT('Ctrl Pts',(4.49999999999997,-85.0988201823796,-3.65457403230448));
#9234=CARTESIAN_POINT('Ctrl Pts',(90.4,-85.0988201823796,-3.65457403230448));
#9235=CARTESIAN_POINT('Ctrl Pts',(176.3,-85.0988201823796,-3.65457403230448));
#9236=CARTESIAN_POINT('Ctrl Pts',(262.2,-85.0988201823796,-3.65457403230448));
#9237=CARTESIAN_POINT('',(262.2,-85.0988201823796,-3.65457403230448));
#9238=CARTESIAN_POINT('',(262.2,-85.0988201823796,-3.65457403230448));
#9239=CARTESIAN_POINT('Ctrl Pts',(4.49999999999997,-85.0988201823796,-3.65457403230448));
#9240=CARTESIAN_POINT('Ctrl Pts',(90.4,-85.0988201823796,-3.65457403230448));
#9241=CARTESIAN_POINT('Ctrl Pts',(176.3,-85.0988201823796,-3.65457403230448));
#9242=CARTESIAN_POINT('Ctrl Pts',(262.2,-85.0988201823796,-3.65457403230448));
#9243=CARTESIAN_POINT('Ctrl Pts',(262.2,-84.3368816334217,-2.13013802212801));
#9244=CARTESIAN_POINT('Ctrl Pts',(262.765362555041,-84.3368816334217,-2.13013802212801));
#9245=CARTESIAN_POINT('Ctrl Pts',(263.330043066525,-84.2951501641909,-2.1043553182896));
#9246=CARTESIAN_POINT('Ctrl Pts',(265.131390491792,-84.0223884991803,-1.93644861002737));
#9247=CARTESIAN_POINT('Ctrl Pts',(267.514041649304,-83.2537147285798,-1.46307046745987));
#9248=CARTESIAN_POINT('Ctrl Pts',(269.979431617845,-81.3664323325615,-0.358483017877171));
#9249=CARTESIAN_POINT('Ctrl Pts',(271.014192051075,-80.0622170348801,0.279692940179041));
#9250=CARTESIAN_POINT('Ctrl Pts',(271.726981169539,-79.0273992475739,0.729154148636828));
#9251=CARTESIAN_POINT('Ctrl Pts',(272.176731594046,-78.1766421044954,1.03059565117641));
#9252=CARTESIAN_POINT('Ctrl Pts',(272.500080990749,-77.3739823445997,1.24380790345571));
#9253=CARTESIAN_POINT('Ctrl Pts',(272.640407349542,-76.9738231542808,1.33830874996652));
#9254=CARTESIAN_POINT('Ctrl Pts',(272.804720726435,-76.46285292171,1.45011075804907));
#9255=CARTESIAN_POINT('Ctrl Pts',(273.089495699622,-75.3459820358663,1.6544363643006));
#9256=CARTESIAN_POINT('Ctrl Pts',(273.198800927629,-74.2710836221661,1.78769561490536));
#9257=CARTESIAN_POINT('Ctrl Pts',(273.199985164778,-73.5539896354375,1.86468198889368));
#9258=CARTESIAN_POINT('Ctrl Pts',(262.2,-84.590861149741,-2.6382833588535));
#9259=CARTESIAN_POINT('Ctrl Pts',(262.793747273569,-84.5908338767686,-2.63826058618336));
#9260=CARTESIAN_POINT('Ctrl Pts',(263.38657657238,-84.546388146667,-2.61104296946455));
#9261=CARTESIAN_POINT('Ctrl Pts',(265.276047668178,-84.2561615012308,-2.43369456049777));
#9262=CARTESIAN_POINT('Ctrl Pts',(267.767006589013,-83.4379468312657,-1.93376260735189));
#9263=CARTESIAN_POINT('Ctrl Pts',(270.302829347236,-81.4615559734723,-0.77736528134996));
#9264=CARTESIAN_POINT('Ctrl Pts',(271.3479710682,-80.1232125367675,-0.112112154346886));
#9265=CARTESIAN_POINT('Ctrl Pts',(272.064112921507,-79.0694431429948,0.356229150984998));
#9266=CARTESIAN_POINT('Ctrl Pts',(272.510849228399,-78.2116726800847,0.670135312921512));
#9267=CARTESIAN_POINT('Ctrl Pts',(272.832486670796,-77.4035574470378,0.891812820812282));
#9268=CARTESIAN_POINT('Ctrl Pts',(272.972237990116,-76.9998233736395,0.989987249078826));
#9269=CARTESIAN_POINT('Ctrl Pts',(273.136154167406,-76.4838405434728,1.10601782012785));
#9270=CARTESIAN_POINT('Ctrl Pts',(273.421572776136,-75.3519496921457,1.3175416421671));
#9271=CARTESIAN_POINT('Ctrl Pts',(273.532624601689,-74.25353320689,1.4543000859412));
#9272=CARTESIAN_POINT('Ctrl Pts',(273.533323443186,-73.5189432859155,1.5331957007443));
#9273=CARTESIAN_POINT('Ctrl Pts',(262.2,-84.8448406660603,-3.14642869557898));
#9274=CARTESIAN_POINT('Ctrl Pts',(262.821929033712,-84.8448679390326,-3.14645146824912));
#9275=CARTESIAN_POINT('Ctrl Pts',(263.443293820414,-84.7975099344968,-3.11764316666576));
#9276=CARTESIAN_POINT('Ctrl Pts',(265.420270264645,-84.4900973116498,-2.93108469475334));
#9277=CARTESIAN_POINT('Ctrl Pts',(268.019941745174,-83.622193124639,-2.40445106213239));
#9278=CARTESIAN_POINT('Ctrl Pts',(270.625898788179,-81.5563931868855,-1.19614073219506));
#9279=CARTESIAN_POINT('Ctrl Pts',(271.681667920361,-80.1844167304882,-0.504012657155429));
#9280=CARTESIAN_POINT('Ctrl Pts',(272.401182536672,-79.1111543764454,-0.0166041976222487));
#9281=CARTESIAN_POINT('Ctrl Pts',(272.845017030786,-78.2471921902671,0.309545726799633));
#9282=CARTESIAN_POINT('Ctrl Pts',(273.164738910002,-77.4330979934495,0.539851533741562));
#9283=CARTESIAN_POINT('Ctrl Pts',(273.303978695495,-77.0259636535643,0.641653702901268));
#9284=CARTESIAN_POINT('Ctrl Pts',(273.467492139485,-76.5048035205461,0.761942110657937));
#9285=CARTESIAN_POINT('Ctrl Pts',(273.753679518077,-75.3579458354878,0.980617416458173));
#9286=CARTESIAN_POINT('Ctrl Pts',(273.866176326002,-74.2360692718682,1.12096741985984));
#9287=CARTESIAN_POINT('Ctrl Pts',(273.866661721593,-73.4838969363935,1.20170941259492));
#9288=CARTESIAN_POINT('Ctrl Pts',(262.2,-85.0988201823796,-3.65457403230447));
#9289=CARTESIAN_POINT('Ctrl Pts',(262.85031375224,-85.0988201823796,-3.65457403230447));
#9290=CARTESIAN_POINT('Ctrl Pts',(263.499827326269,-85.0487479169729,-3.62433081784072));
#9291=CARTESIAN_POINT('Ctrl Pts',(265.564927441031,-84.7238703137003,-3.42833064522375));
#9292=CARTESIAN_POINT('Ctrl Pts',(268.272906684882,-83.8064252273249,-2.87514320202441));
#9293=CARTESIAN_POINT('Ctrl Pts',(270.949296517569,-81.6515168277962,-1.61502299566784));
#9294=CARTESIAN_POINT('Ctrl Pts',(272.015446937486,-80.2454122323756,-0.895817751681356));
#9295=CARTESIAN_POINT('Ctrl Pts',(272.73831428864,-79.1531982718663,-0.389529195274079));
#9296=CARTESIAN_POINT('Ctrl Pts',(273.179134665139,-78.2822227658563,-0.0509146114552606));
#9297=CARTESIAN_POINT('Ctrl Pts',(273.497144590049,-77.4626730958876,0.187856451098134));
#9298=CARTESIAN_POINT('Ctrl Pts',(273.635809336069,-77.0519638729232,0.293332202013578));
#9299=CARTESIAN_POINT('Ctrl Pts',(273.798925580456,-76.5257911423089,0.417849172736717));
#9300=CARTESIAN_POINT('Ctrl Pts',(274.085756594591,-75.3639134917672,0.643722694324674));
#9301=CARTESIAN_POINT('Ctrl Pts',(274.200000000062,-74.2185188565921,0.787571890895684));
#9302=CARTESIAN_POINT('Ctrl Pts',(274.2,-73.4488505868714,0.87022312444554));
#9303=CARTESIAN_POINT('',(274.2,-73.4488505868734,0.870223124464234));
#9304=CARTESIAN_POINT('',(274.2,-73.4488505868734,0.870223124464234));
#9305=CARTESIAN_POINT('Ctrl Pts',(262.2,-85.0988201823796,-3.65457403230447));
#9306=CARTESIAN_POINT('Ctrl Pts',(262.85031375224,-85.0988201823796,-3.65457403230447));
#9307=CARTESIAN_POINT('Ctrl Pts',(263.499827326269,-85.0487479169729,-3.62433081784072));
#9308=CARTESIAN_POINT('Ctrl Pts',(265.564927441031,-84.7238703137003,-3.42833064522375));
#9309=CARTESIAN_POINT('Ctrl Pts',(268.272906684882,-83.8064252273249,-2.87514320202441));
#9310=CARTESIAN_POINT('Ctrl Pts',(270.949296517569,-81.6515168277962,-1.61502299566784));
#9311=CARTESIAN_POINT('Ctrl Pts',(272.015446937486,-80.2454122323756,-0.895817751681356));
#9312=CARTESIAN_POINT('Ctrl Pts',(272.73831428864,-79.1531982718663,-0.389529195274079));
#9313=CARTESIAN_POINT('Ctrl Pts',(273.179134665139,-78.2822227658563,-0.0509146114552606));
#9314=CARTESIAN_POINT('Ctrl Pts',(273.497144590049,-77.4626730958876,0.187856451098134));
#9315=CARTESIAN_POINT('Ctrl Pts',(273.635809336069,-77.0519638729232,0.293332202013578));
#9316=CARTESIAN_POINT('Ctrl Pts',(273.798925580456,-76.5257911423089,0.417849172736717));
#9317=CARTESIAN_POINT('Ctrl Pts',(274.085756594591,-75.3639134917672,0.643722694324674));
#9318=CARTESIAN_POINT('Ctrl Pts',(274.200000000062,-74.2185188565921,0.787571890895684));
#9319=CARTESIAN_POINT('Ctrl Pts',(274.2,-73.4488505868714,0.87022312444554));
#9320=CARTESIAN_POINT('Ctrl Pts',(273.199985164778,-73.5539896354375,1.86468198889369));
#9321=CARTESIAN_POINT('Ctrl Pts',(273.19999505475,-73.5480009370571,1.86532492856652));
#9322=CARTESIAN_POINT('Ctrl Pts',(273.2,-73.5420120526243,1.86596700799575));
#9323=CARTESIAN_POINT('Ctrl Pts',(273.2,-73.5360229892795,1.86660823237732));
#9324=CARTESIAN_POINT('Ctrl Pts',(273.533323443186,-73.5189432859155,1.5331957007443));
#9325=CARTESIAN_POINT('Ctrl Pts',(273.5333300365,-73.5128082322319,1.53385441014696));
#9326=CARTESIAN_POINT('Ctrl Pts',(273.533333333333,-73.5066728601618,1.53451222324638));
#9327=CARTESIAN_POINT('Ctrl Pts',(273.533333333333,-73.5005371694302,1.53516914641923));
#9328=CARTESIAN_POINT('Ctrl Pts',(273.866661721593,-73.4838969363934,1.20170941259492));
#9329=CARTESIAN_POINT('Ctrl Pts',(273.86666501825,-73.4776155274068,1.2023838917274));
#9330=CARTESIAN_POINT('Ctrl Pts',(273.866666666667,-73.4713336676993,1.203057438497));
#9331=CARTESIAN_POINT('Ctrl Pts',(273.866666666667,-73.4650513495809,1.20373006046114));
#9332=CARTESIAN_POINT('Ctrl Pts',(274.2,-73.4488505868714,0.870223124445539));
#9333=CARTESIAN_POINT('Ctrl Pts',(274.2,-73.4424228225816,0.870913373307837));
#9334=CARTESIAN_POINT('Ctrl Pts',(274.2,-73.4359944752368,0.871602653747631));
#9335=CARTESIAN_POINT('Ctrl Pts',(274.2,-73.4295655297315,0.872290974503047));
#9336=CARTESIAN_POINT('',(274.2,-73.4295655297315,0.872290974503046));
#9337=CARTESIAN_POINT('',(273.2,-73.5360229892794,1.86660823237732));
#9338=CARTESIAN_POINT('Ctrl Pts',(274.2,-73.4488505868714,0.870223124445539));
#9339=CARTESIAN_POINT('Ctrl Pts',(274.2,-73.4424228225816,0.870913373307837));
#9340=CARTESIAN_POINT('Ctrl Pts',(274.2,-73.4359944752368,0.871602653747631));
#9341=CARTESIAN_POINT('Ctrl Pts',(274.2,-73.4295655297315,0.872290974503047));
#9342=CARTESIAN_POINT('Ctrl Pts',(273.2,-73.5360229892794,1.86660823237731));
#9343=CARTESIAN_POINT('Ctrl Pts',(273.2,-73.0010745538798,1.92388296131396));
#9344=CARTESIAN_POINT('Ctrl Pts',(273.2,-72.4563002277336,1.97522790510434));
#9345=CARTESIAN_POINT('Ctrl Pts',(273.2,-71.9334748843294,2.02096919565626));
#9346=CARTESIAN_POINT('Ctrl Pts',(273.533333333333,-73.5005371694301,1.53516914641922));
#9347=CARTESIAN_POINT('Ctrl Pts',(273.533333333333,-72.9684369338922,1.59213893031025));
#9348=CARTESIAN_POINT('Ctrl Pts',(273.533333333333,-72.4256922856766,1.64329914053374));
#9349=CARTESIAN_POINT('Ctrl Pts',(273.533333333333,-71.9044229700802,1.68890429629234));
#9350=CARTESIAN_POINT('Ctrl Pts',(273.866666666667,-73.4650513495808,1.20373006046113));
#9351=CARTESIAN_POINT('Ctrl Pts',(273.866666666667,-72.9357993139045,1.26039489930655));
#9352=CARTESIAN_POINT('Ctrl Pts',(273.866666666667,-72.3950843436196,1.31137037596313));
#9353=CARTESIAN_POINT('Ctrl Pts',(273.866666666667,-71.875371055831,1.35683939692843));
#9354=CARTESIAN_POINT('Ctrl Pts',(274.2,-73.4295655297315,0.872290974503045));
#9355=CARTESIAN_POINT('Ctrl Pts',(274.2,-72.9031616939169,0.928650868302847));
#9356=CARTESIAN_POINT('Ctrl Pts',(274.2,-72.3644764015626,0.979441611392527));
#9357=CARTESIAN_POINT('Ctrl Pts',(274.2,-71.8463191415817,1.02477449756451));
#9358=CARTESIAN_POINT('',(274.2,-71.8463191415817,1.02477449756451));
#9359=CARTESIAN_POINT('Ctrl Pts',(274.2,-73.4295655297315,0.872290974503045));
#9360=CARTESIAN_POINT('Ctrl Pts',(274.2,-72.9031616939169,0.928650868302847));
#9361=CARTESIAN_POINT('Ctrl Pts',(274.2,-72.3644764015626,0.979441611392527));
#9362=CARTESIAN_POINT('Ctrl Pts',(274.2,-71.8463191415817,1.02477449756451));
#9363=CARTESIAN_POINT('',(274.2,-71.8463191415817,1.02477449756451));
#9364=CARTESIAN_POINT('Origin',(273.7,-20.2968773364844,6.03667618537154));
#9365=CARTESIAN_POINT('',(274.2,-0.528644442894053,7.26426254272931));
#9366=CARTESIAN_POINT('',(274.2,-0.528644442894053,7.26426254272931));
#9367=CARTESIAN_POINT('',(274.2,-20.2532994651106,5.53857883632567));
#9368=CARTESIAN_POINT('Origin',(268.2,-0.572222314267928,7.76235989177517));
#9369=CARTESIAN_POINT('',(268.2,5.44852374565642,7.78719699921525));
#9370=CARTESIAN_POINT('',(268.2,5.44852374565642,7.78719699921525));
#9371=CARTESIAN_POINT('Origin',(268.2,-0.528644442894099,7.2642625427293));
#9372=CARTESIAN_POINT('Origin',(130.18,6.81774046422215,-7.86302170780611));
#9373=CARTESIAN_POINT('',(136.52,6.81774046422214,-7.86302170780608));
#9374=CARTESIAN_POINT('',(136.52,6.81774046422214,-7.86302170780608));
#9375=CARTESIAN_POINT('',(130.18,6.81774046422214,-7.86302170780609));
#9376=CARTESIAN_POINT('',(64.34,6.81774046422217,-7.86302170780647));
#9377=CARTESIAN_POINT('',(130.18,6.81774046422214,-7.86302170780609));
#9378=CARTESIAN_POINT('Origin',(130.18,6.66086012727636,-6.06987125124095));
#9379=CARTESIAN_POINT('Origin',(130.18,6.66086012727635,-6.06987125124095));
#9380=CARTESIAN_POINT('Origin',(136.52,6.66086012727636,-6.06987125124095));
#9381=CARTESIAN_POINT('Origin',(136.52,6.66086012727635,-6.06987125124095));
#9382=CARTESIAN_POINT('Origin',(65.925,4.90684852523672,8.2417164768873));
#9383=CARTESIAN_POINT('',(-1.49999999999999,5.44852374565643,7.78719699921525));
#9384=CARTESIAN_POINT('',(-1.49999999999999,5.44852374565643,7.78719699921525));
#9385=CARTESIAN_POINT('',(65.925,5.44852374565642,7.78719699921525));
#9386=CARTESIAN_POINT('Origin',(-1.5,-0.572222314267881,7.76235989177518));
#9387=CARTESIAN_POINT('',(-7.5,-0.528644442894052,7.26426254272931));
#9388=CARTESIAN_POINT('',(-6.5,-0.615800185641714,8.26045724082105));
#9389=CARTESIAN_POINT('Origin',(-1.5,-0.528644442894052,7.26426254272931));
#9390=CARTESIAN_POINT('Ctrl Pts',(-6.5,-71.9334748843294,2.02096919565626));
#9391=CARTESIAN_POINT('Ctrl Pts',(-6.5,-72.4563002277395,1.97522790510383));
#9392=CARTESIAN_POINT('Ctrl Pts',(-6.5,-73.0010745538851,1.92388296131339));
#9393=CARTESIAN_POINT('Ctrl Pts',(-6.5,-73.5360229892795,1.86660823237731));
#9394=CARTESIAN_POINT('Ctrl Pts',(-6.83333333333333,-71.9044229700802,1.68890429629234));
#9395=CARTESIAN_POINT('Ctrl Pts',(-6.83333333333333,-72.4256922856825,1.64329914053322));
#9396=CARTESIAN_POINT('Ctrl Pts',(-6.83333333333333,-72.9684369338974,1.59213893030969));
#9397=CARTESIAN_POINT('Ctrl Pts',(-6.83333333333333,-73.5005371694302,1.53516914641922));
#9398=CARTESIAN_POINT('Ctrl Pts',(-7.16666666666667,-71.875371055831,1.35683939692843));
#9399=CARTESIAN_POINT('Ctrl Pts',(-7.16666666666667,-72.3950843436255,1.31137037596262));
#9400=CARTESIAN_POINT('Ctrl Pts',(-7.16666666666667,-72.9357993139097,1.26039489930599));
#9401=CARTESIAN_POINT('Ctrl Pts',(-7.16666666666667,-73.4650513495809,1.20373006046113));
#9402=CARTESIAN_POINT('Ctrl Pts',(-7.5,-71.8463191415817,1.02477449756451));
#9403=CARTESIAN_POINT('Ctrl Pts',(-7.5,-72.3644764015685,0.979441611392014));
#9404=CARTESIAN_POINT('Ctrl Pts',(-7.5,-72.9031616939221,0.928650868302292));
#9405=CARTESIAN_POINT('Ctrl Pts',(-7.5,-73.4295655297316,0.872290974503042));
#9406=CARTESIAN_POINT('',(-7.5,-73.4295655297315,0.872290974503045));
#9407=CARTESIAN_POINT('',(-7.5,-73.4295655297315,0.872290974503045));
#9408=CARTESIAN_POINT('',(-7.5,-71.8463191415817,1.02477449756451));
#9409=CARTESIAN_POINT('',(-7.5,-71.8463191415817,1.02477449756451));
#9410=CARTESIAN_POINT('Ctrl Pts',(-7.5,-71.8463191415817,1.02477449756451));
#9411=CARTESIAN_POINT('Ctrl Pts',(-7.5,-72.3644764015685,0.979441611392014));
#9412=CARTESIAN_POINT('Ctrl Pts',(-7.5,-72.9031616939221,0.928650868302292));
#9413=CARTESIAN_POINT('Ctrl Pts',(-7.5,-73.4295655297316,0.872290974503042));
#9414=CARTESIAN_POINT('Ctrl Pts',(-6.50000000000001,-73.5360229892795,1.86660823237731));
#9415=CARTESIAN_POINT('Ctrl Pts',(-6.50000000000001,-73.5420119071154,1.86596702357478));
#9416=CARTESIAN_POINT('Ctrl Pts',(-6.49999505499017,-73.5480007914956,1.86532494419383));
#9417=CARTESIAN_POINT('Ctrl Pts',(-6.49998516477828,-73.5539896354366,1.86468198889378));
#9418=CARTESIAN_POINT('Ctrl Pts',(-6.83333333333334,-73.5005371694302,1.53516914641922));
#9419=CARTESIAN_POINT('Ctrl Pts',(-6.83333333333334,-73.5066727110905,1.53451223920682));
#9420=CARTESIAN_POINT('Ctrl Pts',(-6.83333003666011,-73.5128080831131,1.53385442615757));
#9421=CARTESIAN_POINT('Ctrl Pts',(-6.83332344318552,-73.5189432859146,1.5331957007444));
#9422=CARTESIAN_POINT('Ctrl Pts',(-7.16666666666667,-73.4650513495809,1.20373006046113));
#9423=CARTESIAN_POINT('Ctrl Pts',(-7.16666666666667,-73.4713335150656,1.20305745483886));
#9424=CARTESIAN_POINT('Ctrl Pts',(-7.16666501833006,-73.4776153747306,1.20238390812131));
#9425=CARTESIAN_POINT('Ctrl Pts',(-7.16666172159276,-73.4838969363925,1.20170941259502));
#9426=CARTESIAN_POINT('Ctrl Pts',(-7.5,-73.4295655297316,0.872290974503043));
#9427=CARTESIAN_POINT('Ctrl Pts',(-7.5,-73.4359943190407,0.871602670470903));
#9428=CARTESIAN_POINT('Ctrl Pts',(-7.5,-73.4424226663481,0.870913390085054));
#9429=CARTESIAN_POINT('Ctrl Pts',(-7.5,-73.4488505868705,0.870223124445642));
#9430=CARTESIAN_POINT('Ctrl Pts',(-7.5,-73.4295655297316,0.872290974503043));
#9431=CARTESIAN_POINT('Ctrl Pts',(-7.5,-73.4359943190407,0.871602670470903));
#9432=CARTESIAN_POINT('Ctrl Pts',(-7.5,-73.4424226663481,0.870913390085054));
#9433=CARTESIAN_POINT('Ctrl Pts',(-7.5,-73.4488505868705,0.870223124445642));
#9434=CARTESIAN_POINT('Origin',(-7.,-59.7461873809176,2.58530877256428));
#9435=CARTESIAN_POINT('',(-7.5,-59.7026095095438,2.0872114235184));
#9436=CARTESIAN_POINT('Origin',(133.35,-37.9296207099316,-18.5996670792218));
#9437=CARTESIAN_POINT('',(261.2,-76.8538053019083,-18.5996670792218));
#9438=CARTESIAN_POINT('Origin',(261.2,-73.8538053019083,-18.5996670792218));
#9439=CARTESIAN_POINT('',(249.2,-76.8538053019083,-18.5996670792218));
#9440=CARTESIAN_POINT('Origin',(133.35,-37.9296207099316,-18.5996670792218));
#9441=CARTESIAN_POINT('',(261.2,-5.00543611795499,-18.5996670792217));
#9442=CARTESIAN_POINT('Origin',(261.2,-2.005436117955,-18.5996670792217));
#9443=CARTESIAN_POINT('',(249.2,-5.005436117955,-18.5996670792217));
#9444=CARTESIAN_POINT('Origin',(133.35,-37.9296207099316,-18.5996670792218));
#9445=CARTESIAN_POINT('',(17.5,-76.8538053019082,-18.5996670792218));
#9446=CARTESIAN_POINT('Origin',(17.5,-73.8538053019083,-18.5996670792218));
#9447=CARTESIAN_POINT('',(5.50000000000001,-76.8538053019083,-18.5996670792218));
#9448=CARTESIAN_POINT('Origin',(4.49999999999999,-73.4500963432099,0.884462173600721));
#9449=CARTESIAN_POINT('',(-7.50000000000001,-71.7454559099136,-18.5996671293615));
#9450=CARTESIAN_POINT('',(-7.5,-73.4500963432099,0.884462173600721));
#9451=CARTESIAN_POINT('',(4.49999999999999,-83.790961044656,-18.60347238113));
#9452=CARTESIAN_POINT('Ctrl Pts',(4.49999999999999,-83.790961044656,-18.60347238113));
#9453=CARTESIAN_POINT('Ctrl Pts',(1.80011526387515,-83.790961044656,-18.60347238113));
#9454=CARTESIAN_POINT('Ctrl Pts',(-2.682079324024,-82.2019159947524,-18.6023720313719));
#9455=CARTESIAN_POINT('Ctrl Pts',(-6.68638013541683,-77.1270175060875,-18.6002088941607));
#9456=CARTESIAN_POINT('Ctrl Pts',(-7.50000000009177,-73.5392705021755,-18.5996712370236));
#9457=CARTESIAN_POINT('Ctrl Pts',(-7.50000000000001,-71.7454559099136,-18.5996671293082));
#9458=CARTESIAN_POINT('',(4.49999999999999,-85.4044327203108,-0.161406739371177));
#9459=CARTESIAN_POINT('Origin',(268.2,-85.4044327203108,-0.161406739371178));
#9460=CARTESIAN_POINT('',(262.2,-83.790961044656,-18.60347238113));
#9461=CARTESIAN_POINT('',(200.775,-83.790961044656,-18.60347238113));
#9462=CARTESIAN_POINT('',(262.2,-85.4044327203108,-0.161406739371178));
#9463=CARTESIAN_POINT('Origin',(262.2,-73.4500963432099,0.884462173600721));
#9464=CARTESIAN_POINT('',(274.2,-71.7454559103718,-18.599667129322));
#9465=CARTESIAN_POINT('Ctrl Pts',(274.2,-71.7454559103718,-18.5996671293082));
#9466=CARTESIAN_POINT('Ctrl Pts',(274.200000000036,-74.4361777986999,-18.5996732908813));
#9467=CARTESIAN_POINT('Ctrl Pts',(272.63894446775,-78.9178357509146,-18.6007735491772));
#9468=CARTESIAN_POINT('Ctrl Pts',(267.59282765222,-82.9619164993488,-18.6029366725901));
#9469=CARTESIAN_POINT('Ctrl Pts',(263.999923157373,-83.790961044656,-18.60347238113));
#9470=CARTESIAN_POINT('Ctrl Pts',(262.2,-83.790961044656,-18.60347238113));
#9471=CARTESIAN_POINT('',(274.2,-73.4500963432099,0.884462173600721));
#9472=CARTESIAN_POINT('Origin',(274.2,-0.528644442894053,7.2642625427293));
#9473=CARTESIAN_POINT('',(274.2,-71.6579672513881,-18.5996670792217));
#9474=CARTESIAN_POINT('Ctrl Pts',(274.2,-71.6579672513882,-18.5996670792217));
#9475=CARTESIAN_POINT('Ctrl Pts',(274.2,-71.6871296307855,-18.5996670792217));
#9476=CARTESIAN_POINT('Ctrl Pts',(274.2,-71.7162920101614,-18.5996670625248));
#9477=CARTESIAN_POINT('Ctrl Pts',(274.2,-71.7454559103718,-18.5996671293082));
#9478=CARTESIAN_POINT('',(274.2,1.734156193259,-18.5996670792217));
#9479=CARTESIAN_POINT('',(274.2,-19.3143149536295,-18.5996670792217));
#9480=CARTESIAN_POINT('',(274.2,-0.528644442894053,7.2642625427293));
#9481=CARTESIAN_POINT('Origin',(268.2,-0.528644442894099,7.2642625427293));
#9482=CARTESIAN_POINT('',(274.199366956567,1.82164485678488,-18.5996672795937));
#9483=CARTESIAN_POINT('Ctrl Pts',(274.199366956567,1.82164485678488,-18.5996672795938));
#9484=CARTESIAN_POINT('Ctrl Pts',(274.199789007535,1.79248196894292,-18.5996670124171));
#9485=CARTESIAN_POINT('Ctrl Pts',(274.2,1.76331908110096,-18.5996670792217));
#9486=CARTESIAN_POINT('Ctrl Pts',(274.2,1.734156193259,-18.5996670792217));
#9487=CARTESIAN_POINT('',(268.2,7.75740813929736,-18.60347238113));
#9488=CARTESIAN_POINT('Ctrl Pts',(268.2,7.75740813929735,-18.60347238113));
#9489=CARTESIAN_POINT('Ctrl Pts',(269.526764441352,7.75740813929735,-18.60347238113));
#9490=CARTESIAN_POINT('Ctrl Pts',(271.731482361974,6.99230401434489,-18.6023851821576));
#9491=CARTESIAN_POINT('Ctrl Pts',(273.749992015763,4.50880376981186,-18.6002257484601));
#9492=CARTESIAN_POINT('Ctrl Pts',(274.186328490554,2.72257709326941,-18.5996755335107));
#9493=CARTESIAN_POINT('Ctrl Pts',(274.199366956567,1.82164485678488,-18.5996672795937));
#9494=CARTESIAN_POINT('',(268.2,5.44852374565642,7.78719699921525));
#9495=CARTESIAN_POINT('Origin',(-1.49999999999999,5.44852374565643,7.78719699921525));
#9496=CARTESIAN_POINT('',(-1.49999999999999,7.75740813929736,-18.60347238113));
#9497=CARTESIAN_POINT('',(65.925,7.75740813929736,-18.60347238113));
#9498=CARTESIAN_POINT('',(-1.49999999999999,5.44852374565643,7.78719699921525));
#9499=CARTESIAN_POINT('Origin',(-1.5,-0.528644442894052,7.2642625427293));
#9500=CARTESIAN_POINT('',(-7.49936695656718,1.82164485678494,-18.5996672795937));
#9501=CARTESIAN_POINT('Ctrl Pts',(-7.49936695656718,1.82164485678494,-18.5996672795938));
#9502=CARTESIAN_POINT('Ctrl Pts',(-7.47980925754784,3.17304321151173,-18.5996796604692));
#9503=CARTESIAN_POINT('Ctrl Pts',(-6.6633239664303,5.39251786428313,-18.6007914305716));
#9504=CARTESIAN_POINT('Ctrl Pts',(-4.15096728160993,7.35778141498088,-18.6029431640677));
#9505=CARTESIAN_POINT('Ctrl Pts',(-2.38450962756823,7.75740813929736,-18.60347238113));
#9506=CARTESIAN_POINT('Ctrl Pts',(-1.49999999999997,7.75740813929736,-18.60347238113));
#9507=CARTESIAN_POINT('',(-7.5,1.734156193259,-18.5996670792217));
#9508=CARTESIAN_POINT('Ctrl Pts',(-7.5,1.73415619325899,-18.5996670792217));
#9509=CARTESIAN_POINT('Ctrl Pts',(-7.5,1.76331908110097,-18.5996670792217));
#9510=CARTESIAN_POINT('Ctrl Pts',(-7.49978900753458,1.79248196894295,-18.5996670124171));
#9511=CARTESIAN_POINT('Ctrl Pts',(-7.49936695656718,1.82164485678492,-18.5996672795937));
#9512=CARTESIAN_POINT('',(-7.5,-0.528644442894052,7.2642625427293));
#9513=CARTESIAN_POINT('Origin',(-7.5,-79.4272645317604,0.361527717114769));
#9514=CARTESIAN_POINT('',(-7.5,-71.6579672513881,-18.5996670792217));
#9515=CARTESIAN_POINT('',(-7.5,-58.7636249980626,-18.5996670792217));
#9516=CARTESIAN_POINT('Ctrl Pts',(-7.5,-71.7454559099136,-18.5996671293082));
#9517=CARTESIAN_POINT('Ctrl Pts',(-7.5,-71.7162920098559,-18.5996670625248));
#9518=CARTESIAN_POINT('Ctrl Pts',(-7.5,-71.6871296306328,-18.5996670792217));
#9519=CARTESIAN_POINT('Ctrl Pts',(-7.5,-71.6579672513881,-18.5996670792217));
#9520=CARTESIAN_POINT('Origin',(261.2,-73.8538053019082,-19.5996670792218));
#9521=CARTESIAN_POINT('',(261.2,-76.8538053019083,-19.5996670792218));
#9522=CARTESIAN_POINT('Origin',(249.2,-76.8538053019083,-19.5996670792218));
#9523=CARTESIAN_POINT('Origin',(261.2,-2.005436117955,-19.5996670792217));
#9524=CARTESIAN_POINT('',(261.2,-5.00543611795499,-19.5996670792217));
#9525=CARTESIAN_POINT('Origin',(249.2,-5.005436117955,-19.5996670792217));
#9526=CARTESIAN_POINT('Origin',(17.5,-73.8538053019082,-19.5996670792218));
#9527=CARTESIAN_POINT('',(17.5,-76.8538053019082,-19.5996670792218));
#9528=CARTESIAN_POINT('Origin',(5.50000000000001,-76.8538053019083,-19.5996670792218));
#9529=CARTESIAN_POINT('Ctrl Pts',(-7.5,-71.6579672513881,-18.5996670792217));
#9530=CARTESIAN_POINT('Ctrl Pts',(-7.5,-71.6871296306328,-18.5996670792217));
#9531=CARTESIAN_POINT('Ctrl Pts',(-7.5,-71.7162920098559,-18.5996670625248));
#9532=CARTESIAN_POINT('Ctrl Pts',(-7.5,-71.7454559099136,-18.5996671293082));
#9533=CARTESIAN_POINT('Ctrl Pts',(-7.16666666666667,-71.6579672513881,-18.9330004125551));
#9534=CARTESIAN_POINT('Ctrl Pts',(-7.16666666666667,-71.6863257179047,-18.9330004125551));
#9535=CARTESIAN_POINT('Ctrl Pts',(-7.16663440875275,-71.7146841844065,-18.9330004014238));
#9536=CARTESIAN_POINT('Ctrl Pts',(-7.16656989378094,-71.743043429138,-18.933000445946));
#9537=CARTESIAN_POINT('Ctrl Pts',(-6.83333333333334,-71.6579672513881,-19.2663337458884));
#9538=CARTESIAN_POINT('Ctrl Pts',(-6.83333333333334,-71.6855218051766,-19.2663337458884));
#9539=CARTESIAN_POINT('Ctrl Pts',(-6.83326881750551,-71.7130763589571,-19.2663337403228));
#9540=CARTESIAN_POINT('Ctrl Pts',(-6.83313978756188,-71.7406309483623,-19.2663337625839));
#9541=CARTESIAN_POINT('Ctrl Pts',(-6.5,-71.6579672513881,-19.5996670792217));
#9542=CARTESIAN_POINT('Ctrl Pts',(-6.5,-71.6847178924486,-19.5996670792217));
#9543=CARTESIAN_POINT('Ctrl Pts',(-6.49990322625826,-71.7114685335077,-19.5996670792217));
#9544=CARTESIAN_POINT('Ctrl Pts',(-6.49970968134282,-71.7382184675867,-19.5996670792217));
#9545=CARTESIAN_POINT('',(-7.50000000000001,-71.7454559099136,-18.5996671293615));
#9546=CARTESIAN_POINT('',(-6.5,-71.6579672513882,-19.5996670792217));
#9547=CARTESIAN_POINT('Ctrl Pts',(4.49999999999999,-82.7038053019083,-19.5996670792217));
#9548=CARTESIAN_POINT('Ctrl Pts',(2.04387203142695,-82.7038053019083,-19.5996670792217));
#9549=CARTESIAN_POINT('Ctrl Pts',(-2.03547968472487,-81.2709872072639,-19.5996670792217));
#9550=CARTESIAN_POINT('Ctrl Pts',(-5.71796657630132,-76.6632273569828,-19.5996670792217));
#9551=CARTESIAN_POINT('Ctrl Pts',(-6.48780511121007,-73.383554722275,-19.5996670792217));
#9552=CARTESIAN_POINT('Ctrl Pts',(-6.49970968134282,-71.7382184675867,-19.5996670792217));
#9553=CARTESIAN_POINT('Ctrl Pts',(4.49999999999999,-83.0661905494909,-19.2676021798578));
#9554=CARTESIAN_POINT('Ctrl Pts',(1.96261977557635,-83.0661905494909,-19.2676021798578));
#9555=CARTESIAN_POINT('Ctrl Pts',(-2.25101289782458,-81.5812968030934,-19.2672353966051));
#9556=CARTESIAN_POINT('Ctrl Pts',(-6.04077109600649,-76.817824073351,-19.2665143508681));
#9557=CARTESIAN_POINT('Ctrl Pts',(-6.82520340750397,-73.4354599822418,-19.2663351318223));
#9558=CARTESIAN_POINT('Ctrl Pts',(-6.83313978756188,-71.7406309483623,-19.2663337625839));
#9559=CARTESIAN_POINT('Ctrl Pts',(4.49999999999999,-83.4285757970734,-18.9355372804939));
#9560=CARTESIAN_POINT('Ctrl Pts',(1.88136751972574,-83.4285757970734,-18.9355372804939));
#9561=CARTESIAN_POINT('Ctrl Pts',(-2.46654611092429,-81.8916063989229,-18.9348037139885));
#9562=CARTESIAN_POINT('Ctrl Pts',(-6.36357561571166,-76.9724207897192,-18.9333616225144));
#9563=CARTESIAN_POINT('Ctrl Pts',(-7.16260170379787,-73.4873652422086,-18.933003184423));
#9564=CARTESIAN_POINT('Ctrl Pts',(-7.16656989378095,-71.743043429138,-18.933000445946));
#9565=CARTESIAN_POINT('Ctrl Pts',(4.49999999999999,-83.790961044656,-18.60347238113));
#9566=CARTESIAN_POINT('Ctrl Pts',(1.80011526387515,-83.790961044656,-18.60347238113));
#9567=CARTESIAN_POINT('Ctrl Pts',(-2.682079324024,-82.2019159947524,-18.6023720313719));
#9568=CARTESIAN_POINT('Ctrl Pts',(-6.68638013541683,-77.1270175060875,-18.6002088941607));
#9569=CARTESIAN_POINT('Ctrl Pts',(-7.50000000009177,-73.5392705021755,-18.5996712370236));
#9570=CARTESIAN_POINT('Ctrl Pts',(-7.50000000000001,-71.7454559099136,-18.5996671293082));
#9571=CARTESIAN_POINT('',(4.49999999999999,-83.790961044656,-18.60347238113));
#9572=CARTESIAN_POINT('Origin',(200.775,-83.2473831732821,-19.1015697301759));
#9573=CARTESIAN_POINT('',(262.2,-82.7038053019083,-19.5996670792217));
#9574=CARTESIAN_POINT('Ctrl Pts',(273.19970968134,-71.738218468007,-19.5996670792217));
#9575=CARTESIAN_POINT('Ctrl Pts',(273.181852826048,-74.2062228499787,-19.5996670792217));
#9576=CARTESIAN_POINT('Ctrl Pts',(271.721682801011,-78.2937950711179,-19.5996670792217));
#9577=CARTESIAN_POINT('Ctrl Pts',(267.10618194528,-81.9553997768899,-19.5996670792217));
#9578=CARTESIAN_POINT('Ctrl Pts',(263.837418645676,-82.7038053019083,-19.5996670792217));
#9579=CARTESIAN_POINT('Ctrl Pts',(262.2,-82.7038053019083,-19.5996670792217));
#9580=CARTESIAN_POINT('Ctrl Pts',(273.53313978756,-71.7406309487953,-19.2663337625839));
#9581=CARTESIAN_POINT('Ctrl Pts',(273.521235217377,-74.2828744995524,-19.2663358164416));
#9582=CARTESIAN_POINT('Ctrl Pts',(272.027436689924,-78.5018086310501,-19.2667025692069));
#9583=CARTESIAN_POINT('Ctrl Pts',(267.268397180926,-82.2909053510429,-19.2674236103445));
#9584=CARTESIAN_POINT('Ctrl Pts',(263.891586816241,-83.0661905494909,-19.2676021798578));
#9585=CARTESIAN_POINT('Ctrl Pts',(262.2,-83.0661905494909,-19.2676021798578));
#9586=CARTESIAN_POINT('Ctrl Pts',(273.86656989378,-71.7430434295835,-18.933000445946));
#9587=CARTESIAN_POINT('Ctrl Pts',(273.860617608706,-74.3595261491261,-18.9330045536615));
#9588=CARTESIAN_POINT('Ctrl Pts',(272.333190578837,-78.7098221909824,-18.933738059192));
#9589=CARTESIAN_POINT('Ctrl Pts',(267.430612416573,-82.6264109251958,-18.9351801414673));
#9590=CARTESIAN_POINT('Ctrl Pts',(263.945754986807,-83.4285757970734,-18.9355372804939));
#9591=CARTESIAN_POINT('Ctrl Pts',(262.2,-83.4285757970734,-18.9355372804939));
#9592=CARTESIAN_POINT('Ctrl Pts',(274.2,-71.7454559103718,-18.5996671293082));
#9593=CARTESIAN_POINT('Ctrl Pts',(274.200000000036,-74.4361777986999,-18.5996732908813));
#9594=CARTESIAN_POINT('Ctrl Pts',(272.63894446775,-78.9178357509146,-18.6007735491772));
#9595=CARTESIAN_POINT('Ctrl Pts',(267.59282765222,-82.9619164993488,-18.6029366725901));
#9596=CARTESIAN_POINT('Ctrl Pts',(263.999923157373,-83.790961044656,-18.60347238113));
#9597=CARTESIAN_POINT('Ctrl Pts',(262.2,-83.790961044656,-18.60347238113));
#9598=CARTESIAN_POINT('',(273.19970968134,-71.738218468007,-19.5996670792217));
#9599=CARTESIAN_POINT('Ctrl Pts',(274.2,-71.7454559103718,-18.5996671293082));
#9600=CARTESIAN_POINT('Ctrl Pts',(274.2,-71.7162920101614,-18.5996670625248));
#9601=CARTESIAN_POINT('Ctrl Pts',(274.2,-71.6871296307855,-18.5996670792217));
#9602=CARTESIAN_POINT('Ctrl Pts',(274.2,-71.6579672513882,-18.5996670792217));
#9603=CARTESIAN_POINT('Ctrl Pts',(273.86656989378,-71.7430434295835,-18.933000445946));
#9604=CARTESIAN_POINT('Ctrl Pts',(273.866634408752,-71.7146841847035,-18.9330004014238));
#9605=CARTESIAN_POINT('Ctrl Pts',(273.866666666667,-71.6863257180532,-18.9330004125551));
#9606=CARTESIAN_POINT('Ctrl Pts',(273.866666666667,-71.6579672513882,-18.9330004125551));
#9607=CARTESIAN_POINT('Ctrl Pts',(273.53313978756,-71.7406309487953,-19.2663337625839));
#9608=CARTESIAN_POINT('Ctrl Pts',(273.533268817505,-71.7130763592457,-19.2663337403228));
#9609=CARTESIAN_POINT('Ctrl Pts',(273.533333333333,-71.6855218053209,-19.2663337458884));
#9610=CARTESIAN_POINT('Ctrl Pts',(273.533333333333,-71.6579672513882,-19.2663337458884));
#9611=CARTESIAN_POINT('Ctrl Pts',(273.19970968134,-71.738218468007,-19.5996670792217));
#9612=CARTESIAN_POINT('Ctrl Pts',(273.199903226257,-71.7114685337879,-19.5996670792217));
#9613=CARTESIAN_POINT('Ctrl Pts',(273.2,-71.6847178925887,-19.5996670792217));
#9614=CARTESIAN_POINT('Ctrl Pts',(273.2,-71.6579672513882,-19.5996670792217));
#9615=CARTESIAN_POINT('',(274.2,-71.6579672513881,-18.5996670792217));
#9616=CARTESIAN_POINT('Origin',(273.7,-19.3143149536295,-19.0996670792217));
#9617=CARTESIAN_POINT('',(273.2,1.734156193259,-19.5996670792217));
#9618=CARTESIAN_POINT('Ctrl Pts',(274.2,1.734156193259,-18.5996670792217));
#9619=CARTESIAN_POINT('Ctrl Pts',(274.2,1.76331908110096,-18.5996670792217));
#9620=CARTESIAN_POINT('Ctrl Pts',(274.199789007535,1.79248196894292,-18.5996670124171));
#9621=CARTESIAN_POINT('Ctrl Pts',(274.199366956567,1.82164485678488,-18.5996672795938));
#9622=CARTESIAN_POINT('Ctrl Pts',(273.866666666667,1.734156193259,-18.9330004125551));
#9623=CARTESIAN_POINT('Ctrl Pts',(273.866666666667,1.76331908110096,-18.9330004125551));
#9624=CARTESIAN_POINT('Ctrl Pts',(273.866526005023,1.79248196894292,-18.9330003680187));
#9625=CARTESIAN_POINT('Ctrl Pts',(273.866244637711,1.82164485678488,-18.9330005461364));
#9626=CARTESIAN_POINT('Ctrl Pts',(273.533333333333,1.734156193259,-19.2663337458884));
#9627=CARTESIAN_POINT('Ctrl Pts',(273.533333333333,1.76331908110096,-19.2663337458884));
#9628=CARTESIAN_POINT('Ctrl Pts',(273.533263002512,1.79248196894292,-19.2663337236202));
#9629=CARTESIAN_POINT('Ctrl Pts',(273.533122318856,1.82164485678488,-19.2663338126791));
#9630=CARTESIAN_POINT('Ctrl Pts',(273.2,1.734156193259,-19.5996670792217));
#9631=CARTESIAN_POINT('Ctrl Pts',(273.2,1.76331908110096,-19.5996670792217));
#9632=CARTESIAN_POINT('Ctrl Pts',(273.2,1.79248196894292,-19.5996670792217));
#9633=CARTESIAN_POINT('Ctrl Pts',(273.2,1.82164485678488,-19.5996670792217));
#9634=CARTESIAN_POINT('',(274.199366956567,1.82164485678488,-18.5996672795937));
#9635=CARTESIAN_POINT('Ctrl Pts',(268.2,6.84456388204501,-19.5996670792217));
#9636=CARTESIAN_POINT('Ctrl Pts',(269.321140206742,6.84456388204501,-19.5996670792217));
#9637=CARTESIAN_POINT('Ctrl Pts',(271.183006165629,6.18676743871875,-19.5996670792217));
#9638=CARTESIAN_POINT('Ctrl Pts',(272.857158024122,4.07476226257497,-19.5996670792217));
#9639=CARTESIAN_POINT('Ctrl Pts',(273.2,2.57364105763503,-19.5996670792217));
#9640=CARTESIAN_POINT('Ctrl Pts',(273.2,1.82164485678488,-19.5996670792217));
#9641=CARTESIAN_POINT('Ctrl Pts',(268.2,7.14884530112913,-19.2676021798578));
#9642=CARTESIAN_POINT('Ctrl Pts',(269.389681618279,7.14884530112913,-19.2676021798578));
#9643=CARTESIAN_POINT('Ctrl Pts',(271.365831564411,6.45527963059413,-19.2672397802004));
#9644=CARTESIAN_POINT('Ctrl Pts',(273.154769354669,4.21944276498727,-19.2665199689678));
#9645=CARTESIAN_POINT('Ctrl Pts',(273.528776163518,2.62328640284649,-19.2663365639847));
#9646=CARTESIAN_POINT('Ctrl Pts',(273.533122318856,1.82164485678488,-19.2663338126791));
#9647=CARTESIAN_POINT('Ctrl Pts',(268.2,7.45312672021324,-18.9355372804939));
#9648=CARTESIAN_POINT('Ctrl Pts',(269.458223029815,7.45312672021324,-18.9355372804939));
#9649=CARTESIAN_POINT('Ctrl Pts',(271.548656963192,6.72379182246951,-18.934812481179));
#9650=CARTESIAN_POINT('Ctrl Pts',(273.452380685216,4.36412326739956,-18.933372858714));
#9651=CARTESIAN_POINT('Ctrl Pts',(273.857552327036,2.67293174805795,-18.9330060487477));
#9652=CARTESIAN_POINT('Ctrl Pts',(273.866244637711,1.82164485678488,-18.9330005461364));
#9653=CARTESIAN_POINT('Ctrl Pts',(268.2,7.75740813929735,-18.60347238113));
#9654=CARTESIAN_POINT('Ctrl Pts',(269.526764441352,7.75740813929735,-18.60347238113));
#9655=CARTESIAN_POINT('Ctrl Pts',(271.731482361974,6.99230401434489,-18.6023851821576));
#9656=CARTESIAN_POINT('Ctrl Pts',(273.749992015763,4.50880376981186,-18.6002257484601));
#9657=CARTESIAN_POINT('Ctrl Pts',(274.186328490554,2.72257709326941,-18.5996755335107));
#9658=CARTESIAN_POINT('Ctrl Pts',(274.199366956567,1.82164485678488,-18.5996672795937));
#9659=CARTESIAN_POINT('',(268.2,6.84456388204501,-19.5996670792217));
#9660=CARTESIAN_POINT('Origin',(65.925,7.30098601067118,-19.1015697301759));
#9661=CARTESIAN_POINT('',(-1.49999999999999,6.84456388204501,-19.5996670792217));
#9662=CARTESIAN_POINT('Ctrl Pts',(-6.5,1.82164485678493,-19.5996670792217));
#9663=CARTESIAN_POINT('Ctrl Pts',(-6.5,2.94963915806016,-19.5996670792217));
#9664=CARTESIAN_POINT('Ctrl Pts',(-5.84385839245785,4.82278996472402,-19.5996670792217));
#9665=CARTESIAN_POINT('Ctrl Pts',(-3.73991813617524,6.50166071892359,-19.5996670792217));
#9666=CARTESIAN_POINT('Ctrl Pts',(-2.24742680449451,6.84456388204501,-19.5996670792217));
#9667=CARTESIAN_POINT('Ctrl Pts',(-1.49999999999999,6.84456388204501,-19.5996670792217));
#9668=CARTESIAN_POINT('Ctrl Pts',(-6.83312231885573,1.82164485678493,-19.2663338126791));
#9669=CARTESIAN_POINT('Ctrl Pts',(-6.82660308584928,3.02410717587735,-19.2663379396375));
#9670=CARTESIAN_POINT('Ctrl Pts',(-6.117013583782,5.01269926457706,-19.2667085296717));
#9671=CARTESIAN_POINT('Ctrl Pts',(-3.87693451798681,6.78703428427602,-19.2674257741704));
#9672=CARTESIAN_POINT('Ctrl Pts',(-2.29312107885241,7.14884530112913,-19.2676021798578));
#9673=CARTESIAN_POINT('Ctrl Pts',(-1.49999999999998,7.14884530112913,-19.2676021798578));
#9674=CARTESIAN_POINT('Ctrl Pts',(-7.16624463771146,1.82164485678493,-18.9330005461364));
#9675=CARTESIAN_POINT('Ctrl Pts',(-7.15320617169856,3.09857519369454,-18.9330088000534));
#9676=CARTESIAN_POINT('Ctrl Pts',(-6.39016877510615,5.20260856443009,-18.9337499801217));
#9677=CARTESIAN_POINT('Ctrl Pts',(-4.01395089979837,7.07240784962846,-18.935184469119));
#9678=CARTESIAN_POINT('Ctrl Pts',(-2.33881535321032,7.45312672021325,-18.9355372804939));
#9679=CARTESIAN_POINT('Ctrl Pts',(-1.49999999999998,7.45312672021324,-18.9355372804939));
#9680=CARTESIAN_POINT('Ctrl Pts',(-7.49936695656718,1.82164485678494,-18.5996672795938));
#9681=CARTESIAN_POINT('Ctrl Pts',(-7.47980925754784,3.17304321151173,-18.5996796604692));
#9682=CARTESIAN_POINT('Ctrl Pts',(-6.6633239664303,5.39251786428313,-18.6007914305716));
#9683=CARTESIAN_POINT('Ctrl Pts',(-4.15096728160993,7.35778141498088,-18.6029431640677));
#9684=CARTESIAN_POINT('Ctrl Pts',(-2.38450962756823,7.75740813929736,-18.60347238113));
#9685=CARTESIAN_POINT('Ctrl Pts',(-1.49999999999997,7.75740813929736,-18.60347238113));
#9686=CARTESIAN_POINT('',(-6.5,1.82164485678493,-19.5996670792217));
#9687=CARTESIAN_POINT('Ctrl Pts',(-7.49936695656718,1.82164485678492,-18.5996672795937));
#9688=CARTESIAN_POINT('Ctrl Pts',(-7.49978900753458,1.79248196894295,-18.5996670124171));
#9689=CARTESIAN_POINT('Ctrl Pts',(-7.5,1.76331908110097,-18.5996670792217));
#9690=CARTESIAN_POINT('Ctrl Pts',(-7.5,1.73415619325899,-18.5996670792217));
#9691=CARTESIAN_POINT('Ctrl Pts',(-7.16624463771145,1.82164485678492,-18.9330005461364));
#9692=CARTESIAN_POINT('Ctrl Pts',(-7.16652600502305,1.79248196894295,-18.9330003680186));
#9693=CARTESIAN_POINT('Ctrl Pts',(-7.16666666666666,1.76331908110097,-18.9330004125551));
#9694=CARTESIAN_POINT('Ctrl Pts',(-7.16666666666666,1.73415619325899,-18.9330004125551));
#9695=CARTESIAN_POINT('Ctrl Pts',(-6.83312231885572,1.82164485678492,-19.2663338126791));
#9696=CARTESIAN_POINT('Ctrl Pts',(-6.83326300251152,1.79248196894295,-19.2663337236202));
#9697=CARTESIAN_POINT('Ctrl Pts',(-6.83333333333332,1.76331908110097,-19.2663337458884));
#9698=CARTESIAN_POINT('Ctrl Pts',(-6.83333333333332,1.73415619325899,-19.2663337458884));
#9699=CARTESIAN_POINT('Ctrl Pts',(-6.49999999999999,1.82164485678492,-19.5996670792217));
#9700=CARTESIAN_POINT('Ctrl Pts',(-6.49999999999999,1.79248196894295,-19.5996670792217));
#9701=CARTESIAN_POINT('Ctrl Pts',(-6.49999999999999,1.76331908110097,-19.5996670792217));
#9702=CARTESIAN_POINT('Ctrl Pts',(-6.49999999999999,1.73415619325899,-19.5996670792217));
#9703=CARTESIAN_POINT('',(-7.5,1.734156193259,-18.5996670792217));
#9704=CARTESIAN_POINT('Origin',(-7.,-58.7636249980626,-19.0996670792217));
#9705=UNCERTAINTY_MEASURE_WITH_UNIT(LENGTH_MEASURE(0.01),#9709,
'DISTANCE_ACCURACY_VALUE',
'Maximum model space distance between geometric entities at asserted c
onnectivities');
#9706=UNCERTAINTY_MEASURE_WITH_UNIT(LENGTH_MEASURE(0.01),#9709,
'DISTANCE_ACCURACY_VALUE',
'Maximum model space distance between geometric entities at asserted c
onnectivities');
#9707=(
GEOMETRIC_REPRESENTATION_CONTEXT(3)
GLOBAL_UNCERTAINTY_ASSIGNED_CONTEXT((#9705))
GLOBAL_UNIT_ASSIGNED_CONTEXT((#9709,#9710,#9711))
REPRESENTATION_CONTEXT('','3D')
);
#9708=(
GEOMETRIC_REPRESENTATION_CONTEXT(3)
GLOBAL_UNCERTAINTY_ASSIGNED_CONTEXT((#9706))
GLOBAL_UNIT_ASSIGNED_CONTEXT((#9709,#9710,#9711))
REPRESENTATION_CONTEXT('','3D')
);
#9709=(
LENGTH_UNIT()
NAMED_UNIT(*)
SI_UNIT(.MILLI.,.METRE.)
);
#9710=(
NAMED_UNIT(*)
PLANE_ANGLE_UNIT()
SI_UNIT($,.RADIAN.)
);
#9711=(
NAMED_UNIT(*)
SI_UNIT($,.STERADIAN.)
SOLID_ANGLE_UNIT()
);
#9712=SHAPE_DEFINITION_REPRESENTATION(#9713,#9714);
#9713=PRODUCT_DEFINITION_SHAPE('',$,#9716);
#9714=SHAPE_REPRESENTATION('',(#4802),#9707);
#9715=PRODUCT_DEFINITION_CONTEXT('part definition',#9720,'design');
#9716=PRODUCT_DEFINITION(
'\X2\0441043E0440043E043A04300447043A0430\X0\ \X2\043104350437\X0\ \X2\043A0440043504410442043E0432\X0\ 
\X2\043F043B043504390442\X0\',
'\X2\0441043E0440043E043A04300447043A0430\X0\ \X2\043104350437\X0\ \X2\043A0440043504410442043E0432\X0\ 
\X2\043F043B043504390442\X0\ v48',#9717,#9715);
#9717=PRODUCT_DEFINITION_FORMATION('',$,#9722);
#9718=PRODUCT_RELATED_PRODUCT_CATEGORY(
'\X2\0441043E0440043E043A04300447043A0430\X0\ \X2\043104350437\X0\ \X2\043A0440043504410442043E0432\X0\ 
\X2\043F043B043504390442\X0\ v48',
'\X2\0441043E0440043E043A04300447043A0430\X0\ \X2\043104350437\X0\ \X2\043A0440043504410442043E0432\X0\ 
\X2\043F043B043504390442\X0\ v48',(#9722));
#9719=APPLICATION_PROTOCOL_DEFINITION('international standard',
'automotive_design',2009,#9720);
#9720=APPLICATION_CONTEXT(
'Core Data for Automotive Mechanical Design Process');
#9721=PRODUCT_CONTEXT('part definition',#9720,'mechanical');
#9722=PRODUCT('\X2\0441043E0440043E043A04300447043A0430\X0\ \X2\043104350437\X0\ 
\X2\043A0440043504410442043E0432\X0\ \X2\043F043B043504390442\X0\',
'\X2\0441043E0440043E043A04300447043A0430\X0\ \X2\043104350437\X0\ \X2\043A0440043504410442043E0432\X0\ 
\X2\043F043B043504390442\X0\ v48',$,(#9721));
#9723=PRESENTATION_STYLE_ASSIGNMENT((#9731));
#9724=PRESENTATION_STYLE_ASSIGNMENT((#9732));
#9725=PRESENTATION_STYLE_ASSIGNMENT((#9733));
#9726=PRESENTATION_STYLE_ASSIGNMENT((#9734));
#9727=PRESENTATION_STYLE_ASSIGNMENT((#9735));
#9728=PRESENTATION_STYLE_ASSIGNMENT((#9736));
#9729=PRESENTATION_STYLE_ASSIGNMENT((#9737));
#9730=PRESENTATION_STYLE_ASSIGNMENT((#9738));
#9731=SURFACE_STYLE_USAGE(.BOTH.,#9739);
#9732=SURFACE_STYLE_USAGE(.BOTH.,#9740);
#9733=SURFACE_STYLE_USAGE(.BOTH.,#9741);
#9734=SURFACE_STYLE_USAGE(.BOTH.,#9742);
#9735=SURFACE_STYLE_USAGE(.BOTH.,#9743);
#9736=SURFACE_STYLE_USAGE(.BOTH.,#9744);
#9737=SURFACE_STYLE_USAGE(.BOTH.,#9745);
#9738=SURFACE_STYLE_USAGE(.BOTH.,#9746);
#9739=SURFACE_SIDE_STYLE('',(#9747));
#9740=SURFACE_SIDE_STYLE('',(#9748));
#9741=SURFACE_SIDE_STYLE('',(#9749));
#9742=SURFACE_SIDE_STYLE('',(#9750));
#9743=SURFACE_SIDE_STYLE('',(#9751));
#9744=SURFACE_SIDE_STYLE('',(#9752));
#9745=SURFACE_SIDE_STYLE('',(#9753));
#9746=SURFACE_SIDE_STYLE('',(#9754));
#9747=SURFACE_STYLE_FILL_AREA(#9755);
#9748=SURFACE_STYLE_FILL_AREA(#9756);
#9749=SURFACE_STYLE_FILL_AREA(#9757);
#9750=SURFACE_STYLE_FILL_AREA(#9758);
#9751=SURFACE_STYLE_FILL_AREA(#9759);
#9752=SURFACE_STYLE_FILL_AREA(#9760);
#9753=SURFACE_STYLE_FILL_AREA(#9761);
#9754=SURFACE_STYLE_FILL_AREA(#9762);
#9755=FILL_AREA_STYLE('Nylon 12 (with Formlabs Fuse 1 3D Printer)',(#9763));
#9756=FILL_AREA_STYLE('Steel - Satin',(#9764));
#9757=FILL_AREA_STYLE('WHITE KEYCAPS',(#9765));
#9758=FILL_AREA_STYLE('sw',(#9766));
#9759=FILL_AREA_STYLE('Brass - Matte',(#9767));
#9760=FILL_AREA_STYLE('Aluminum - Anodized Rough (Blue)',(#9768));
#9761=FILL_AREA_STYLE('Aluminum - Anodized Glossy (Blue)',(#9769));
#9762=FILL_AREA_STYLE('CASE color',(#9770));
#9763=FILL_AREA_STYLE_COLOUR(
'Nylon 12 (with Formlabs Fuse 1 3D Printer)',#9771);
#9764=FILL_AREA_STYLE_COLOUR('Steel - Satin',#9772);
#9765=FILL_AREA_STYLE_COLOUR('WHITE KEYCAPS',#9773);
#9766=FILL_AREA_STYLE_COLOUR('sw',#9774);
#9767=FILL_AREA_STYLE_COLOUR('Brass - Matte',#9775);
#9768=FILL_AREA_STYLE_COLOUR('Aluminum - Anodized Rough (Blue)',#9776);
#9769=FILL_AREA_STYLE_COLOUR('Aluminum - Anodized Glossy (Blue)',#9777);
#9770=FILL_AREA_STYLE_COLOUR('CASE color',#9778);
#9771=COLOUR_RGB('Nylon 12 (with Formlabs Fuse 1 3D Printer)',0.866666666666667,
0.305882352941176,0.494117647058824);
#9772=COLOUR_RGB('Steel - Satin',0.627450980392157,0.627450980392157,0.627450980392157);
#9773=COLOUR_RGB('WHITE KEYCAPS',0.850980392156863,0.850980392156863,0.850980392156863);
#9774=COLOUR_RGB('sw',0.423529411764706,0.666666666666667,0.);
#9775=COLOUR_RGB('Brass - Matte',0.952941176470588,0.796078431372549,0.486274509803922);
#9776=COLOUR_RGB('Aluminum - Anodized Rough (Blue)',0.756862745098039,0.498039215686275,
0.109803921568627);
#9777=COLOUR_RGB('Aluminum - Anodized Glossy (Blue)',0.149019607843137,
0.415686274509804,0.647058823529412);
#9778=COLOUR_RGB('CASE color',0.905882352941176,0.658823529411765,0.705882352941177);
ENDSEC;
END-ISO-10303-21;
